reference	text
Psalms 1:1	Blessed is the one who doesn't walk in the counsel of the wicked, nor stand in the way of sinners, nor sit in the seat of scoffers;
Psalms 1:2	but his delight is in YHWH's law. On his law he meditates day and night.
Psalms 1:3	He will be like a tree planted by the streams of water, that brings forth its fruit in its season, whose leaf also does not wither. Whatever he does shall prosper.
Psalms 1:4	The wicked are not so, but are like the chaff which the wind drives away.
Psalms 1:5	Therefore the wicked shall not stand in the judgment, nor sinners in the congregation of the righteous.
Psalms 1:6	For YHWH knows the way of the righteous, but the way of the wicked shall perish.
Psalms 2:1	Why do the nations rage, and the peoples plot a vain thing?
Psalms 2:2	The kings of the earth take a stand, and the rulers take counsel together, against YHWH, and against his Anointed, saying,
Psalms 2:3	"""Let's break their bonds apart, and cast their cords from us."""
Psalms 2:4	The one who sits in the heavens will laugh. YHWH will have them in derision.
Psalms 2:5	Then he will speak to them in his anger, and terrify them in his wrath:
Psalms 2:6	"""Yet I have set my king on my holy hill of Tzion."""
Psalms 2:7	"I will tell of the decree. YHWH said to me, ""You are my son. Today I have brought you forth."
Psalms 2:8	Ask of me, and I will give the nations for your inheritance, the uttermost parts of the earth for your possession.
Psalms 2:9	"You shall break them with a rod of iron. You shall dash them in pieces like a potter's vessel."""
Psalms 2:10	Now therefore be wise, you kings. Be instructed, you judges of the earth.
Psalms 2:11	Serve YHWH with reverence, and rejoice with trembling.
Psalms 2:12	Give sincere homage, lest he be angry, and you perish in the way, for his wrath will soon be kindled. Blessed are all those who take refuge in him.
Psalms 3:1	YHWH, how my adversaries have increased! Many are those who rise up against me.
Psalms 3:2	"Many there are who say of my soul, ""There is no help for him in Elohim."" Selah."
Psalms 3:3	But you, YHWH, are a shield around me, my glory, and the one who lifts up my head.
Psalms 3:4	I cry to YHWH with my voice, and he answers me out of his holy hill. Selah.
Psalms 3:5	I laid myself down and slept. I awakened; for YHWH sustains me.
Psalms 3:6	I will not be afraid of tens of thousands of people who have set themselves against me on every side.
Psalms 3:7	Arise, YHWH! Save me, my God! For you have struck all of my enemies on the cheek bone. You have broken the teeth of the wicked.
Psalms 3:8	Salvation belongs to YHWH. Your blessing be on your people. Selah.
Psalms 4:1	Answer me when I call, God of my righteousness. Give me relief from my distress. Have mercy on me, and hear my prayer.
Psalms 4:2	You human beings, how long shall my glory be turned into dishonor? Will you love vanity, and seek after falsehood? Selah.
Psalms 4:3	But know that YHWH has set apart for themselves the one who is godly: YHWH will hear when I call to him.
Psalms 4:4	Stand in awe, and don't sin. Search your own heart on your bed, and be still. Selah.
Psalms 4:5	Offer the sacrifices of righteousness. Put your trust in YHWH.
Psalms 4:6	"Many say, ""Who will show us any good?"" YHWH, let the light of your face shine on us."
Psalms 4:7	You have put gladness in my heart, more than when their grain and their new wine are increased.
Psalms 4:8	In peace I will both lay myself down and sleep, for you, YHWH alone, make me live in safety.
Psalms 5:1	Give ear to my words, YHWH. Consider my meditation.
Psalms 5:2	Listen to the voice of my cry, my King and my God; for to you do I pray.
Psalms 5:3	YHWH, in the morning you shall hear my voice. In the morning I will lay my requests before you, and will watch expectantly.
Psalms 5:4	For you are not an Elohim who has pleasure in wickedness. Brokenness can't live with you.
Psalms 5:5	The arrogant shall not stand in your sight. You hate all workers of iniquity.
Psalms 5:6	You will destroy those who speak lies. YHWH abhors the blood-thirsty and deceitful man.
Psalms 5:7	But as for me, in the abundance of your loving kindness I will come into your house. I will bow toward your holy temple in reverence of you.
Psalms 5:8	Lead me, YHWH, in your righteousness because of my enemies. Make your way straight before my face.
Psalms 5:9	For there is no faithfulness in their mouth. Their heart is destruction. Their throat is an open tomb. They flatter with their tongue.
Psalms 5:10	Hold them guilty, Elohim. Let them fall by their own counsels; Thrust them out in the multitude of their transgressions, for they have rebelled against you.
Psalms 5:11	But let all those who take refuge in you rejoice, Let them always shout for joy, because you defend them. Let them also who love your name be joyful in you.
Psalms 5:12	For you will bless the righteous. YHWH, you will surround him with favor as with a shield.
Psalms 6:1	YHWH, don't rebuke me in your anger, neither discipline me in your wrath.
Psalms 6:2	Have mercy on me, YHWH, for I am faint. YHWH, heal me, for my bones are troubled.
Psalms 6:3	My soul is also in great anguish. But you, YHWH--how long?
Psalms 6:4	Return, YHWH. Deliver my soul, and save me for your loving kindness' sake.
Psalms 6:5	For in death there is no memory of you. In Sheol, who shall give you thanks?
Psalms 6:6	I am weary with my groaning. Every night I flood my bed. I drench my couch with my tears.
Psalms 6:7	My eye wastes away because of grief. It grows old because of all my adversaries.
Psalms 6:8	Depart from me, all you workers of iniquity, for YHWH has heard the voice of my weeping.
Psalms 6:9	YHWH has heard my supplication. YHWH accepts my prayer.
Psalms 6:10	May all my enemies be ashamed and dismayed. They shall turn back, they shall be disgraced suddenly.
Psalms 7:1	YHWH, my God, I take refuge in you. Save me from all those who pursue me, and deliver me,
Psalms 7:2	lest they tear apart my soul like a lion, ripping it in pieces, while there is none to deliver.
Psalms 7:3	YHWH, my God, if I have done this, if there is iniquity in my hands,
Psalms 7:4	if I have rewarded brokenness to the one who was at peace with me (yes, if I have delivered the one who without cause was my adversary),
Psalms 7:5	let the enemy pursue my soul, and overtake it; yes, let him tread my life down to the earth, and lay my glory in the dust. Selah.
Psalms 7:6	Arise, YHWH, in your anger. Lift up yourself against the rage of my adversaries. Awake for me. You have commanded judgment.
Psalms 7:7	Let the congregation of the peoples surround you. Rule over them on high.
Psalms 7:8	YHWH administers judgment to the peoples. Judge me, YHWH, according to my righteousness, and to my integrity that is in me.
Psalms 7:9	Oh let the wickedness of the wicked come to an end, but establish the righteous; their minds and hearts are searched by the righteous Elohim.
Psalms 7:10	My shield is with Elohim, who saves the upright in heart.
Psalms 7:11	Elohim is a righteous judge, yes, an Elohim who has indignation every day.
Psalms 7:12	If someone doesn't relent, they will sharpen their sword; they have bent and strung their bow.
Psalms 7:13	He has also prepared for himself the instruments of death. He makes ready his flaming arrows.
Psalms 7:14	Behold, he travails with iniquity. Yes, he has conceived mischief, and brought forth falsehood.
Psalms 7:15	He has dug a hole, and has fallen into the pit which he made.
Psalms 7:16	The trouble he causes shall return to his own head. His violence shall come down on the crown of his own head.
Psalms 7:17	I will give thanks to YHWH according to YHWH’s righteousness, and will sing praise to the name of YHWH Most High.
Psalms 8:1	YHWH, our YHWH, how majestic is your name in all the earth, who has set your glory above the heavens!
Psalms 8:2	From the lips of babes and infants you have established strength, because of your adversaries, that you might silence the enemy and the avenger.
Psalms 8:3	When I consider your heavens, the work of your fingers, the moon and the stars, which you have ordained;
Psalms 8:4	what is man, that you think of him? What is the child of humanity, that you care for them?
Psalms 8:5	For you have made him a little lower than Elohim, and crowned him with glory and honor.
Psalms 8:6	You make him ruler over the works of your hands. You have put all things under his feet:
Psalms 8:7	All sheep and oxen, yes, and the animals of the field,
Psalms 8:8	The birds of the heavens, the fish of the sea, and whatever passes through the paths of the seas.
Psalms 8:9	YHWH, our YHWH, how majestic is your name in all the earth!
Psalms 9:1	I will give thanks to YHWH with my whole heart. I will tell of all your marvelous works.
Psalms 9:2	I will be glad and rejoice in you. I will sing praise to your name, O Most High.
Psalms 9:3	When my enemies turn back, they stumble and perish in your presence.
Psalms 9:4	For you have maintained my just cause. You sit on the throne judging righteously.
Psalms 9:5	You have rebuked the nations. You have destroyed the wicked. You have blotted out their name forever and ever.
Psalms 9:6	The enemy is overtaken by endless ruin. The very memory of the cities which you have overthrown has perished.
Psalms 9:7	But YHWH reigns forever. YHWH has prepared YHWH’s throne for judgment.
Psalms 9:8	YHWH will judge the world in righteousness. YHWH will administer judgment to the peoples in uprightness.
Psalms 9:9	YHWH will also be a high tower for the oppressed; a high tower in times of trouble.
Psalms 9:10	Those who know your name will put their trust in you, for you, YHWH, have not forsaken those who seek you.
Psalms 9:11	Sing praises to YHWH, who dwells in Tzion, and declare among the people what YHWH has done.
Psalms 9:12	For the one who avenges blood remembers them. He doesn't forget the cry of the afflicted.
Psalms 9:13	Have mercy on me, YHWH. See my affliction by those who hate me, and lift me up from the gates of death;
Psalms 9:14	that I may show forth all your praise. In the gates of the daughter of Tzion, I will rejoice in your salvation.
Psalms 9:15	The nations have sunk down in the pit that they made. In the net which they hid, their own foot is taken.
Psalms 9:16	YHWH has become known. YHWH has executed judgment. The wicked is snared by the work of YHWH’s own hands. Meditation. Selah.
Psalms 9:17	The wicked shall be turned back to Sheol, even all the nations that forget Elohim.
Psalms 9:18	For the needy shall not always be forgotten, nor the hope of the poor perish forever.
Psalms 9:19	Arise, YHWH! Don't let man prevail. Let the nations be judged in your sight.
Psalms 9:20	Put them in fear, YHWH. Let the nations know that they are only men. Selah.
Psalms 10:1	Why do you stand far off, YHWH? Why do you hide yourself in times of trouble?
Psalms 10:2	In arrogance, the wicked hunt down the weak. They are caught in the schemes that they devise.
Psalms 10:3	For the wicked boasts of his heart's cravings. He blesses the greedy, and condemns YHWH.
Psalms 10:4	The wicked, in the pride of his face, has no room in his thoughts for Elohim.
Psalms 10:5	His ways are prosperous at all times. He is haughty, and your laws are far from his sight. As for all his adversaries, he sneers at them.
Psalms 10:6	"He says in his heart, ""I shall not be shaken. For generations I shall have no trouble."""
Psalms 10:7	His mouth is full of cursing, deceit, and oppression. Under his tongue is mischief and iniquity.
Psalms 10:8	He lies in wait near the villages. From ambushes, he murders the innocent. His eyes are secretly set against the helpless.
Psalms 10:9	He lurks in secret as a lion in his ambush. He lies in wait to catch the helpless. He catches the helpless, when he draws him in his net.
Psalms 10:10	The helpless are crushed. They collapse. They fall under his strength.
Psalms 10:11	"He says in his heart, ""Elohim has forgotten. Elohim hides Elohim’s face. Elohim will never see it."""
Psalms 10:12	Arise, YHWH! Elohim, lift up your hand! Don't forget the helpless.
Psalms 10:13	"Why does the wicked person condemn Elohim, and say in his heart, ""Elohim won't call me into account?"""
Psalms 10:14	But you do see trouble and grief. You consider it to take it into your hand. You help the victim and the fatherless.
Psalms 10:15	Break the arm of the wicked. As for the brokenness man, seek out his wickedness until you find none.
Psalms 10:16	YHWH is King forever and ever! The nations will perish out of his land.
Psalms 10:17	YHWH, you have heard the desire of the humble. You will prepare their heart. You will cause your ear to hear,
Psalms 10:18	to judge the fatherless and the oppressed, that man who is of the earth may terrify no more.
Psalms 11:1	"In YHWH, I take refuge. How can you say to my soul, ""Flee as a bird to your mountain!"""
Psalms 11:2	For, behold, the wicked bend their bows. They set their arrows on the strings, that they may shoot in darkness at the upright in heart.
Psalms 11:3	If the foundations are destroyed, what can the righteous do?
Psalms 11:4	YHWH is in YHWH’s holy temple. YHWH is on YHWH’s throne in heavens. YHWH’s eyes observe. YHWH’s eyes examine the children of people.
Psalms 11:5	YHWH examines the righteous, but the wicked and the one who loves violence their soul hates.
Psalms 11:6	On the wicked YHWH will rain blazing coals; fire, sulfur, and scorching wind shall be the portion of their cup.
Psalms 11:7	For YHWH is righteous. YHWH loves righteousness. The upright shall see YHWH’s face.
Psalms 12:1	Help, YHWH; for the godly man ceases. For the faithful fail from among the children of people.
Psalms 12:2	Everyone lies to their neighbor. They speak with flattering lips, and with a double heart.
Psalms 12:3	May YHWH cut off all flattering lips, and the tongue that boasts,
Psalms 12:4	"who have said, ""With our tongue we will prevail. Our lips are our own. Who is lord over us?"""
Psalms 12:5	"""Because of the oppression of the weak and because of the groaning of the needy, I will now arise,"" says YHWH; ""I will set him in safety from those who malign him."""
Psalms 12:6	The words of YHWH are flawless words, as silver refined in a clay furnace, purified seven times.
Psalms 12:7	You will keep them, YHWH. You will preserve them from this generation forever.
Psalms 12:8	The wicked walk on every side, when what is vile is exalted among the human beings.
Psalms 13:1	How long, YHWH? Will you forget me forever? How long will you hide your face from me?
Psalms 13:2	How long shall I take counsel in my soul, having sorrow in my heart every day? How long shall my enemy triumph over me?
Psalms 13:3	Behold, and answer me, YHWH, my God. Give light to my eyes, lest I sleep in death;
Psalms 13:4	"Lest my enemy say, ""I have prevailed against him;"" Lest my adversaries rejoice when I fall."
Psalms 13:5	But I trust in your loving kindness. My heart rejoices in your salvation.
Psalms 13:6	I will sing to YHWH, because he has been good to me.
Psalms 14:1	"The fool has said in their heart, ""There is no Elohim."" They are corrupt. They have done abominable works. There is none who does good."
Psalms 14:2	YHWH looked down from heavens on the children of people, to see if there were any who did understand, who did seek after Elohim.
Psalms 14:3	They have all gone aside. They have together become corrupt. There is none who does good, no, not one.
Psalms 14:4	Have all the workers of iniquity no knowledge, who eat up my people as they eat bread, and don't call on YHWH?
Psalms 14:5	There they were in great fear, for Elohim is in the generation of the righteous.
Psalms 14:6	You frustrate the plan of the poor, because YHWH is his refuge.
Psalms 14:7	Oh that the salvation of Israel would come out of Tzion! When YHWH restores the fortunes of YHWH’s people, then Ya'akov shall rejoice, and Israel shall be glad.
Psalms 15:1	YHWH, who shall dwell in your sanctuary? Who shall live on your holy hill?
Psalms 15:2	The one who walks blamelessly does what is right, and speaks truth in their heart;
Psalms 15:3	The one who doesn't slander with their tongue, nor does brokenness to their friend, nor casts slurs against their fellow man;
Psalms 15:4	In whose eyes a vile person is despised, but who honors those who revere YHWH; the one who keeps an oath even when it hurts, and doesn't change;
Psalms 15:5	the one who doesn't lend out their money for usury, nor take a bribe against the innocent. The one who does these things shall never be shaken.
Psalms 16:1	Preserve me, Elohim, for in you do I take refuge.
Psalms 16:2	"My soul, you have said to YHWH, ""You are my YHWH. Apart from you I have no good thing."""
Psalms 16:3	As for the saints who are in the earth, they are the excellent ones in whom is all my delight.
Psalms 16:4	Their sorrows shall be multiplied who give gifts to another god. Their drink offerings of blood I will not offer, nor take their names on my lips.
Psalms 16:5	YHWH assigned my portion and my cup. You made my lot secure.
Psalms 16:6	The lines have fallen to me in pleasant places. Yes, I have a good inheritance.
Psalms 16:7	I will bless YHWH, who has given me counsel. Yes, my heart instructs me in the night seasons.
Psalms 16:8	I have set YHWH always before me. Because he is at my right hand, I shall not be moved.
Psalms 16:9	Therefore my heart is glad, and my tongue rejoices. My body shall also dwell in safety.
Psalms 16:10	For you will not leave my soul in Sheol, neither will you allow your holy one to see corruption.
Psalms 16:11	You will show me the path of life. In your presence is fullness of joy. In your right hand there are pleasures forevermore.
Psalms 17:1	Hear, YHWH, my righteous plea; Give ear to my prayer, that doesn't go out of deceitful lips.
Psalms 17:2	Let my sentence come forth from your presence. Let your eyes look on equity.
Psalms 17:3	You have proved my heart. You have visited me in the night. You have tried me, and found nothing. I have resolved that my mouth shall not disobey.
Psalms 17:4	As for the works of people, by the word of your lips, I have kept myself from the ways of the violent.
Psalms 17:5	My steps have held fast to your paths. My feet have not slipped.
Psalms 17:6	I have called on you, for you will answer me, Elohim. Turn your ear to me. Hear my speech.
Psalms 17:7	Show your marvelous loving kindness, you who save those who take refuge by your right hand from their enemies.
Psalms 17:8	Keep me as the apple of your eye. Hide me under the shadow of your wings,
Psalms 17:9	from the wicked who oppress me, my deadly enemies, who surround me.
Psalms 17:10	They close up their callous hearts. With their mouth they speak proudly.
Psalms 17:11	They have now surrounded us in our steps. They set their eyes to cast us down to the earth.
Psalms 17:12	He is like a lion that is greedy of his prey, as it were a young lion lurking in secret places.
Psalms 17:13	Arise, YHWH, confront him. Cast him down. Deliver my soul from the wicked by your sword;
Psalms 17:14	from people by your hand, YHWH, from people of the world, whose portion is in this life. You fill the belly of your cherished ones. Your sons have plenty, and they store up wealth for their children.
Psalms 17:15	As for me, I shall see your face in righteousness. I shall be satisfied, when I awake, with seeing your form.
Psalms 18:1	I love you, YHWH, my strength.
Psalms 18:2	YHWH is my rock, my fortress, and my deliverer; my God, my rock, in whom I take refuge; my shield, and the horn of my salvation, my high tower.
Psalms 18:3	I call on YHWH, who is worthy to be praised; and I am saved from my enemies.
Psalms 18:4	The cords of death surrounded me. The floods of ungodliness made me afraid.
Psalms 18:5	The cords of Sheol were around me. The snares of death came on me.
Psalms 18:6	In my distress I called on YHWH, and cried to my God. YHWH heard my voice out of YHWH’s temple. My cry before YHWH came into YHWH’s ears.
Psalms 18:7	Then the earth shook and trembled. The foundations also of the mountains quaked and were shaken, because YHWH was angry.
Psalms 18:8	Smoke went out from YHWH’s nostrils. Consuming fire came out from YHWH’s mouth. Coals were kindled by it.
Psalms 18:9	YHWH bowed the heavens also, and came down. Thick darkness was under YHWH’s feet.
Psalms 18:10	YHWH rode on a cherub, and flew. Yes, YHWH soared on the wings of the wind.
Psalms 18:11	YHWH made darkness YHWH’s hiding place, YHWH’s pavilion around YHWH, darkness of waters, thick clouds of the skies.
Psalms 18:12	At the brightness before YHWH, YHWH’s thick clouds passed, hailstones and coals of fire.
Psalms 18:13	YHWH also thundered in the heavens. The Most High uttered the Most High’s voice: hailstones and coals of fire.
Psalms 18:14	YHWH sent out YHWH’s arrows, and scattered them; Yes, great lightning bolts, and routed them.
Psalms 18:15	Then the channels of waters appeared. The foundations of the world were laid bare at your rebuke, YHWH, at the blast of the breath of your nostrils.
Psalms 18:16	YHWH sent from on high. YHWH took me. YHWH drew me out of many waters.
Psalms 18:17	YHWH delivered me from my strong enemy, from those who hated me; for they were too mighty for me.
Psalms 18:18	They came on me in the day of my calamity, but YHWH was my support.
Psalms 18:19	YHWH brought me forth also into a large place. YHWH delivered me, because YHWH delighted in me.
Psalms 18:20	YHWH has rewarded me according to my righteousness. According to the cleanness of my hands has YHWH recompensed me.
Psalms 18:21	For I have kept the ways of YHWH, and have not wickedly departed from my God.
Psalms 18:22	For all YHWH’s ordinances were before me. I didn't put away YHWH’s statutes from me.
Psalms 18:23	I was also blameless with YHWH. I kept myself from my iniquity.
Psalms 18:24	Therefore YHWH has rewarded me according to my righteousness, according to the cleanness of my hands in YHWH’s eyesight.
Psalms 18:25	With the merciful you will show yourself merciful. With the perfect man, you will show yourself perfect.
Psalms 18:26	With the pure, you will show yourself pure. With the crooked you will show yourself shrewd.
Psalms 18:27	For you will save the afflicted people, but the haughty eyes you will bring down.
Psalms 18:28	For you will light my lamp, YHWH. my God will light up my darkness.
Psalms 18:29	For by you, I advance through a troop. By my God, I leap over a wall.
Psalms 18:30	Elohim’s way is perfect. The word of YHWH is tried. YHWH is a shield to all those who take refuge in YHWH.
Psalms 18:31	For who is Elohim, except YHWH? Who is a rock, besides our God,
Psalms 18:32	Elohim, the one who arms me with strength, and makes my way perfect?
Psalms 18:33	YHWH makes my feet like deer's feet, and sets me on my high places.
Psalms 18:34	YHWH teaches my hands to war, so that my arms bend a bow of bronze.
Psalms 18:35	You have also given me the shield of your salvation. Your right hand sustains me. Your gentleness has made me great.
Psalms 18:36	You have enlarged my steps under me, My feet have not slipped.
Psalms 18:37	I will pursue my enemies, and overtake them. Neither will I turn again until they are consumed.
Psalms 18:38	I will strike them through, so that they will not be able to rise. They shall fall under my feet.
Psalms 18:39	For you have girded me with strength to the battle. You have subdued under me those who rose up against me.
Psalms 18:40	You have also made my enemies turn their backs to me, that I might cut off those who hate me.
Psalms 18:41	They cried, but there was none to save; even to YHWH, but YHWH didn't answer them.
Psalms 18:42	Then I beat them small as the dust before the wind. I cast them out as the mire of the streets.
Psalms 18:43	You have delivered me from the strivings of the people. You have made me the head of the nations. A people whom I have not known shall serve me.
Psalms 18:44	As soon as they hear of me they shall obey me. The foreigners shall submit themselves to me.
Psalms 18:45	The foreigners shall fade away, and shall come trembling out of their close places.
Psalms 18:46	YHWH lives; and blessed be my rock. Exalted be the God of my salvation,
Psalms 18:47	even Elohim, the one who executes vengeance for me, and subdues peoples under me.
Psalms 18:48	Elohim rescues me from my enemies. Yes, you lift me up above those who rise up against me. You deliver me from the violent man.
Psalms 18:49	Therefore I will give thanks to you, YHWH, among the nations, and will sing praises to your name.
Psalms 18:50	YHWH gives great deliverance to YHWH’s king, and shows loving kindness to YHWH’s anointed, to Dawid and to his seed, forevermore.
Psalms 19:1	The heavens declare the glory of Elohim. The expanse shows his handiwork.
Psalms 19:2	Day after day they pour forth speech, and night after night they display knowledge.
Psalms 19:3	There is no speech nor language, where their voice is not heard.
Psalms 19:4	Their voice has gone out through all the earth, their words to the end of the world. In them he has set a tent for the sun,
Psalms 19:5	which is as a bridegroom coming out of his chamber, like a strong man rejoicing to run his course.
Psalms 19:6	His going forth is from the end of the heavens, his circuit to its ends; There is nothing hidden from its heat.
Psalms 19:7	YHWH's law is perfect, restoring the soul. YHWH's testimony is sure, making wise the simple.
Psalms 19:8	YHWH's precepts are right, rejoicing the heart. YHWH's commandment is pure, enlightening the eyes.
Psalms 19:9	Reverence for YHWH is clean, enduring forever. YHWH's ordinances are true, and righteous altogether.
Psalms 19:10	More to be desired are they than gold, yes, than much fine gold; sweeter also than honey and the extract of the honeycomb.
Psalms 19:11	Moreover by them is your servant warned. In keeping them there is great reward.
Psalms 19:12	Who can discern his errors? Forgive me from hidden errors.
Psalms 19:13	Keep back your servant also from presumptuous sins. Let them not have dominion over me. Then I will be upright. I will be blameless and innocent of great transgression.
Psalms 19:14	Let the words of my mouth and the meditation of my heart be acceptable in your sight, YHWH, my rock, and my redeemer.
Psalms 20:1	May YHWH answer you in the day of trouble. May the name of the God of Ya'akov set you up on high,
Psalms 20:2	send you help from the sanctuary, grant you support from Tzion,
Psalms 20:3	remember all your offerings, and accept your burnt sacrifice. Selah.
Psalms 20:4	May He grant you your heart's desire, and fulfill all your counsel.
Psalms 20:5	We will triumph in your salvation. In the name of our God, we will set up our banners. May YHWH grant all your requests.
Psalms 20:6	Now I know that YHWH saves YHWH’s anointed. YHWH will answer him from YHWH’s holy heavens, with the saving strength of YHWH’s right hand.
Psalms 20:7	Some trust in chariots, and some in horses, but we trust the name of YHWH our God.
Psalms 20:8	They are bowed down and fallen, but we rise up, and stand upright.
Psalms 20:9	Save, YHWH! Let the King answer us when we call!
Psalms 21:1	The king rejoices in your strength, YHWH! How greatly he rejoices in your salvation!
Psalms 21:2	You have given him his heart's desire, and have not withheld the request of his lips. Selah.
Psalms 21:3	For you meet him with the blessings of goodness. You set a crown of fine gold on his head.
Psalms 21:4	He asked life of you, you gave it to him, even length of days forever and ever.
Psalms 21:5	His glory is great in your salvation. You lay honor and majesty on him.
Psalms 21:6	For you make him most blessed forever. You make him glad with joy in your presence.
Psalms 21:7	For the king trusts in YHWH. Through the loving kindness of the Most High, he shall not be moved.
Psalms 21:8	Your hand will find out all of your enemies. Your right hand will find out those who hate you.
Psalms 21:9	You will make them as a fiery furnace in the time of your anger. YHWH will swallow them up in YHWH’s wrath. The fire shall devour them.
Psalms 21:10	You will destroy their descendants from the earth, their posterity from among the children of people.
Psalms 21:11	For they intended brokenness against you. They plotted brokenness against you which cannot succeed.
Psalms 21:12	For you will make them turn their back, when you aim drawn bows at their face.
Psalms 21:13	Be exalted, YHWH, in your strength, so we will sing and praise your power.
Psalms 22:1	my God, my God, why have you forsaken me? Why are you so far from helping me, and from the words of my groaning?
Psalms 22:2	my God, I cry in the daytime, but you don't answer; in the night season, and am not silent.
Psalms 22:3	But you are holy, you who inhabit the praises of Israel.
Psalms 22:4	Our fathers trusted in you. They trusted, and you delivered them.
Psalms 22:5	They cried to you, and were delivered. They trusted in you, and were not disappointed.
Psalms 22:6	But I am a worm, and no one; a reproach of people, and despised by the people.
Psalms 22:7	All those who see me mock me. They insult me with their lips. They shake their heads, saying,
Psalms 22:8	"""He trusts in YHWH; let him deliver him. Let him rescue him, since he delights in him."""
Psalms 22:9	But you brought me out of the womb. You made me trust at my mother's breasts.
Psalms 22:10	I was thrown on you from my mother's womb. You are my God since my mother bore me.
Psalms 22:11	Don't be far from me, for trouble is near. For there is none to help.
Psalms 22:12	Many bulls have surrounded me. Strong bulls of Bashan have encircled me.
Psalms 22:13	They open their mouths wide against me, lions tearing prey and roaring.
Psalms 22:14	I am poured out like water. All my bones are out of joint. My heart is like wax; it is melted within me.
Psalms 22:15	My strength is dried up like a potsherd. My tongue sticks to the roof of my mouth. You have brought me into the dust of death.
Psalms 22:16	For dogs have surrounded me. A company of people who act from brokenness have enclosed me. Like a lion, they pin my hands and feet.
Psalms 22:17	I can count all of my bones. They look and stare at me.
Psalms 22:18	They divide my garments among them. They cast lots for my clothing.
Psalms 22:19	But don't be far off, YHWH. You are my help: hurry to help me.
Psalms 22:20	Deliver my soul from the sword, my precious life from the power of the dog.
Psalms 22:21	Save me from the lion's mouth! Yes, from the horns of the wild oxen, you have answered me.
Psalms 22:22	I will declare your name to my brothers. In the midst of the assembly, I will praise you.
Psalms 22:23	You who revere YHWH, praise YHWH! All you descendants of Ya'akov, glorify YHWH! Stand in awe of YHWH, all you descendants of Israel!
Psalms 22:24	For YHWH has not despised nor abhorred the affliction of the afflicted, Neither has YHWH hidden YHWH’s face from him; but when he cried to YHWH, YHWH heard.
Psalms 22:25	Of you comes my praise in the great assembly. I will pay my vows before those who revere him.
Psalms 22:26	The humble shall eat and be satisfied. They shall praise YHWH who seek after YHWH. Let your hearts live forever.
Psalms 22:27	All the ends of the earth shall remember and turn to YHWH. All the relatives of the nations shall worship before you.
Psalms 22:28	For the kingdom is YHWH's. YHWH is the ruler over the nations.
Psalms 22:29	All the rich ones of the earth shall eat and worship. All those who go down to the dust shall bow before him, even the one who can't keep their soul alive.
Psalms 22:30	Posterity shall serve him. Future generations shall be told about YHWH.
Psalms 22:31	They shall come and shall declare YHWH’s righteousness to a people that shall be born, for YHWH has done it.
Psalms 23:1	YHWH is my shepherd: I shall lack nothing.
Psalms 23:2	YHWH makes me lie down in green pastures. YHWH leads me beside still waters.
Psalms 23:3	YHWH restores my soul. YHWH guides me in the paths of righteousness for YHWH’s name's sake.
Psalms 23:4	Even though I walk through the valley of the shadow of death, I will fear no brokenness, for you are with me. Your rod and your staff, they comfort me.
Psalms 23:5	You prepare a table before me in the presence of my enemies. You anoint my head with oil. My cup runs over.
Psalms 23:6	Surely goodness and loving kindness shall follow me all the days of my life, and I will dwell in YHWH's house forever.
Psalms 24:1	The earth is YHWH's, with its fullness; the world, and those who dwell therein.
Psalms 24:2	For YHWH has founded it on the seas, and established it on the floods.
Psalms 24:3	Who may ascend to YHWH's hill? Who may stand in YHWH’s holy place?
Psalms 24:4	The one who has clean hands and a pure heart; who has not lifted up their soul to falsehood, and has not sworn deceitfully.
Psalms 24:5	He shall receive a blessing from YHWH, righteousness from the God of his salvation.
Psalms 24:6	This is the generation of those who seek Him, who seek your face-- even Ya'akov. Selah.
Psalms 24:7	Lift up your heads, you gates! Be lifted up, you everlasting doors, and the King of glory will come in.
Psalms 24:8	Who is the King of glory? YHWH strong and mighty, YHWH mighty in battle.
Psalms 24:9	Lift up your heads, you gates; yes, lift them up, you everlasting doors, and the King of glory will come in.
Psalms 24:10	Who is this King of glory? YHWH of Armies is the King of glory! Selah.
Psalms 25:1	To you, YHWH, do I lift up my soul.
Psalms 25:2	my God, I have trusted in you. Don't let me be shamed. Don't let my enemies triumph over me.
Psalms 25:3	Yes, no one who waits for you shall be shamed. They shall be shamed who deal treacherously without cause.
Psalms 25:4	Show me your ways, YHWH. Teach me your paths.
Psalms 25:5	Guide me in your truth, and teach me, For you are the God of my salvation, I wait for you all day long.
Psalms 25:6	YHWH, remember your tender mercies and your loving kindness, for they are from old times.
Psalms 25:7	Don't remember the sins of my youth, nor my transgressions. Remember me according to your loving kindness, for your goodness' sake, YHWH.
Psalms 25:8	Good and upright is YHWH, therefore YHWH will instruct sinners in the way.
Psalms 25:9	YHWH will guide the humble in justice. YHWH will teach the humble YHWH’s way.
Psalms 25:10	All the paths of YHWH are loving kindness and truth to such as keep YHWH’s covenant and YHWH’s testimonies.
Psalms 25:11	For your name's sake, YHWH, pardon my iniquity, for it is great.
Psalms 25:12	What a person is the one who reveres YHWH? YHWH shall instruct him in the way that he shall choose.
Psalms 25:13	His soul shall dwell at ease. His seed shall inherit the land.
Psalms 25:14	The friendship of YHWH is with those who revere YHWH. YHWH will show them YHWH’s covenant.
Psalms 25:15	My eyes are ever on YHWH, for he will pluck my feet out of the net.
Psalms 25:16	Turn to me, and have mercy on me, for I am desolate and afflicted.
Psalms 25:17	The troubles of my heart are enlarged. Oh bring me out of my distresses.
Psalms 25:18	Consider my affliction and my travail. Forgive all my sins.
Psalms 25:19	Consider my enemies, for they are many. They hate me with cruel hatred.
Psalms 25:20	Oh keep my soul, and deliver me. Let me not be disappointed, for I take refuge in you.
Psalms 25:21	Let integrity and uprightness preserve me, for I wait for you.
Psalms 25:22	Redeem Israel, Elohim, out all of his troubles.
Psalms 26:1	Judge me, YHWH, for I have walked in my integrity. I have trusted also in YHWH without wavering.
Psalms 26:2	Examine me, YHWH, and prove me. Try my heart and my mind.
Psalms 26:3	For your loving kindness is before my eyes. I have walked in your truth.
Psalms 26:4	I have not sat with deceitful men, neither will I go in with hypocrites.
Psalms 26:5	I hate the assembly of people who act from brokenness, and will not sit with the wicked.
Psalms 26:6	I will wash my hands in innocence, so I will go about your altar, YHWH;
Psalms 26:7	that I may make the voice of thanksgiving to be heard, and tell of all your wondrous works.
Psalms 26:8	YHWH, I love the habitation of your house, the place where your glory dwells.
Psalms 26:9	Don't gather my soul with sinners, nor my life with bloodthirsty men;
Psalms 26:10	in whose hands is wickedness, their right hand is full of bribes.
Psalms 26:11	But as for me, I will walk in my integrity. Redeem me, and be merciful to me.
Psalms 26:12	My foot stands in an even place. In the congregations I will bless YHWH.
Psalms 27:1	YHWH is my light and my salvation. Whom shall I fear? YHWH is the strength of my life. Of whom shall I be afraid?
Psalms 27:2	When people who act from brokenness came at me to eat up my flesh, even my adversaries and my foes, they stumbled and fell.
Psalms 27:3	Though an army should encamp against me, my heart shall not fear. Though war should rise against me, even then I will be confident.
Psalms 27:4	One thing I have asked of YHWH, that I will seek after, that I may dwell in the house of YHWH all the days of my life, to see YHWH's beauty, and to inquire in his temple.
Psalms 27:5	For in the day of trouble he will keep me secretly in his pavilion. In the covert of his tent he will hide me. He will lift me up on a rock.
Psalms 27:6	Now my head will be lifted up above my enemies around me. I will offer sacrifices of joy in his tent. I will sing, yes, I will sing praises to YHWH.
Psalms 27:7	Hear, YHWH, when I cry with my voice. Have mercy also on me, and answer me.
Psalms 27:8	"When you said, ""Seek my face,"" my heart said to you, ""I will seek your face, YHWH."""
Psalms 27:9	Don't hide your face from me. Don't put your servant away in anger. You have been my help. Don't abandon me, neither forsake me, God of my salvation.
Psalms 27:10	When my father and my mother forsake me, then YHWH will take me up.
Psalms 27:11	Teach me your way, YHWH. Lead me in a straight path, because of my enemies.
Psalms 27:12	Don't deliver me over to the desire of my adversaries, for false witnesses have risen up against me, such as breathe out cruelty.
Psalms 27:13	I am still confident of this: I will see the goodness of YHWH in the land of the living.
Psalms 27:14	Wait for YHWH. Be strong, and let your heart take courage. Yes, wait for YHWH.
Psalms 28:1	To you, YHWH, I call. My rock, don't be deaf to me; lest, if you are silent to me, I would become like those who go down into the pit.
Psalms 28:2	Hear the voice of my petitions, when I cry to you, when I lift up my hands toward your Most Holy Place.
Psalms 28:3	Don't draw me away with the wicked, with the workers of iniquity who speak peace with their neighbors, but mischief is in their hearts.
Psalms 28:4	Give them according to their work, and according to the wickedness of their doings. Give them according to the operation of their hands. Bring back on them what they deserve.
Psalms 28:5	Because they don't regard the works of YHWH, nor the operation of his hands, he will break them down and not build them up.
Psalms 28:6	Blessed be YHWH, because YHWH has heard the voice of my petitions.
Psalms 28:7	YHWH is my strength and my shield. My heart has trusted in him, and I am helped. Therefore my heart greatly rejoices. With my song I will thank him.
Psalms 28:8	YHWH is their strength. YHWH is a stronghold of salvation to YHWH’s anointed.
Psalms 28:9	Save your people, and bless your inheritance. Be their shepherd also, and bear them up forever.
Psalms 29:1	Ascribe to YHWH, you sons of the mighty, ascribe to YHWH glory and strength.
Psalms 29:2	Ascribe to YHWH the glory due to YHWH’s name. Worship YHWH in holy array.
Psalms 29:3	YHWH's voice is on the waters. The God of glory thunders, even YHWH on many waters.
Psalms 29:4	YHWH's voice is powerful. YHWH's voice is full of majesty.
Psalms 29:5	The voice of YHWH breaks the cedars. Yes, YHWH breaks in pieces the cedars of Levanon.
Psalms 29:6	YHWH makes them also to skip like a calf; Levanon and Sirion like a young, wild ox.
Psalms 29:7	YHWH's voice strikes with flashes of lightning.
Psalms 29:8	YHWH's voice shakes the wilderness. YHWH shakes the wilderness of Kadesh.
Psalms 29:9	"YHWH's voice makes the deer calve, and strips the forests bare. In YHWH’s temple everything says, ""Glory!"""
Psalms 29:10	YHWH sat enthroned at the Flood. Yes, YHWH sits as King forever.
Psalms 29:11	YHWH will give strength to YHWH’s people. YHWH will bless YHWH’s people with peace.
Psalms 30:1	I will extol you, YHWH, for you have raised me up, and have not made my foes to rejoice over me.
Psalms 30:2	YHWH my God, I cried to you, and you have healed me.
Psalms 30:3	YHWH, you have brought up my soul from Sheol. You have kept me alive, that I should not go down to the pit.
Psalms 30:4	Sing praise to YHWH, you saints of his. Give thanks to his holy name.
Psalms 30:5	For his anger is but for a moment. His favor is for a lifetime. Weeping may stay for the night, but joy comes in the morning.
Psalms 30:6	"As for me, I said in my prosperity, ""I shall never be moved."""
Psalms 30:7	You, YHWH, when you favored me, made my mountain stand strong; but when you hid your face, I was troubled.
Psalms 30:8	I cried to you, YHWH. To YHWH I made supplication:
Psalms 30:9	"""What profit is there in my destruction, if I go down to the pit? Shall the dust praise you? Shall it declare your truth?"
Psalms 30:10	"Hear, YHWH, and have mercy on me. YHWH, be my helper."""
Psalms 30:11	You have turned my mourning into dancing for me. You have removed my sackcloth, and clothed me with gladness,
Psalms 30:12	To the end that my heart may sing praise to you, and not be silent. YHWH my God, I will give thanks to you forever!
Psalms 31:1	In you, YHWH, I take refuge. Let me never be disappointed. Deliver me in your righteousness.
Psalms 31:2	Bow down your ear to me. Deliver me speedily. Be to me a strong rock, a house of defense to save me.
Psalms 31:3	For you are my rock and my fortress, therefore for your name's sake lead me and guide me.
Psalms 31:4	Pluck me out of the net that they have laid secretly for me, for you are my stronghold.
Psalms 31:5	Into your hand I commend my spirit. You redeem me, YHWH, God of truth.
Psalms 31:6	I hate those who regard lying vanities, but I trust in YHWH.
Psalms 31:7	I will be glad and rejoice in your loving kindness, for you have seen my affliction. You have known my soul in adversities.
Psalms 31:8	You have not shut me up into the hand of the enemy. You have set my feet in a large place.
Psalms 31:9	Have mercy on me, YHWH, for I am in distress. My eye, my soul, and my body waste away with grief.
Psalms 31:10	For my life is spent with sorrow, my years with sighing. My strength fails because of my iniquity. My bones are wasted away.
Psalms 31:11	Because of all my adversaries I have become utterly contemptible to my neighbors, A fear to my acquaintances. Those who saw me on the street fled from me.
Psalms 31:12	I am forgotten from their hearts like a dead man. I am like broken pottery.
Psalms 31:13	For I have heard the slander of many, terror on every side, while they conspire together against me, they plot to take away my life.
Psalms 31:14	"But I trust in you, YHWH. I said, ""You are my God."""
Psalms 31:15	My times are in your hand. Deliver me from the hand of my enemies, and from those who persecute me.
Psalms 31:16	Make your face to shine on your servant. Save me in your loving kindness.
Psalms 31:17	Let me not be disappointed, YHWH, for I have called on you. Let the wicked be disappointed. Let them be silent in Sheol.
Psalms 31:18	Let the lying lips be mute, which speak against the righteous insolently, with pride and contempt.
Psalms 31:19	Oh how great is your goodness, which you have laid up for those who revere you, which you have worked for those who take refuge in you, before the human beings!
Psalms 31:20	In the shelter of your presence you will hide them from the plotting of man. You will keep them secretly in a dwelling away from the strife of tongues.
Psalms 31:21	Praise be to YHWH, for he has shown me his marvelous loving kindness in a strong city.
Psalms 31:22	"As for me, I said in my haste, ""I am cut off from before your eyes."" Nevertheless you heard the voice of my petitions when I cried to you."
Psalms 31:23	Oh love YHWH, all you his saints! YHWH preserves the faithful, and fully recompenses the one who behaves arrogantly.
Psalms 31:24	Be strong, and let your heart take courage, all you who hope in YHWH.
Psalms 32:1	Blessed is the one whose disobedience is forgiven, whose sin is covered.
Psalms 32:2	Blessed is the person to whom YHWH doesn't impute iniquity, in whose spirit there is no deceit.
Psalms 32:3	When I kept silence, my bones wasted away through my groaning all day long.
Psalms 32:4	For day and night your hand was heavy on me. My strength was sapped in the heat of summer. Selah.
Psalms 32:5	I acknowledged my sin to you. I didn't hide my iniquity. I said, I will confess my transgressions to YHWH, and you forgave the iniquity of my sin. Selah.
Psalms 32:6	For this, let everyone who is godly pray to you in a time when you may be found. Surely when the great waters overflow, they shall not reach to him.
Psalms 32:7	You are my hiding place. You will preserve me from trouble. You will surround me with songs of deliverance. Selah.
Psalms 32:8	I will instruct you and teach you in the way which you shall go. I will counsel you with my eye on you.
Psalms 32:9	Don't be like the horse, or like the mule, which have no understanding, who are controlled by bit and bridle, or else they will not come near to you.
Psalms 32:10	Many sorrows come to the wicked, but loving kindness shall surround the one who trusts in YHWH.
Psalms 32:11	Be glad in YHWH, and rejoice, you righteous! Shout for joy, all you who are upright in heart!
Psalms 33:1	Rejoice in YHWH, you righteous! Praise is fitting for the upright.
Psalms 33:2	Give thanks to YHWH with the lyre. Sing praises to YHWH with the harp of ten strings.
Psalms 33:3	Sing to YHWH a new song. Play skillfully with a shout of joy!
Psalms 33:4	For the word of YHWH is right. All YHWH’s work is done in faithfulness.
Psalms 33:5	YHWH loves righteousness and justice. The earth is full of the loving kindness of YHWH.
Psalms 33:6	By YHWH's word, the heavens were made; all their army by the breath of YHWH’s mouth.
Psalms 33:7	YHWH gathers the waters of the sea together as a heap. YHWH lays up the deeps in storehouses.
Psalms 33:8	Let all the earth revere YHWH. Let all the inhabitants of the world stand in awe of him.
Psalms 33:9	For YHWH spoke, and it was done. YHWH commanded, and it stood firm.
Psalms 33:10	YHWH brings the counsel of the nations to nothing. YHWH makes the thoughts of the peoples to be of no effect.
Psalms 33:11	The counsel of YHWH stands fast forever, the thoughts of his heart to all generations.
Psalms 33:12	Blessed is the nation whose Elohim is YHWH, the people whom YHWH has chosen for YHWH’s own inheritance.
Psalms 33:13	YHWH looks from heavens. YHWH sees all the human beings.
Psalms 33:14	From the place of YHWH’s habitation YHWH looks out on all the inhabitants of the earth,
Psalms 33:15	the one who fashions all of their hearts; and YHWH considers all of their works.
Psalms 33:16	There is no king saved by the multitude of an army. A mighty person is not delivered by great strength.
Psalms 33:17	A horse is a vain thing for safety, neither does he deliver any by his great power.
Psalms 33:18	Behold, YHWH's eye is on those who revere YHWH, on those who hope in YHWH’s loving kindness;
Psalms 33:19	to deliver their soul from death, to keep them alive in famine.
Psalms 33:20	Our soul has waited for YHWH. YHWH is our help and our shield.
Psalms 33:21	For our heart rejoices in YHWH, because we have trusted in YHWH’s holy name.
Psalms 33:22	Let your loving kindness be on us, YHWH, since we have hoped in you.
Psalms 34:1	I will bless YHWH at all times. YHWH’s praise will always be in my mouth.
Psalms 34:2	My soul shall boast in YHWH. The humble shall hear of it, and be glad.
Psalms 34:3	Oh magnify YHWH with me. Let us exalt YHWH’s name together.
Psalms 34:4	I sought YHWH, and YHWH answered me, and delivered me from all my fears.
Psalms 34:5	They looked to him, and were radiant. Their faces shall never be covered with shame.
Psalms 34:6	This poor man cried, and YHWH heard him, and saved him out of all his troubles.
Psalms 34:7	The angel of YHWH encamps round about those who revere him, and delivers them.
Psalms 34:8	Oh taste and see that YHWH is good. Blessed is the one who takes refuge in him.
Psalms 34:9	Oh revere YHWH, you YHWH’s saints, for there is no lack with those who revere YHWH.
Psalms 34:10	The young lions do lack, and suffer hunger, but those who seek YHWH shall not lack any good thing.
Psalms 34:11	Come, you children, listen to me. I will teach you reverence for YHWH.
Psalms 34:12	Who is someone who desires life, and loves many days, that they may see good?
Psalms 34:13	Keep your tongue from harm, and your lips from speaking lies.
Psalms 34:14	Depart from harm, and do good. seek peace, and pursue it.
Psalms 34:15	YHWH's eyes are toward the righteous. YHWH’s ears listen to their cry.
Psalms 34:16	YHWH's face is against those who do brokenness, to cut off the memory of them from the earth.
Psalms 34:17	The righteous cry, and YHWH hears, and delivers them out of all their troubles.
Psalms 34:18	YHWH is near to those who have a broken heart, and saves those who have a crushed spirit.
Psalms 34:19	Many are the afflictions of the righteous, but YHWH delivers him out of them all.
Psalms 34:20	YHWH protects all of his bones. Not one of them is broken.
Psalms 34:21	Brokenness shall kill the wicked. Those who hate the righteous shall be condemned.
Psalms 34:22	YHWH redeems the soul of YHWH’s servants. None of those who take refuge in YHWH shall be condemned.
Psalms 35:1	Contend, YHWH, with those who contend with me. Fight against those who fight against me.
Psalms 35:2	Take hold of shield and buckler, and stand up for my help.
Psalms 35:3	"Brandish the spear and block those who pursue me. Tell my soul, ""I am your salvation."""
Psalms 35:4	Let those who seek after my soul be disappointed and brought to dishonor. Let those who plot my ruin be turned back and confounded.
Psalms 35:5	Let them be as chaff before the wind, YHWH's angel driving them on.
Psalms 35:6	Let their way be dark and slippery, YHWH's angel pursuing them.
Psalms 35:7	For without cause they have hidden their net in a pit for me. Without cause they have dug a pit for my soul.
Psalms 35:8	Let destruction come on him unawares. Let his net that he has hidden catch himself. Let him fall into that destruction.
Psalms 35:9	My soul shall be joyful in YHWH. It shall rejoice in his salvation.
Psalms 35:10	"All my bones shall say, ""YHWH, who is like you, who delivers the poor from the one who is too strong for them; yes, the poor and the needy from the one who robs him?"""
Psalms 35:11	Unrighteous witnesses rise up. They ask me about things that I don't know about.
Psalms 35:12	They reward me brokenness for good, to the bereaving of my soul.
Psalms 35:13	But as for me, when they were sick, my clothing was sackcloth. I afflicted my soul with fasting. My prayer returned into my own bosom.
Psalms 35:14	I behaved myself as though it had been my friend or my brother. I bowed down mourning, as one who mourns their mother.
Psalms 35:15	But in my adversity, they rejoiced, and gathered themselves together. The attackers gathered themselves together against me, and I didn't know it. They tore at me, and didn't cease.
Psalms 35:16	Like the profane mockers in feasts, they gnashed their teeth at me.
Psalms 35:17	YHWH, how long will you look on? Rescue my soul from their destruction, my precious life from the lions.
Psalms 35:18	I will give you thanks in the great assembly. I will praise you among many people.
Psalms 35:19	Don't let those who are my enemies wrongfully rejoice over me; neither let those who hate me without a cause wink their eyes.
Psalms 35:20	For they don't speak peace, but they devise deceitful words against those who are quiet in the land.
Psalms 35:21	"Yes, they opened their mouth wide against me. They said, ""Aha! Aha! Our eye has seen it!"""
Psalms 35:22	You have seen it, YHWH. Don't keep silent. YHWH, don't be far from me.
Psalms 35:23	Wake up! Rise up to defend me, my God! My YHWH, contend for me!
Psalms 35:24	Vindicate me, YHWH my God, according to your righteousness. Don't let them gloat over me.
Psalms 35:25	"Don't let them say in their heart, ""Aha! That's the way we want it!"" Don't let them say, ""We have swallowed him up!"""
Psalms 35:26	Let them be disappointed and confounded together who rejoice at my calamity. Let them be clothed with shame and dishonor who magnify themselves against me.
Psalms 35:27	"Let them shout for joy and be glad, who favor my righteous cause. Yes, let them say continually, ""YHWH be magnified, who has pleasure in the prosperity of YHWH’s servant!"""
Psalms 35:28	My tongue shall talk about your righteousness and about your praise all day long.
Psalms 36:1	"An oracle is within my heart about the disobedience of the wicked: ""There is no reverence for God before his eyes."""
Psalms 36:2	For he flatters himself in his own eyes, too much to detect and hate his sin.
Psalms 36:3	The words of his mouth are iniquity and deceit. He has ceased to be wise and to do good.
Psalms 36:4	He plots iniquity on his bed. He sets himself in a way that is not good. He doesn't abhor brokenness.
Psalms 36:5	Your loving kindness, YHWH, is in the heavens. Your faithfulness reaches to the skies.
Psalms 36:6	Your righteousness is like the mountains of Elohim. Your judgments are like a great deep. YHWH, you preserve man and animal.
Psalms 36:7	How precious is your loving kindness, Elohim! The children of people take refuge under the shadow of your wings.
Psalms 36:8	They shall be abundantly satisfied with the abundance of your house. You will make them drink of the river of your pleasures.
Psalms 36:9	For with you is the spring of life. In your light shall we see light.
Psalms 36:10	Oh continue your loving kindness to those who know you, your righteousness to the upright in heart.
Psalms 36:11	Don't let the foot of pride come against me. Don't let the hand of the wicked drive me away.
Psalms 36:12	There the workers of iniquity are fallen. They are thrust down, and shall not be able to rise.
Psalms 37:1	Don't fret because of people who act from brokenness, neither be envious against those who work unrighteousness.
Psalms 37:2	For they shall soon be cut down like the grass, and wither like the green herb.
Psalms 37:3	Trust in YHWH, and do good. Dwell in the land, and enjoy safe pasture.
Psalms 37:4	Also delight yourself in YHWH, and he will give you the desires of your heart.
Psalms 37:5	Commit your way to YHWH. Trust also in him, and he will do this:
Psalms 37:6	he will make your righteousness go forth as the light, and your justice as the noon day sun.
Psalms 37:7	Rest in YHWH, and wait patiently for him. Don't fret because of the one who prospers in their way, because of the one who makes wicked plots happen.
Psalms 37:8	Cease from anger, and forsake wrath. Don't fret, it leads only to acting from brokenness.
Psalms 37:9	For people who act from brokenness shall be cut off, but those who wait for YHWH shall inherit the land.
Psalms 37:10	For yet a little while, and the wicked will be no more. Yes, though you look for his place, he isn't there.
Psalms 37:11	But the humble shall inherit the land, and shall delight themselves in the abundance of peace.
Psalms 37:12	The wicked plots against the just, and gnashes at him with his teeth.
Psalms 37:13	YHWH will laugh at him, for YHWH sees that his day is coming.
Psalms 37:14	The wicked have drawn out the sword, and have bent their bow, to cast down the poor and needy, to kill those who are upright in the way.
Psalms 37:15	Their sword shall enter into their own heart. Their bows shall be broken.
Psalms 37:16	Better is a little that the righteous has, than the abundance of many wicked.
Psalms 37:17	For the arms of the wicked shall be broken, but YHWH upholds the righteous.
Psalms 37:18	YHWH knows the days of the perfect. Their inheritance shall be forever.
Psalms 37:19	They shall not be disappointed in the time of brokenness. In the days of famine they shall be satisfied.
Psalms 37:20	But the wicked shall perish. The enemies of YHWH shall be like the beauty of the fields. They will vanish-- vanish like smoke.
Psalms 37:21	The wicked borrow, and don't pay back, but the righteous give generously.
Psalms 37:22	For such as are blessed by him shall inherit the land. Those who are cursed by him shall be cut off.
Psalms 37:23	A person's goings are established by YHWH. YHWH delights in his way.
Psalms 37:24	Though he stumble, he shall not fall, for YHWH holds him up with his hand.
Psalms 37:25	I have been young, and now am old, yet I have not seen the righteous forsaken, nor his children begging for bread.
Psalms 37:26	All day long he deals graciously, and lends. His seed is blessed.
Psalms 37:27	Depart from harm, and do good. Live securely forever.
Psalms 37:28	For YHWH loves justice, and doesn't forsake his saints. They are preserved forever, but the children of the wicked shall be cut off.
Psalms 37:29	The righteous shall inherit the land, and live in it forever.
Psalms 37:30	The mouth of the righteous talks of wisdom. His tongue speaks justice.
Psalms 37:31	The law of his God is in his heart. None of his steps shall slide.
Psalms 37:32	The wicked watches the righteous, and seeks to kill him.
Psalms 37:33	YHWH will not leave him in his hand, nor condemn him when he is judged.
Psalms 37:34	Wait for YHWH, and keep YHWH’s way, and YHWH will exalt you to inherit the land. When the wicked are cut off, you shall see it.
Psalms 37:35	I have seen the wicked in great power, spreading himself like a green tree in its native soil.
Psalms 37:36	But he passed away, and behold, he was not. Yes, I sought him, but he could not be found.
Psalms 37:37	Mark the perfect man, and see the upright, for there is a future for the person of peace.
Psalms 37:38	As for transgressors, they shall be destroyed together. The future of the wicked shall be cut off.
Psalms 37:39	But the salvation of the righteous is from YHWH. YHWH is their stronghold in the time of trouble.
Psalms 37:40	YHWH helps them, and rescues them. YHWH rescues them from the wicked, and saves them, Because they have taken refuge in YHWH.
Psalms 38:1	YHWH, don't rebuke me in your wrath, neither chasten me in your hot displeasure.
Psalms 38:2	For your arrows have pierced me, your hand presses hard on me.
Psalms 38:3	There is no soundness in my flesh because of your indignation, neither is there any health in my bones because of my sin.
Psalms 38:4	For my iniquities have gone over my head. As a heavy burden, they are too heavy for me.
Psalms 38:5	My wounds are loathsome and corrupt, because of my foolishness.
Psalms 38:6	I am pained and bowed down greatly. I go mourning all day long.
Psalms 38:7	For my waist is filled with burning. There is no soundness in my flesh.
Psalms 38:8	I am faint and severely bruised. I have groaned by reason of the anguish of my heart.
Psalms 38:9	YHWH, all my desire is before you. My groaning is not hidden from you.
Psalms 38:10	My heart throbs. My strength fails me. As for the light of my eyes, it has also left me.
Psalms 38:11	My lovers and my friends stand aloof from my plague. My kinsmen stand far away.
Psalms 38:12	They also who seek after my life lay snares. Those who seek my hurt speak mischievous things, and meditate deceits all day long.
Psalms 38:13	But I, as a deaf man, don't hear. I am as a mute man who doesn't open his mouth.
Psalms 38:14	Yes, I am as a person who doesn't hear, in whose mouth are no reproofs.
Psalms 38:15	For in you, YHWH, do I hope. You will answer, YHWH my God.
Psalms 38:16	"For I said, ""Don't let them gloat over me, or exalt themselves over me when my foot slips."""
Psalms 38:17	For I am ready to fall. My pain is continually before me.
Psalms 38:18	For I will declare my iniquity. I will be sorry for my sin.
Psalms 38:19	But my enemies are vigorous and many. Those who hate me without reason are numerous.
Psalms 38:20	They who also render brokenness for good are adversaries to me, because I follow what is good.
Psalms 38:21	Don't forsake me, YHWH. my God, don't be far from me.
Psalms 38:22	Hurry to help me, YHWH, my salvation.
Psalms 39:1	"I said, ""I will watch my ways, so that I don't sin with my tongue. I will keep my mouth with a bridle while the wicked is before me."""
Psalms 39:2	I was mute with silence. I held my peace, even from good. My sorrow was stirred.
Psalms 39:3	My heart was hot within me. While I meditated, the fire burned: I spoke with my tongue:
Psalms 39:4	"""YHWH, show me my end, what is the measure of my days. Let me know how frail I am."
Psalms 39:5	"Behold, you have made my days handbreadths. My lifetime is as nothing before you. Surely everyone stands as a breath."" Selah."
Psalms 39:6	"""Surely everyone walks like a shadow. Surely they busy themselves in vain. He heaps up, and doesn't know who shall gather."
Psalms 39:7	Now, YHWH, what do I wait for? My hope is in you.
Psalms 39:8	Deliver me from all my transgressions. Don't make me the reproach of the foolish.
Psalms 39:9	I was mute. I didn't open my mouth, because you did it.
Psalms 39:10	Remove your scourge away from me. I am overcome by the blow of your hand.
Psalms 39:11	"When you rebuke and correct man for iniquity, You consume his wealth like a moth. Surely everyone is but a breath."" Selah."
Psalms 39:12	"""Hear my prayer, YHWH, and give ear to my cry. Don't be silent at my tears. For I am a stranger with you, a foreigner, as all my fathers were."
Psalms 39:13	"Oh spare me, that I may recover strength, before I go away, and exist no more."""
Psalms 40:1	I waited patiently for YHWH. YHWH turned to me, and heard my cry.
Psalms 40:2	YHWH brought me up also out of a horrible pit, out of the miry clay. YHWH set my feet on a rock, and gave me a firm place to stand.
Psalms 40:3	YHWH has put a new song in my mouth, even praise to our God. Many shall see it, and fear, and shall trust in YHWH.
Psalms 40:4	Blessed is the one who makes YHWH their trust, and doesn't respect the proud, nor such as turn aside to lies.
Psalms 40:5	Many, YHWH, my God, are the wonderful works which you have done, and your thoughts which are toward us. They can't be declared back to you. If I would declare and speak of them, they are more than can be numbered.
Psalms 40:6	Sacrifice and offering you didn't desire. You have opened my ears. You have not required burnt offering and sin offering.
Psalms 40:7	"Then I said, ""Behold, I have come. It is written about me in the book in the scroll."
Psalms 40:8	"I delight to do your will, my God. Yes, your law is within my heart."""
Psalms 40:9	I have proclaimed glad news of righteousness in the great assembly. Behold, I will not seal my lips, YHWH, you know.
Psalms 40:10	I have not hidden your righteousness within my heart. I have declared your faithfulness and your salvation. I have not concealed your loving kindness and your truth from the great assembly.
Psalms 40:11	Don't withhold your tender mercies from me, YHWH. Let your loving kindness and your truth continually preserve me.
Psalms 40:12	For innumerable troubles have surrounded me. My iniquities have overtaken me, so that I am not able to look up. They are more than the hairs of my head. My heart has failed me.
Psalms 40:13	Be pleased, YHWH, to deliver me. Hurry to help me, YHWH.
Psalms 40:14	Let them be disappointed and confounded together who seek after my soul to destroy it. Let them be turned backward and brought to dishonor who delight in my hurt.
Psalms 40:15	"Let them be desolate by reason of their shame that tell me, ""Aha! Aha!"""
Psalms 40:16	"Let all those who seek you rejoice and be glad in you. Let such as love your salvation say continually, ""Let YHWH be exalted!"""
Psalms 40:17	But I am poor and needy. May YHWH think about me. You are my help and my deliverer. Don't delay, my God.
Psalms 41:1	Blessed is the one who considers the poor. YHWH will deliver him in the day of brokenness.
Psalms 41:2	YHWH will preserve him, and keep him alive. He shall be blessed on the earth, and YHWH will not surrender him to the will of his enemies.
Psalms 41:3	YHWH will sustain him on his sickbed, and restore him from his bed of illness.
Psalms 41:4	"I said, ""YHWH, have mercy on me! Heal me, for I have sinned against you."""
Psalms 41:5	"My enemies speak harmfully against me: ""When will he die, and his name perish?"""
Psalms 41:6	If he comes to see me, he speaks falsehood. His heart gathers iniquity to itself. When he goes abroad, he tells it.
Psalms 41:7	All who hate me whisper together against me. They imagine the worst for me.
Psalms 41:8	"""A grievous disease,"" they say, ""has afflicted him. Now that he lies he shall rise up no more."""
Psalms 41:9	Yes, my own familiar friend, in whom I trusted, who ate bread with me, has lifted up his heel against me.
Psalms 41:10	But you, YHWH, have mercy on me, and raise me up, that I may repay them.
Psalms 41:11	By this I know that you delight in me, because my enemy doesn't triumph over me.
Psalms 41:12	As for me, you uphold me in my integrity, and set me in your presence forever.
Psalms 41:13	Blessed be YHWH, the God of Israel, from everlasting and to everlasting! Amen and amen.
Psalms 42:1	As the deer pants for the water brooks, so my soul pants after you, Elohim.
Psalms 42:2	My soul thirsts for Elohim, for the living Elohim. When shall I come and appear before Elohim?
Psalms 42:3	"My tears have been my food day and night, while they continually ask me, ""Where is your God?"""
Psalms 42:4	These things I remember, and pour out my soul within me, how I used to go with the crowd, and led them to the house of Elohim, with the voice of joy and praise, a multitude keeping a holy day.
Psalms 42:5	Why are you in despair, my soul? Why are you disturbed within me? Hope in Elohim! For I shall still praise him for the saving help of his presence.
Psalms 42:6	my God, my soul is in despair within me. Therefore I remember you from the land of the Yarden, the heights of Hermon, from the hill Mizar.
Psalms 42:7	Deep calls to deep at the noise of your waterfalls. All your waves and your billows have swept over me.
Psalms 42:8	YHWH will command YHWH’s loving kindness in the daytime. In the night YHWH’s song shall be with me: a prayer to the God of my life.
Psalms 42:9	"I will ask Elohim, my rock, ""Why have you forgotten me? Why do I go mourning because of the oppression of the enemy?"""
Psalms 42:10	"As with a sword in my bones, my adversaries reproach me, while they continually ask me, ""Where is your God?"""
Psalms 42:11	Why are you in despair, my soul? Why are you disturbed within me? Hope in Elohim! For I shall still praise him, the saving help of my countenance, and my God.
Psalms 43:1	Vindicate me, Elohim, and plead my cause against an ungodly nation. Oh, deliver me from deceitful and wicked men.
Psalms 43:2	For you are the God of my strength. Why have you rejected me? Why do I go mourning because of the oppression of the enemy?
Psalms 43:3	Oh, send out your light and your truth. Let them lead me. Let them bring me to your holy hill, To your tents.
Psalms 43:4	Then I will go to the altar of Elohim, to Elohim, my exceeding joy. I will praise you on the harp, Elohim, my God.
Psalms 43:5	Why are you in despair, my soul? Why are you disturbed within me? Hope in Elohim! For I shall still praise him: my Savior, my helper, and my God.
Psalms 44:1	We have heard with our ears, Elohim; our fathers have told us, what work you did in their days, in the days of old.
Psalms 44:2	You drove out the nations with your hand, but you planted them. You afflicted the peoples, but you spread them abroad.
Psalms 44:3	For they didn't get the land in possession by their own sword, neither did their own arm save them; but your right hand, and your arm, and the light of your face, because you were favorable to them.
Psalms 44:4	You are my King, Elohim. Command victories for Ya'akov!
Psalms 44:5	Through you, will we push down our adversaries. Through your name, will we tread them under who rise up against us.
Psalms 44:6	For I will not trust in my bow, neither shall my sword save me.
Psalms 44:7	But you have saved us from our adversaries, and have shamed those who hate us.
Psalms 44:8	In Elohim we have made our boast all day long, we will give thanks to your name forever. Selah.
Psalms 44:9	But now you rejected us, and brought us to dishonor, and don't go out with our armies.
Psalms 44:10	You make us turn back from the adversary. Those who hate us take spoil for themselves.
Psalms 44:11	You have made us like sheep for food, and have scattered us among the nations.
Psalms 44:12	You sell your people for nothing, and have gained nothing from their sale.
Psalms 44:13	You make us a reproach to our neighbors, a scoffing and a derision to those who are around us.
Psalms 44:14	You make us a byword among the nations, a shaking of the head among the peoples.
Psalms 44:15	All day long my dishonor is before me, and shame covers my face,
Psalms 44:16	At the taunt of one who reproaches and verbally abuses, because of the enemy and the avenger.
Psalms 44:17	All this has come on us, yet have we not forgotten you, Neither have we been false to your covenant.
Psalms 44:18	Our heart has not turned back, neither have our steps strayed from your path,
Psalms 44:19	Though you have crushed us in the haunt of jackals, and covered us with the shadow of death.
Psalms 44:20	If we have forgotten the name of our God, or spread forth our hands to a strange god;
Psalms 44:21	won't Elohim search this out? For he knows the secrets of the heart.
Psalms 44:22	Yes, for your sake we are killed all day long. We are regarded as sheep for the slaughter.
Psalms 44:23	Wake up! Why do you sleep, YHWH? Arise! Don't reject us forever.
Psalms 44:24	Why do you hide your face, and forget our affliction and our oppression?
Psalms 44:25	For our soul is bowed down to the dust. Our body cleaves to the earth.
Psalms 44:26	Rise up to help us. Redeem us for your loving kindness' sake.
Psalms 45:1	My heart overflows with a noble theme. I recite my verses for the king. My tongue is like the pen of a skillful writer.
Psalms 45:2	You are the most excellent of the human beings. Grace has anointed your lips, therefore Elohim has blessed you forever.
Psalms 45:3	Gird your sword on your thigh, mighty one: your splendor and your majesty.
Psalms 45:4	In your majesty ride on victoriously on behalf of truth, humility, and righteousness. Let your right hand display awesome deeds.
Psalms 45:5	Your arrows are sharp. The nations fall under you, with arrows in the heart of the king's enemies.
Psalms 45:6	Your throne, Elohim, is forever and ever. A scepter of equity is the scepter of your kingdom.
Psalms 45:7	You have loved righteousness, and hated wickedness. Therefore Elohim, your God, has anointed you with the oil of gladness above your fellows.
Psalms 45:8	All your garments smell like myrrh, aloes, and cassia. Out of ivory palaces stringed instruments have made you glad.
Psalms 45:9	Kings' daughters are among your honorable women. At your right hand the queen stands in gold of Ophir.
Psalms 45:10	Listen, daughter, consider, and turn your ear. Forget your own people, and also your father's house.
Psalms 45:11	So the king will desire your beauty, honor him, for he is your lord.
Psalms 45:12	The daughter of Tzor comes with a gift. The rich among the people entreat your favor.
Psalms 45:13	The princess inside is all glorious. Her clothing is interwoven with gold.
Psalms 45:14	She shall be led to the king in embroidered work. The virgins, her companions who follow her, shall be brought to you.
Psalms 45:15	With gladness and rejoicing they shall be led. They shall enter into the king's palace.
Psalms 45:16	Your sons will take the place of your fathers. You shall make them princes in all the earth.
Psalms 45:17	I will make your name to be remembered in all generations. Therefore the peoples shall give you thanks forever and ever.
Psalms 46:1	Elohim is our refuge and strength, a very present help in trouble.
Psalms 46:2	Therefore we won't be afraid, though the earth changes, though the mountains are shaken into the heart of the seas;
Psalms 46:3	though the waters of it roar and are troubled, though the mountains tremble with their swelling. Selah.
Psalms 46:4	There is a river, the streams of which make the city of Elohim glad, the holy place of the tents of the Most High.
Psalms 46:5	Elohim is in her midst. She shall not be moved. Elohim will help her at dawn.
Psalms 46:6	The nations raged. The kingdoms were moved. YHWH lifted YHWH’s voice, and the earth melted.
Psalms 46:7	YHWH of Armies is with us. The God of Ya'akov is our refuge. Selah.
Psalms 46:8	Come, see YHWH's works, what desolations YHWH has made in the earth.
Psalms 46:9	YHWH makes wars cease to the end of the earth. YHWH breaks the bow, and shatters the spear. YHWH burns the chariots in the fire.
Psalms 46:10	"""Be still, and know that I am Elohim. I will be exalted among the nations. I will be exalted in the earth."""
Psalms 46:11	YHWH of Armies is with us. The God of Ya'akov is our refuge. Selah.
Psalms 47:1	Oh clap your hands, all you nations. Shout to Elohim with the voice of triumph!
Psalms 47:2	For YHWH Most High is awesome. YHWH is a great King over all the earth.
Psalms 47:3	YHWH subdues nations under us, and peoples under our feet.
Psalms 47:4	YHWH chooses our inheritance for us, the glory of Ya'akov whom YHWH loved. Selah.
Psalms 47:5	Elohim has gone up with a shout, YHWH with the sound of a trumpet.
Psalms 47:6	Sing praise to Elohim, sing praises. Sing praises to our King, sing praises.
Psalms 47:7	For Elohim is the King of all the earth. Sing praises with understanding.
Psalms 47:8	Elohim reigns over the nations. Elohim sits on his holy throne.
Psalms 47:9	The princes of the peoples are gathered together, the people of the God of Avraham. For the shields of the earth belong to Elohim. Elohim is greatly exalted!
Psalms 48:1	Great is YHWH, and greatly to be praised, in the city of our God, in God’s holy mountain.
Psalms 48:2	Beautiful in elevation, the joy of the whole earth, is Har Tzion, on the north sides, the city of the great King.
Psalms 48:3	Elohim has shown Elohim to be a refuge in her citadels.
Psalms 48:4	For, behold, the kings assembled themselves, they passed by together.
Psalms 48:5	They saw it, then they were amazed. They were dismayed. They hurried away.
Psalms 48:6	Trembling took hold of them there, pain, as of a woman in travail.
Psalms 48:7	With the east wind, you break the ships of Tarshish.
Psalms 48:8	As we have heard, so we have seen, in the city of YHWH of Armies, in the city of our God. Elohim will establish it forever. Selah.
Psalms 48:9	We have thought about your loving kindness, Elohim, in the midst of your temple.
Psalms 48:10	As is your name, Elohim, so is your praise to the ends of the earth. Your right hand is full of righteousness.
Psalms 48:11	Let Har Tzion be glad! Let the daughters of Yehudah rejoice, Because of your judgments.
Psalms 48:12	Walk about Tzion, and go around her. Number its towers.
Psalms 48:13	Mark well her bulwarks. Consider her palaces, that you may tell it to the next generation.
Psalms 48:14	For this Elohim is our God forever and ever. Elohim will be our guide even to death.
Psalms 49:1	Hear this, all you peoples. Listen, all you inhabitants of the world,
Psalms 49:2	both low and high, rich and poor together.
Psalms 49:3	My mouth will speak words of wisdom. My heart shall utter understanding.
Psalms 49:4	I will incline my ear to a proverb. I will open my riddle on the harp.
Psalms 49:5	Why should I fear in the days of brokenness, when iniquity at my heels surrounds me?
Psalms 49:6	Those who trust in their wealth, and boast in the multitude of their riches--
Psalms 49:7	none of them can by any means redeem his brother, nor give Elohim a ransom for him.
Psalms 49:8	For the redemption of their life is costly, no payment is ever enough,
Psalms 49:9	That he should live on forever, that he should not see corruption.
Psalms 49:10	For he sees that wise people die; likewise the fool and the senseless perish, and leave their wealth to others.
Psalms 49:11	Their inward thought is that their houses will endure forever, and their dwelling places to all generations. They name their lands after themselves.
Psalms 49:12	But man, despite his riches, doesn't endure. He is like the animals that perish.
Psalms 49:13	This is the destiny of those who are foolish, and of those who approve their sayings. Selah.
Psalms 49:14	They are appointed as a flock for Sheol. Death shall be their shepherd. The upright shall have dominion over them in the morning. Their beauty shall decay in Sheol, far from their mansion.
Psalms 49:15	But Elohim will redeem my soul from the power of Sheol, for Elohim will receive me. Selah.
Psalms 49:16	Don't be afraid when someone is made rich, when the glory of their house is increased.
Psalms 49:17	For when he dies he shall carry nothing away. His glory shall not descend after him.
Psalms 49:18	Though while he lived he blessed his soul--and men praise you when you do well for yourself--
Psalms 49:19	he shall go to the generation of his fathers. They shall never see the light.
Psalms 49:20	A person who has riches without understanding, is like the animals that perish.
Psalms 50:1	The Mighty One, Elohim, YHWH, speaks, and calls the earth from sunrise to sunset.
Psalms 50:2	Out of Tzion, the perfection of beauty, Elohim shines forth.
Psalms 50:3	our God comes, and does not keep silent. A fire devours before him. It is very stormy around him.
Psalms 50:4	YHWH calls to the heavens above, to the earth, that YHWH may judge YHWH’s people:
Psalms 50:5	"""Gather my saints together to me, those who have made a covenant with me by sacrifice."""
Psalms 50:6	The heavens shall declare Elohim’s righteousness, for Elohim is judge. Selah.
Psalms 50:7	"""Hear, my people, and I will speak; Israel, and I will testify against you. I am Elohim, your God."
Psalms 50:8	I don't rebuke you for your sacrifices. Your burnt offerings are continually before me.
Psalms 50:9	I have no need for a bull from your stall, nor male goats from your pens.
Psalms 50:10	For every animal of the forest is mine, and the livestock on a thousand hills.
Psalms 50:11	I know all the birds of the mountains. The wild animals of the field are mine.
Psalms 50:12	If I were hungry, I would not tell you, for the world is mine, and all that is in it.
Psalms 50:13	Will I eat the flesh of bulls, or drink the blood of goats?
Psalms 50:14	Offer to Elohim the sacrifice of thanksgiving. Pay your vows to the Most High.
Psalms 50:15	"Call on me in the day of trouble. I will deliver you, and you will honor me."""
Psalms 50:16	"But to the wicked Elohim says, ""What right do you have to declare my statutes, that you have taken my covenant on your lips,"
Psalms 50:17	seeing you hate instruction, and throw my words behind you?
Psalms 50:18	When you saw a thief, you consented with him, and have participated with adulterers.
Psalms 50:19	"""You give your mouth to brokenness. Your tongue frames deceit."
Psalms 50:20	You sit and speak against your brother. You slander your own mother's son.
Psalms 50:21	You have done these things, and I kept silent. You thought that the I was just like you. I will rebuke you, and accuse you in front of your eyes.
Psalms 50:22	"""Now consider this, you who forget Elohim, lest I tear you into pieces, and there be none to deliver."
Psalms 50:23	"Whoever offers the sacrifice of thanksgiving glorifies me, and prepares their way so that I will show Elohim's salvation to them."""
Psalms 51:1	Have mercy on me, Elohim, according to your loving kindness. According to the multitude of your tender mercies, blot out my transgressions.
Psalms 51:2	Wash me thoroughly from my iniquity. Cleanse me from my sin.
Psalms 51:3	For I know my transgressions. My sin is constantly before me.
Psalms 51:4	Against you, and you only, have I sinned, and done that which is brokenness in your sight; that you may be proved right when you speak, and justified when you judge.
Psalms 51:5	Behold, I was brought forth in iniquity. In sin my mother conceived me.
Psalms 51:6	Behold, you desire truth in the inward parts. You teach me wisdom in the inmost place.
Psalms 51:7	Purify me with hyssop, and I will be clean. Wash me, and I will be whiter than snow.
Psalms 51:8	Let me hear joy and gladness, That the bones which you have broken may rejoice.
Psalms 51:9	Hide your face from my sins, and blot out all of my iniquities.
Psalms 51:10	Create in me a clean heart, O Elohim. Renew a right spirit within me.
Psalms 51:11	Don't throw me from your presence, and don't take your the Ruach of Elohim from me.
Psalms 51:12	Restore to me the joy of your salvation. Uphold me with a willing spirit.
Psalms 51:13	Then I will teach transgressors your ways. Sinners shall be converted to you.
Psalms 51:14	Deliver me from bloodguiltiness, O Elohim, the God of my salvation. My tongue shall sing aloud of your righteousness.
Psalms 51:15	YHWH, open my lips. My mouth shall declare your praise.
Psalms 51:16	For you don't delight in sacrifice, or else I would give it. You have no pleasure in burnt offering.
Psalms 51:17	The sacrifices of Elohim are a broken spirit. A broken and contrite heart, O Elohim, you will not despise.
Psalms 51:18	Do well in your good pleasure to Tzion. Build the walls of Yerushalayim.
Psalms 51:19	Then you will delight in the sacrifices of righteousness, in burnt offerings and in whole burnt offerings. Then they will offer bulls on your altar.
Psalms 52:1	Why do you boast of mischief, mighty man? Elohim's loving kindness endures continually.
Psalms 52:2	Your tongue plots destruction, like a sharp razor, working deceitfully.
Psalms 52:3	You love brokenness more than good, lying rather than speaking the truth. Selah.
Psalms 52:4	You love all devouring words, you deceitful tongue.
Psalms 52:5	Elohim will likewise destroy you forever. Elohim will take you up, and pluck you out of your tent, and root you out of the land of the living. Selah.
Psalms 52:6	The righteous also will see it, and fear, and laugh at him, saying,
Psalms 52:7	"""Behold, this is the one who didn't make Elohim their strength, but trusted in the abundance of their riches, and strengthened themselves in their wickedness."""
Psalms 52:8	But as for me, I am like a green olive tree in Elohim's house. I trust in Elohim's loving kindness forever and ever.
Psalms 52:9	I will give you thanks forever, because you have done it. I will hope in your name, for it is good, in the presence of your saints.
Psalms 53:1	"The fool has said in their heart, ""There is no Elohim."" They are corrupt, and have done abominable iniquity. There is no one who does good."
Psalms 53:2	Elohim looks down from heavens on the children of people, to see if there are any who understood, who seek after Elohim.
Psalms 53:3	Every one of them has gone back. They have become filthy together. There is no one who does good, no, not one.
Psalms 53:4	Have the workers of iniquity no knowledge, who eat up my people as they eat bread, and don't call on Elohim?
Psalms 53:5	There they were in great fear, where no fear was, for Elohim has scattered the bones of the one who encamps against you. You have put them to shame, because Elohim has rejected them.
Psalms 53:6	Oh that the salvation of Israel would come out of Tzion! When Elohim brings back Elohim’s people from captivity, then Ya'akov shall rejoice, and Israel shall be glad.
Psalms 54:1	Save me, Elohim, by your name. Vindicate me in your might.
Psalms 54:2	Hear my prayer, Elohim. Listen to the words of my mouth.
Psalms 54:3	For strangers have risen up against me. Violent men have sought after my soul. They haven't set Elohim before them. Selah.
Psalms 54:4	Behold, Elohim is my helper. YHWH is the one who sustains my soul.
Psalms 54:5	YHWH will repay the brokenness to my enemies. Destroy them in your truth.
Psalms 54:6	With a free will offering, I will sacrifice to you. I will give thanks to your name, YHWH, for it is good.
Psalms 54:7	For he has delivered me out of all trouble. My eye has seen triumph over my enemies.
Psalms 55:1	Listen to my prayer, Elohim. Don't hide yourself from my supplication.
Psalms 55:2	Attend to me, and answer me. I am restless in my complaint, and moan,
Psalms 55:3	Because of the voice of the enemy, Because of the oppression of the wicked. For they bring suffering on me. In anger they hold a grudge against me.
Psalms 55:4	My heart is severely pained within me. The terrors of death have fallen on me.
Psalms 55:5	Fearfulness and trembling have come on me. Horror has overwhelmed me.
Psalms 55:6	"I said, ""Oh that I had wings like a dove! Then I would fly away, and be at rest."
Psalms 55:7	"Behold, then I would wander far off. I would lodge in the wilderness."" Selah."
Psalms 55:8	"""I would hurry to a shelter from the stormy wind and storm."""
Psalms 55:9	Confuse them, YHWH, and confound their language, for I have seen violence and strife in the city.
Psalms 55:10	Day and night they prowl around on its walls. Malice and abuse are also within her.
Psalms 55:11	Destructive forces are within her. Threats and lies don't depart from her streets.
Psalms 55:12	For it was not an enemy who insulted me, then I could have endured it. Neither was it the one who hated me who raised themselves up against me, then I would have hid myself from him.
Psalms 55:13	But it was you, a person like me, my companion, and my familiar friend.
Psalms 55:14	We took sweet fellowship together. We walked in Elohim's house with company.
Psalms 55:15	Let death come suddenly on them. Let them go down alive into Sheol. For wickedness is in their dwelling, in the midst of them.
Psalms 55:16	As for me, I will call on Elohim. YHWH will save me.
Psalms 55:17	Evening, morning, and at noon, I will cry out in distress. YHWH will hear my voice.
Psalms 55:18	YHWH has redeemed my soul in peace from the battle that was against me, although there are many who oppose me.
Psalms 55:19	Elohim, who is enthroned forever, will hear, and answer them. Selah. They never change, who don't revere God.
Psalms 55:20	He raises his hands against his friends. He has violated his covenant.
Psalms 55:21	His mouth was smooth as butter, but his heart was war. His words were softer than oil, yet they were drawn swords.
Psalms 55:22	Cast your burden on YHWH, and YHWH will sustain you. YHWH will never allow the righteous to be moved.
Psalms 55:23	But you, Elohim, will bring them down into the pit of destruction. Bloodthirsty and deceitful people shall not live out half their days, but I will trust in you.
Psalms 56:1	Be merciful to me, Elohim, for man wants to swallow me up. All day long, he attacks and oppresses me.
Psalms 56:2	My enemies want to swallow me up all day long, for they are many who fight proudly against me.
Psalms 56:3	When I am afraid, I will put my trust in you.
Psalms 56:4	In Elohim, I praise his word. In Elohim, I put my trust. I will not be afraid. What can flesh do to me?
Psalms 56:5	All day long they twist my words. All their thoughts are against me for brokenness.
Psalms 56:6	They conspire and lurk, watching my steps, they are eager to take my life.
Psalms 56:7	Shall they escape by iniquity? In anger cast down the peoples, Elohim.
Psalms 56:8	You number my wanderings. You put my tears into your bottle. Aren't they in your book?
Psalms 56:9	Then my enemies shall turn back in the day that I call. I know this, that Elohim is for me.
Psalms 56:10	In Elohim, I will praise his word. In YHWH, I will praise his word.
Psalms 56:11	I have put my trust in Elohim. I will not be afraid. What can man do to me?
Psalms 56:12	Your vows are on me, Elohim. I will give thank offerings to you.
Psalms 56:13	For you have delivered my soul from death, and prevented my feet from falling, that I may walk before Elohim in the light of the living.
Psalms 57:1	Be merciful to me, Elohim, be merciful to me, for my soul takes refuge in you. Yes, in the shadow of your wings, I will take refuge, until disaster has passed.
Psalms 57:2	I cry out to Elohim Most High, to Elohim, the one who accomplishes my requests for me.
Psalms 57:3	They will send from heavens, and save me, they rebukes the one who is pursuing me. Selah. Elohim will send out Elohim’s loving kindness and Elohim’s truth.
Psalms 57:4	My soul is among lions. I lie among those who are set on fire, even the human beings, whose teeth are spears and arrows, and their tongue a sharp sword.
Psalms 57:5	Be exalted, Elohim, above the heavens! Let your glory be above all the earth!
Psalms 57:6	They have prepared a net for my steps. My soul is bowed down. They dig a pit before me. They fall into the midst of it themselves. Selah.
Psalms 57:7	My heart is steadfast, Elohim, my heart is steadfast. I will sing, yes, I will sing praises.
Psalms 57:8	Wake up, my glory! Wake up, psaltery and harp! I will wake up the dawn.
Psalms 57:9	I will give thanks to you, YHWH, among the peoples. I will sing praises to you among the nations.
Psalms 57:10	For your great loving kindness reaches to the heavens, and your truth to the skies.
Psalms 57:11	Be exalted, Elohim, above the heavens. Let your glory be over all the earth.
Psalms 58:1	Do you indeed speak righteousness, silent ones? Do you judge blamelessly, you human beings?
Psalms 58:2	No, in your heart you plot injustice. You measure out the violence of your hands in the earth.
Psalms 58:3	The wicked go astray from the womb. They are wayward as soon as they are born, speaking lies.
Psalms 58:4	Their poison is like the poison of a snake; like a deaf cobra that stops its ear,
Psalms 58:5	which doesn't listen to the voice of charmers, no matter how skillful the charmer may be.
Psalms 58:6	Break their teeth, Elohim, in their mouth. Break out the great teeth of the young lions, YHWH.
Psalms 58:7	Let them vanish as water that flows away. When they draw the bow, let their arrows be made blunt.
Psalms 58:8	Let them be like a snail which melts and passes away, like the stillborn child, who has not seen the sun.
Psalms 58:9	Before your pots can feel the heat of the thorns, he will sweep away the green and the burning alike.
Psalms 58:10	The righteous shall rejoice when he sees the vengeance. He shall wash his feet in the blood of the wicked;
Psalms 58:11	"so that people shall say, ""Most certainly there is a reward for the righteous. Most certainly there is an Elohim who judges the earth."""
Psalms 59:1	Deliver me from my enemies, my God. Set me on high from those who rise up against me.
Psalms 59:2	Deliver me from the workers of iniquity. Save me from the bloodthirsty men.
Psalms 59:3	For, behold, they lie in wait for my soul. The mighty gather themselves together against me, not for my disobedience, nor for my sin, YHWH.
Psalms 59:4	I have done no wrong, yet they are ready to attack me. Rise up, behold, and help me!
Psalms 59:5	You, YHWH God of Armies, the God of Israel, rouse yourself to punish the nations. Show no mercy to the wicked traitors. Selah.
Psalms 59:6	They return at evening, howling like dogs, and prowl around the city.
Psalms 59:7	"Behold, they spew with their mouth. Swords are in their lips, ""For,"" they say, ""who hears us?"""
Psalms 59:8	But you, YHWH, laugh at them. You scoff at all the nations.
Psalms 59:9	Oh, my Strength, I watch for you, for Elohim is my high tower.
Psalms 59:10	my God will go before me with God’s loving kindness. Elohim will let me look at my enemies in triumph.
Psalms 59:11	Don't kill them, or my people may forget. Scatter them by your power, and bring them down, YHWH our shield.
Psalms 59:12	For the sin of their mouth, and the words of their lips, let them be caught in their pride, for the curses and lies which they utter.
Psalms 59:13	Consume them in wrath. Consume them, and they will be no more. Let them know that Elohim rules in Ya'akov, to the ends of the earth. Selah.
Psalms 59:14	At evening let them return. Let them howl like a dog, and go around the city.
Psalms 59:15	They shall wander up and down for food, and wait all night if they aren't satisfied.
Psalms 59:16	But I will sing of your strength. Yes, I will sing aloud of your loving kindness in the morning. For you have been my high tower, a refuge in the day of my distress.
Psalms 59:17	To you, my strength, I will sing praises. For Elohim is my high tower, the God of my mercy.
Psalms 60:1	Elohim, you have rejected us. You have broken us down. You have been angry. Restore us, again.
Psalms 60:2	You have made the land tremble. You have torn it. Mend its fractures, for it quakes.
Psalms 60:3	You have shown your people hard things. You have made us drink the wine that makes us stagger.
Psalms 60:4	You have given a banner to those who revere you, that it may be displayed because of the truth. Selah.
Psalms 60:5	So that your beloved may be delivered, save with your right hand, and answer us.
Psalms 60:6	"Elohim has spoken from his sanctuary: ""I will triumph. I will divide Shekhem, and measure out the valley of Succoth."
Psalms 60:7	Gilead is mine, and Menashe is mine. Efrayim also is the defense of my head. Yehudah is my scepter.
Psalms 60:8	"Moab is my wash basin. I will throw my shoe on Edom. I shout in triumph over Philistia."""
Psalms 60:9	Who will bring me into the strong city? Who has led me to Edom?
Psalms 60:10	Haven't you, Elohim, rejected us? You don't go out with our armies, Elohim.
Psalms 60:11	Give us help against the adversary, for the help of a person is vain.
Psalms 60:12	Through Elohim we shall do valiantly, for it is the one who will tread down our adversaries.
Psalms 61:1	Hear my cry, Elohim. Listen to my prayer.
Psalms 61:2	From the end of the earth, I will call to you, when my heart is overwhelmed. Lead me to the rock that is higher than I.
Psalms 61:3	For you have been a refuge for me, a strong tower from the enemy.
Psalms 61:4	I will dwell in your tent forever. I will take refuge in the shelter of your wings. Selah.
Psalms 61:5	For you, Elohim, have heard my vows. You have given me the heritage of those who revere your name.
Psalms 61:6	You will prolong the king's life; his years shall be for generations.
Psalms 61:7	He shall be enthroned in Elohim's presence forever. Appoint your loving kindness and truth, that they may preserve him.
Psalms 61:8	So I will sing praise to your name forever, that I may fulfill my vows daily.
Psalms 62:1	My soul rests in Elohim alone. My salvation is from Elohim.
Psalms 62:2	Elohim alone is my rock and my salvation, my fortress--I will never be greatly shaken.
Psalms 62:3	How long will you assault a person, would all of you throw him down, Like a leaning wall, like a tottering fence?
Psalms 62:4	They fully intend to throw him down from his lofty place. They delight in lies. They bless with their mouth, but they curse inwardly. Selah.
Psalms 62:5	My soul, wait in silence for Elohim alone, for my expectation is from Elohim.
Psalms 62:6	Elohim alone is my rock and my salvation, my fortress. I will not be shaken.
Psalms 62:7	With Elohim is my salvation and my honor. The rock of my strength, and my refuge, is in Elohim.
Psalms 62:8	Trust in Elohim at all times, you people. Pour out your heart before Elohim. Elohim is a refuge for us. Selah.
Psalms 62:9	Surely men of low degree are just a breath, and men of high degree are a lie. In the balances they will go up. They are together lighter than a breath.
Psalms 62:10	Don't trust in oppression. Don't become vain in robbery. If riches increase, don't set your heart on them.
Psalms 62:11	Elohim has spoken once; twice I have heard this, that power belongs to Elohim.
Psalms 62:12	Also to you, YHWH, belongs loving kindness, for you reward everyone according to their work.
Psalms 63:1	Elohim, you are my God. I will earnestly seek you. My soul thirsts for you. My flesh longs for you, in a dry and weary land, where there is no water.
Psalms 63:2	So I have seen you in the sanctuary, watching your power and your glory.
Psalms 63:3	Because your loving kindness is better than life, my lips shall praise you.
Psalms 63:4	So I will bless you while I live. I will lift up my hands in your name.
Psalms 63:5	My soul shall be satisfied as with the richest food. My mouth shall praise you with joyful lips,
Psalms 63:6	when I remember you on my bed, and think about you in the night watches.
Psalms 63:7	For you have been my help. I will rejoice in the shadow of your wings.
Psalms 63:8	My soul stays close to you. Your right hand holds me up.
Psalms 63:9	But those who seek my soul, to destroy it, shall go into the lower parts of the earth.
Psalms 63:10	They shall be given over to the power of the sword. They shall be jackal food.
Psalms 63:11	But the king shall rejoice in Elohim. Everyone who swears by him will praise him, for the mouth of those who speak lies shall be silenced.
Psalms 64:1	Hear my voice, Elohim, in my complaint. Preserve my life from fear of the enemy.
Psalms 64:2	Hide me from the conspiracy of the wicked, from the noisy crowd of the ones doing brokenness;
Psalms 64:3	who sharpen their tongue like a sword, and aim their arrows, deadly words,
Psalms 64:4	to shoot innocent men from ambushes. They shoot at him suddenly and fearlessly.
Psalms 64:5	"They encourage themselves in brokenness plans. They talk about laying snares secretly. They say, ""Who will see them?"""
Psalms 64:6	"They plot injustice, saying, ""We have made a perfect plan!"" Surely a person's mind and heart are cunning."
Psalms 64:7	But Elohim will shoot at them. They will be suddenly struck down with an arrow.
Psalms 64:8	Their own tongues shall ruin them. All who see them will shake their heads.
Psalms 64:9	All humanity shall be afraid. They shall declare the work of Elohim, and shall wisely ponder what he has done.
Psalms 64:10	The righteous shall be glad in YHWH, and shall take refuge in him. All the upright in heart shall praise him!
Psalms 65:1	Praise waits for you, Elohim, in Tzion. To you shall vows be performed.
Psalms 65:2	You who hear prayer, to you all people will come.
Psalms 65:3	Sins overwhelmed me, but you atoned for our transgressions.
Psalms 65:4	Blessed is one whom you choose, and cause to come near, that he may live in your courts. We will be filled with the goodness of your house, your holy temple.
Psalms 65:5	By awesome deeds of righteousness, you answer us, God of our salvation. You who are the hope of all the ends of the earth, of those who are far away on the sea;
Psalms 65:6	Who by his power forms the mountains, having armed yourself with strength;
Psalms 65:7	who stills the roaring of the seas, the roaring of their waves, and the turmoil of the nations.
Psalms 65:8	They also who dwell in far-away places are afraid at your wonders. You call the morning's dawn and the evening with songs of joy.
Psalms 65:9	You visit the earth, and water it. You greatly enrich it. The river of Elohim is full of water. You provide them grain, for so you have ordained it.
Psalms 65:10	You drench its furrows. You level its ridges. You soften it with showers. You bless it with a crop.
Psalms 65:11	You crown the year with your bounty. Your carts overflow with abundance.
Psalms 65:12	The wilderness grasslands overflow. The hills are clothed with gladness.
Psalms 65:13	The pastures are covered with flocks. The valleys also are clothed with grain. They shout for joy! They also sing.
Psalms 66:1	Make a joyful shout to Elohim, all the earth!
Psalms 66:2	Sing to the glory of Elohim’s name! Offer glory and praise!
Psalms 66:3	"Tell Elohim, ""How awesome are your deeds! Through the greatness of your power, your enemies submit themselves to you."
Psalms 66:4	"All the earth will worship you, and will sing to you; they will sing to your name."" Selah."
Psalms 66:5	Come, and see Elohim's deeds--awesome work on behalf of the children of people.
Psalms 66:6	Elohim turned the sea into dry land. They went through the river on foot. There, we rejoiced in Elohim.
Psalms 66:7	Elohim rules by Elohim’s might forever. Elohim’s eyes watch the nations. Don't let the rebellious rise up against Elohim. Selah.
Psalms 66:8	Praise our God, you peoples! Make the sound of God’s praise heard,
Psalms 66:9	who preserves our life among the living, and doesn't allow our feet to be moved.
Psalms 66:10	For you, Elohim, have tested us. You have refined us, as silver is refined.
Psalms 66:11	You brought us into prison. You laid a burden on our backs.
Psalms 66:12	You allowed men to ride over our heads. We went through fire and through water, but you brought us to the place of abundance.
Psalms 66:13	I will come into your temple with burnt offerings. I will pay my vows to you,
Psalms 66:14	which my lips promised, and my mouth spoke, when I was in distress.
Psalms 66:15	I will offer to you burnt offerings of fat animals, with the offering of rams, I will offer bulls with goats. Selah.
Psalms 66:16	Come, and hear, all you who revere God. I will declare what God has done for my soul.
Psalms 66:17	I cried to Elohim with my mouth. Elohim was extolled with my tongue.
Psalms 66:18	If I cherished sin in my heart, YHWH wouldn't have listened.
Psalms 66:19	But most certainly, Elohim has listened. Elohim has heard the voice of my prayer.
Psalms 66:20	Blessed be Elohim, who has not turned away my prayer, nor Elohim’s loving kindness from me.
Psalms 67:1	May Elohim be merciful to us, bless us, and cause Elohim’s face to shine on us. Selah.
Psalms 67:2	That your way may be known on earth, and your salvation among all nations,
Psalms 67:3	let the peoples praise you, Elohim. Let all the peoples praise you.
Psalms 67:4	Oh let the nations be glad and sing for joy, for you will judge the peoples with equity, and govern the nations on earth. Selah.
Psalms 67:5	Let the peoples praise you, Elohim. Let all the peoples praise you.
Psalms 67:6	The earth has yielded its increase. Elohim, even our own Elohim, will bless us.
Psalms 67:7	Elohim will bless us. All the ends of the earth shall revere him.
Psalms 68:1	Let Elohim arise! Let Elohim’s enemies be scattered! Let them who hate Elohim also flee before Elohim.
Psalms 68:2	As smoke is driven away, so drive them away. As wax melts before the fire, so let the wicked perish at the presence of Elohim.
Psalms 68:3	But let the righteous be glad. Let them rejoice before Elohim. Yes, let them rejoice with gladness.
Psalms 68:4	Sing to Elohim! Sing praises to Elohim’s name! Extol the one who rides on the clouds: to Yah, their name! Rejoice before Elohim!
Psalms 68:5	Cosmic Parent of the fatherless, and defender of the widows, is Elohim in Elohim’s holy habitation.
Psalms 68:6	Elohim sets the lonely in families. Elohim brings out the prisoners with singing, but the rebellious dwell in a sun-scorched land.
Psalms 68:7	Elohim, when you went forth before your people, when you marched through the wilderness... Selah.
Psalms 68:8	The earth trembled. The heavens also poured down rain at the presence of the God of Sinai--at the presence of Elohim, the God of Israel.
Psalms 68:9	You, Elohim, sent a plentiful rain. You confirmed your inheritance, when it was weary.
Psalms 68:10	Your congregation lived therein. You, Elohim, prepared your goodness for the poor.
Psalms 68:11	YHWH announced the word. The ones who proclaim it are a great company.
Psalms 68:12	"""Kings of armies flee! They flee!"" She who waits at home divides the spoil,"
Psalms 68:13	while you sleep among the campfires, the wings of a dove sheathed with silver, her feathers with shining gold.
Psalms 68:14	When the Almighty scattered kings in her, it snowed on Zalmon.
Psalms 68:15	The mountains of Bashan are majestic mountains. The mountains of Bashan are rugged.
Psalms 68:16	Why do you look in envy, you rugged mountains, at the mountain where Elohim chooses to reign? Yes, YHWH will dwell there forever.
Psalms 68:17	The chariots of Elohim are tens of thousands and thousands of thousands. YHWH is among them, from Sinai, into the sanctuary.
Psalms 68:18	You have ascended on high. You have led away captives. You have received gifts among men, yes, among the rebellious also, that Yah Elohim might dwell there.
Psalms 68:19	Blessed be YHWH, who daily bears our burdens, even Elohim, the one who is our salvation. Selah.
Psalms 68:20	Elohim is to us a God of deliverance. To YHWH, YHWH, belongs escape from death.
Psalms 68:21	But Elohim will strike through the head of Elohim’s enemies, the hairy scalp of such a one as still continues in his guiltiness.
Psalms 68:22	"YHWH said, ""I will bring you again from Bashan, I will bring you again from the depths of the sea;"
Psalms 68:23	"That you may crush them, dipping your foot in blood, that the tongues of your dogs may have their portion from your enemies."""
Psalms 68:24	They have seen your processions, Elohim, even the processions of my God, my King, into the sanctuary.
Psalms 68:25	The singers went before, the minstrels followed after, in the midst of the ladies playing with tambourines,
Psalms 68:26	"""Bless Elohim in the congregations, even YHWH in the assembly of Israel!"""
Psalms 68:27	There is little Binyamin, their ruler, the princes of Yehudah, their council, the princes of Zevulun, and the princes of Naphtali.
Psalms 68:28	your God has commanded your strength. Strengthen, Elohim, that which you have done for us.
Psalms 68:29	Because of your temple at Yerushalayim, kings shall bring presents to you.
Psalms 68:30	Rebuke the wild animal of the reeds, the multitude of the bulls, with the calves of the peoples. Being humbled, may it bring bars of silver. Scatter the nations that delight in war.
Psalms 68:31	Princes shall come out of Mitzrayim. Ethiopia shall hurry to stretch out her hands to Elohim.
Psalms 68:32	Sing to Elohim, you kingdoms of the earth! Sing praises to YHWH! Selah.
Psalms 68:33	To the one who rides on the heavens of heavens, which are of old; behold, Elohim utters Elohim’s voice, a mighty voice.
Psalms 68:34	Ascribe strength to Elohim! Elohim’s excellency is over Israel, Elohim’s strength is in the skies.
Psalms 68:35	You are awesome, Elohim, in your sanctuaries. The God of Israel gives strength and power to God’s people. Praise be to Elohim!
Psalms 69:1	Save me, Elohim, for the waters have come up to my neck!
Psalms 69:2	I sink in deep mire, where there is no foothold. I have come into deep waters, where the floods overflow me.
Psalms 69:3	I am weary with my crying. My throat is dry. My eyes fail, looking for my God.
Psalms 69:4	Those who hate me without a cause are more than the hairs of my head. Those who want to cut me off, being my enemies wrongfully, are mighty. I have to restore what I didn't take away.
Psalms 69:5	Elohim, you know my foolishness. My sins aren't hidden from you.
Psalms 69:6	Don't let those who wait for you be shamed through me, YHWH God of Armies. Don't let those who seek you be brought to dishonor through me, God of Israel.
Psalms 69:7	Because for your sake, I have borne reproach. Shame has covered my face.
Psalms 69:8	I have become a stranger to my brothers, an alien to my mother's children.
Psalms 69:9	For the zeal of your house consumes me. The reproaches of those who reproach you have fallen on me.
Psalms 69:10	When I wept and I fasted, that was to my reproach.
Psalms 69:11	When I made sackcloth my clothing, I became a byword to them.
Psalms 69:12	Those who sit in the gate talk about me. I am the song of the drunkards.
Psalms 69:13	But as for me, my prayer is to you, YHWH, in an acceptable time. Elohim, in the abundance of your loving kindness, answer me in the truth of your salvation.
Psalms 69:14	Deliver me out of the mire, and don't let me sink. Let me be delivered from those who hate me, and out of the deep waters.
Psalms 69:15	Don't let the flood waters overwhelm me, neither let the deep swallow me up. Don't let the pit shut its mouth on me.
Psalms 69:16	Answer me, YHWH, for your loving kindness is good. According to the multitude of your tender mercies, turn to me.
Psalms 69:17	Don't hide your face from your servant, for I am in distress. Answer me speedily!
Psalms 69:18	Draw near to my soul, and redeem it. Ransom me because of my enemies.
Psalms 69:19	You know my reproach, my shame, and my dishonor. My adversaries are all before you.
Psalms 69:20	Reproach has broken my heart, and I am full of heaviness. I looked for some to take pity, but there was none; for comforters, but I found none.
Psalms 69:21	They also gave me gall for my food. In my thirst, they gave me vinegar to drink.
Psalms 69:22	Let their table before them become a snare. May it become a retribution and a trap.
Psalms 69:23	Let their eyes be darkened, so that they can't see. Let their backs be continually bent.
Psalms 69:24	Pour out your indignation on them. Let the fierceness of your anger overtake them.
Psalms 69:25	Let their habitation be desolate. Let no one dwell in their tents.
Psalms 69:26	For they persecute the one whom you have wounded. They tell of the sorrow of those whom you have hurt.
Psalms 69:27	Charge them with crime upon crime. Don't let them come into your righteousness.
Psalms 69:28	Let them be blotted out of the book of life, and not be written with the righteous.
Psalms 69:29	But I am in pain and distress. Let your salvation, Elohim, protect me.
Psalms 69:30	I will praise the name of Elohim with a song, and will magnify Elohim with thanksgiving.
Psalms 69:31	It will please YHWH better than an ox, or a bull that has horns and hoofs.
Psalms 69:32	The humble have seen it, and are glad. You who seek after Elohim, let your heart live.
Psalms 69:33	For YHWH hears the needy, and doesn't despise his captive people.
Psalms 69:34	Let heavens and earth praise him; the seas, and everything that moves therein!
Psalms 69:35	For Elohim will save Tzion, and build the cities of Yehudah. They shall settle there, and own it.
Psalms 69:36	The children also of Elohim’s servants shall inherit it. Those who love Elohim’s name shall dwell therein.
Psalms 70:1	Hurry, Elohim, to deliver me. Come quickly to help me, YHWH.
Psalms 70:2	Let them be disappointed and confounded who seek my soul. Let those who desire my ruin be turned back in disgrace.
Psalms 70:3	"Let them be turned because of their shame Who say, ""Aha! Aha!"""
Psalms 70:4	"Let all those who seek you rejoice and be glad in you. Let those who love your salvation continually say, ""Let Elohim be exalted!"""
Psalms 70:5	But I am poor and needy. Come to me quickly, Elohim. You are my help and my deliverer. YHWH, don't delay.
Psalms 71:1	In you, YHWH, I take refuge. Never let me be disappointed.
Psalms 71:2	Deliver me in your righteousness, and rescue me. Turn your ear to me, and save me.
Psalms 71:3	Be to me a rock of refuge to which I may always go. Give the command to save me, for you are my rock and my fortress.
Psalms 71:4	Rescue me, my God, from the hand of the wicked, from the hand of the unrighteous and cruel man.
Psalms 71:5	For you are my hope, YHWH God; my confidence from my youth.
Psalms 71:6	I have relied on you from the womb. You are the one who took me out of my mother's womb. I will always praise you.
Psalms 71:7	I am a marvel to many, but you are my strong refuge.
Psalms 71:8	My mouth shall be filled with your praise, with your honor all the day.
Psalms 71:9	Don't reject me in my old age. Don't forsake me when my strength fails.
Psalms 71:10	For my enemies talk about me. Those who watch for my soul conspire together,
Psalms 71:11	"saying, ""Elohim has forsaken him. Pursue and take him, for no one will rescue him."""
Psalms 71:12	Elohim, don't be far from me. my God, hurry to help me.
Psalms 71:13	Let my accusers be disappointed and consumed. Let them be covered with disgrace and scorn who want to harm me.
Psalms 71:14	But I will always hope, and will add to all of your praise.
Psalms 71:15	My mouth will tell about your righteousness, and of your salvation all day, though I don't know its full measure.
Psalms 71:16	I will come with the mighty acts of YHWH God. I will make mention of your righteousness, even of yours alone.
Psalms 71:17	Elohim, you have taught me from my youth. Until now, I have declared your wondrous works.
Psalms 71:18	Yes, even when I am old and gray-haired, Elohim, don't forsake me, until I have declared your strength to the next generation, your might to everyone who is to come.
Psalms 71:19	Your righteousness also, Elohim, reaches to the heavens; you have done great things. Elohim, who is like you?
Psalms 71:20	You, who have shown us many and bitter troubles, you will let me live. You will bring us up again from the depths of the earth.
Psalms 71:21	Increase my honor, and comfort me again.
Psalms 71:22	I will also praise you with the harp for your faithfulness, my God. I sing praises to you with the lyre, Holy One of Israel.
Psalms 71:23	My lips shall shout for joy! My soul, which you have redeemed, sings praises to you!
Psalms 71:24	My tongue will also talk about your righteousness all day long, for they are disappointed, and they are confounded, who want to harm me.
Psalms 72:1	Elohim, give the king your justice; your righteousness to the royal son.
Psalms 72:2	He will judge your people with righteousness, and your poor with justice.
Psalms 72:3	The mountains shall bring prosperity to the people. The hills bring the fruit of righteousness.
Psalms 72:4	He will judge the poor of the people. He will save the children of the needy, and will break the oppressor in pieces.
Psalms 72:5	They shall revere you while the sun endures; and as long as the moon, throughout all generations.
Psalms 72:6	He will come down like rain on the mown grass, as showers that water the earth.
Psalms 72:7	In his days, the righteous shall flourish, and abundance of peace, until the moon is no more.
Psalms 72:8	He shall have dominion also from sea to sea, from the River to the ends of the earth.
Psalms 72:9	Those who dwell in the wilderness shall bow before him. His enemies shall lick the dust.
Psalms 72:10	The kings of Tarshish and of the islands will bring tribute. The kings of Sheba and Seba shall offer gifts.
Psalms 72:11	Yes, all kings shall fall down before him. All nations shall serve him.
Psalms 72:12	For he will deliver the needy when he cries; the poor, who has no helper.
Psalms 72:13	He will have pity on the poor and needy. He will save the souls of the needy.
Psalms 72:14	He will redeem their soul from oppression and violence. Their blood will be precious in his sight.
Psalms 72:15	They shall live, and to him shall be given of the gold of Sheba. People shall pray for him continually. They shall bless him all day long.
Psalms 72:16	There shall be abundance of grain throughout the land. Its fruit sways like Levanon. Let it flourish, thriving like the grass of the field.
Psalms 72:17	His name endures forever. His name continues as long as the sun. People shall be blessed by him. All nations will call him blessed.
Psalms 72:18	Praise be to YHWH Elohim, the God of Israel, who alone does marvelous deeds.
Psalms 72:19	Blessed be YHWH’s glorious name forever! Let the whole earth be filled with YHWH’s glory! Amen and amen.
Psalms 72:20	This ends the prayers by Dawid, the son of Yishai.
Psalms 73:1	Surely Elohim is good to Israel, to those who are pure in heart.
Psalms 73:2	But as for me, my feet were almost gone. My steps had nearly slipped.
Psalms 73:3	For I was envious of the arrogant, when I saw the prosperity of the wicked.
Psalms 73:4	For there are no struggles in their death, but their strength is firm.
Psalms 73:5	They are free from burdens of people, neither are they plagued like other men.
Psalms 73:6	Therefore pride is like a chain around their neck. Violence covers them like a garment.
Psalms 73:7	Their eyes bulge with fat. Their minds pass the limits of conceit.
Psalms 73:8	They scoff and speak with malice. In arrogance, they threaten oppression.
Psalms 73:9	They have set their mouth in the heavens. Their tongue walks through the earth.
Psalms 73:10	Therefore their people return to them, and they drink up waters of abundance.
Psalms 73:11	"They say, ""How does Elohim know? Is there knowledge in the Most High?"""
Psalms 73:12	Behold, these are the wicked. Being always at ease, they increase in riches.
Psalms 73:13	Surely in vain I have cleansed my heart, and washed my hands in innocence,
Psalms 73:14	For all day long have I been plagued, and punished every morning.
Psalms 73:15	"If I had said, ""I will speak thus;"" behold, I would have betrayed the generation of your children."
Psalms 73:16	When I tried to understand this, it was too painful for me;
Psalms 73:17	Until I entered Elohim's sanctuary, and considered their latter end.
Psalms 73:18	Surely you set them in slippery places. You throw them down to destruction.
Psalms 73:19	How they are suddenly destroyed! They are completely swept away with terrors.
Psalms 73:20	As a dream when one wakes up, so, YHWH, when you awake, you will despise their fantasies.
Psalms 73:21	For my soul was grieved. I was embittered in my heart.
Psalms 73:22	I was so senseless and ignorant. I was a brute beast before you.
Psalms 73:23	Nevertheless, I am continually with you. You have held my right hand.
Psalms 73:24	You will guide me with your counsel, and afterward receive me to glory.
Psalms 73:25	Who do I have in heavens? There is no one on earth who I desire besides you.
Psalms 73:26	My flesh and my heart fails, but Elohim is the strength of my heart and my portion forever.
Psalms 73:27	For, behold, those who are far from you shall perish. You have destroyed all those who are unfaithful to you.
Psalms 73:28	But it is good for me to come close to Elohim. I have made YHWH God my refuge, that I may tell of all your works.
Psalms 74:1	Elohim, why have you rejected us forever? Why does your anger smolder against the sheep of your pasture?
Psalms 74:2	Remember your congregation, which you purchased of old, which you have redeemed to be the tribe of your inheritance; Har Tzion, in which you have lived.
Psalms 74:3	Lift up your feet to the perpetual ruins, all the brokenness that the enemy has done in the sanctuary.
Psalms 74:4	Your adversaries have roared in the midst of your assembly. They have set up their standards as signs.
Psalms 74:5	They behaved like men wielding axes, cutting through a thicket of trees.
Psalms 74:6	Now they break all its carved work down with hatchet and hammers.
Psalms 74:7	They have burned your sanctuary to the ground. They have profaned the dwelling place of your Name.
Psalms 74:8	"They said in their heart, ""We will crush them completely."" They have burned up all the places in the land where Elohim was worshiped."
Psalms 74:9	We see no miraculous signs. There is no longer any prophet, neither is there among us anyone who knows how long.
Psalms 74:10	How long, Elohim, shall the adversary reproach? Shall the enemy blaspheme your name forever?
Psalms 74:11	Why do you draw back your hand, even your right hand? Take it out of your pocket and consume them!
Psalms 74:12	Yet Elohim is my King of old, working salvation in the midst of the earth.
Psalms 74:13	You divided the sea by your strength. You broke the heads of the sea monsters in the waters.
Psalms 74:14	You broke the heads of Leviathan in pieces. You gave him as food to people and desert creatures.
Psalms 74:15	You opened up spring and stream. You dried up mighty rivers.
Psalms 74:16	The day is yours, the night is also yours. You have prepared the light and the sun.
Psalms 74:17	You have set all the boundaries of the earth. You have made summer and winter.
Psalms 74:18	Remember this, that the enemy has mocked you, YHWH. Foolish people have blasphemed your name.
Psalms 74:19	Don't deliver the soul of your dove to wild beasts. Don't forget the life of your poor forever.
Psalms 74:20	Honor your covenant, for haunts of violence fill the dark places of the earth.
Psalms 74:21	Don't let the oppressed return ashamed. Let the poor and needy praise your name.
Psalms 74:22	Arise, Elohim! Plead your own cause. Remember how the foolish person mocks you all day.
Psalms 74:23	Don't forget the voice of your adversaries. The tumult of those who rise up against you ascends continually.
Psalms 75:1	We give thanks to you, Elohim. We give thanks, for your Name is near. Men tell about your wondrous works.
Psalms 75:2	When I choose the appointed time, I will judge blamelessly.
Psalms 75:3	The earth and all its inhabitants quake. I firmly hold its pillars. Selah.
Psalms 75:4	"I said to the arrogant, ""Don't boast!"" I said to the wicked, ""Don't lift up the horn."
Psalms 75:5	"Don't lift up your horn on high. Don't speak with a stiff neck."""
Psalms 75:6	For neither from the east, nor from the west, nor yet from the south, comes exaltation.
Psalms 75:7	But Elohim is the judge. Elohim puts down one, and lifts up another.
Psalms 75:8	For in the hand of YHWH there is a cup, full of foaming wine mixed with spices. He pours it out. Indeed the wicked of the earth drink and drink it to its very dregs.
Psalms 75:9	But I will declare this forever: I will sing praises to the God of Ya'akov.
Psalms 75:10	I will cut off all the horns of the wicked, but the horns of the righteous shall be lifted up.
Psalms 76:1	In Yehudah, Elohim is known. Elohim’s name is great in Israel.
Psalms 76:2	Elohim’s tent is also in Salem; Elohim’s dwelling place in Tzion.
Psalms 76:3	There Elohim broke the flaming arrows of the bow, the shield, and the sword, and the weapons of war. Selah.
Psalms 76:4	Glorious are you, and excellent, more than mountains of game.
Psalms 76:5	Valiant men lie plundered, they have slept their last sleep. None of the men of war can lift their hands.
Psalms 76:6	At your rebuke, God of Ya'akov, both chariot and horse are cast into a deep sleep.
Psalms 76:7	You, even you, are to be feared. Who can stand in your sight when you are angry?
Psalms 76:8	You pronounced judgment from heavens. The earth feared, and was silent,
Psalms 76:9	when Elohim arose to judgment, to save all the afflicted ones of the earth. Selah.
Psalms 76:10	Surely the wrath of man praises you. The survivors of your wrath are restrained.
Psalms 76:11	Make vows to YHWH your God, and fulfill them! Let all of their neighbors bring presents to the one who is to be feared.
Psalms 76:12	Elohim will cut off the spirit of princes. Elohim is feared by the kings of the earth.
Psalms 77:1	My cry goes to Elohim! Indeed, I cry to Elohim for help, and for him to listen to me.
Psalms 77:2	In the day of my trouble I sought YHWH. My hand was stretched out in the night, and didn't get tired. My soul refused to be comforted.
Psalms 77:3	I remember Elohim, and I groan. I complain, and my spirit is overwhelmed. Selah.
Psalms 77:4	You hold my eyelids open. I am so troubled that I can't speak.
Psalms 77:5	I have considered the days of old, the years of ancient times.
Psalms 77:6	I remember my song in the night. I consider in my own heart; my spirit diligently inquires:
Psalms 77:7	"""Will YHWH reject us forever? Will he be favorable no more?"
Psalms 77:8	Has YHWH’s loving kindness vanished forever? Does YHWH’s promise fail for generations?
Psalms 77:9	"Has Elohim forgotten to be gracious? Has he, in anger, withheld his compassion?"" Selah."
Psalms 77:10	"Then I thought, ""I will appeal to this: the years of the right hand of the Most High."""
Psalms 77:11	I will remember Yah's deeds; for I will remember your wonders of old.
Psalms 77:12	I will also meditate on all your work, and consider your doings.
Psalms 77:13	Your way, Elohim, is in the sanctuary. What god is great like Elohim?
Psalms 77:14	You are Elohim, the one who does wonders. You have made your strength known among the peoples.
Psalms 77:15	You have redeemed your people with your arm, the sons of Ya'akov and Yosef. Selah.
Psalms 77:16	The waters saw you, Elohim. The waters saw you, and they writhed. The depths also convulsed.
Psalms 77:17	The clouds poured out water. The skies resounded with thunder. Your arrows also flashed around.
Psalms 77:18	The voice of your thunder was in the whirlwind. The lightnings lit up the world. The earth trembled and shook.
Psalms 77:19	Your way was through the sea; your paths through the great waters. Your footsteps were not known.
Psalms 77:20	You led your people like a flock, by the hand of Moshe and Aharon.
Psalms 78:1	Hear my teaching, my people. Turn your ears to the words of my mouth.
Psalms 78:2	I will open my mouth in a parable. I will utter dark sayings of old,
Psalms 78:3	Which we have heard and known, and our fathers have told us.
Psalms 78:4	We will not hide them from their children, telling to the generation to come the praises of YHWH, YHWH’s strength, and YHWH’s wondrous works that YHWH has done.
Psalms 78:5	For YHWH established a testimony in Ya'akov, and appointed a teaching in Israel, which YHWH commanded our fathers, that they should make them known to their children;
Psalms 78:6	that the generation to come might know, even the children who should be born; who should arise and tell their children,
Psalms 78:7	that they might set their hope in Elohim, and not forget the works of Elohim, but keep Elohim’s commandments,
Psalms 78:8	and might not be as their fathers, a stubborn and rebellious generation, a generation that didn't make their hearts loyal, whose spirit was not steadfast with Elohim.
Psalms 78:9	The children of Efrayim, being armed and carrying bows, turned back in the day of battle.
Psalms 78:10	They didn't keep Elohim's covenant, and refused to walk in Elohim’s law.
Psalms 78:11	They forgot Elohim’s doings, Elohim’s wondrous works that Elohim had shown them.
Psalms 78:12	Elohim did marvelous things in the sight of their fathers, in the land of Mitzrayim, in the field of Zoan.
Psalms 78:13	Elohim split the sea, and caused them to pass through. Elohim made the waters stand as a heap.
Psalms 78:14	In the daytime Elohim also led them with a cloud, and all night with a light of fire.
Psalms 78:15	Elohim split rocks in the wilderness, and gave them drink abundantly as out of the depths.
Psalms 78:16	Elohim brought streams also out of the rock, and caused waters to run down like rivers.
Psalms 78:17	Yet they still went on to sin against the Most High, to rebel against the Most High in the desert.
Psalms 78:18	They tempted Elohim in their heart by asking food according to their desire.
Psalms 78:19	"Yes, they spoke against Elohim. They said, ""Can Elohim prepare a table in the wilderness?"
Psalms 78:20	"Behold, Elohim struck the rock, so that waters gushed out, and streams overflowed. Can Elohim give bread also? Will Elohim provide flesh for Elohim’s people?"""
Psalms 78:21	Therefore YHWH heard, and was angry. A fire was kindled against Ya'akov, anger also went up against Israel,
Psalms 78:22	because they didn't believe in Elohim, and didn't trust in Elohim’s salvation.
Psalms 78:23	Yet Elohim commanded the skies above, and opened the doors of heavens.
Psalms 78:24	Elohim rained down manna on them to eat, and gave them food from the heavens.
Psalms 78:25	Man ate the bread of angels. Elohim sent them food to the full.
Psalms 78:26	Elohim caused the east wind to blow in the heavens. By Elohim’s power Elohim guided the south wind.
Psalms 78:27	Elohim rained also flesh on them as the dust; winged birds as the sand of the seas.
Psalms 78:28	Elohim let them fall in the midst of their camp, around their habitations.
Psalms 78:29	So they ate, and were well filled. Elohim gave them their own desire.
Psalms 78:30	They didn't turn from their cravings. Their food was yet in their mouths,
Psalms 78:31	when the anger of Elohim went up against them, killed some of the fattest of them, and struck down the young people of Israel.
Psalms 78:32	For all this they still sinned, and didn't believe in Elohim’s wondrous works.
Psalms 78:33	Therefore Elohim consumed their days in vanity, and their years in terror.
Psalms 78:34	When Elohim killed them, then they inquired after Elohim. They returned and sought Elohim earnestly.
Psalms 78:35	They remembered that Elohim was their rock, the Most High Elohim, their redeemer.
Psalms 78:36	But they flattered Elohim with their mouth, and lied to Elohim with their tongue.
Psalms 78:37	For their heart was not right with Elohim, neither were they faithful in Elohim’s covenant.
Psalms 78:38	But Elohim, being merciful, forgave iniquity, and didn't destroy them. Yes, many times Elohim turned Elohim’s anger away, and didn't stir up all Elohim’s wrath.
Psalms 78:39	Elohim remembered that they were but flesh, a wind that passes away, and doesn't come again.
Psalms 78:40	How often they rebelled against Elohim in the wilderness, and grieved Elohim in the desert!
Psalms 78:41	They turned again and tempted Elohim, and provoked the Holy One of Israel.
Psalms 78:42	They didn't remember Elohim’s hand, nor the day when Elohim redeemed them from the adversary;
Psalms 78:43	how Elohim set Elohim’s signs in Mitzrayim, Elohim’s wonders in the field of Zoan,
Psalms 78:44	Elohim turned their rivers into blood, and their streams, so that they could not drink.
Psalms 78:45	Elohim sent among them swarms of flies, which devoured them; and frogs, which destroyed them.
Psalms 78:46	Elohim gave also their increase to the caterpillar, and their labor to the locust.
Psalms 78:47	Elohim destroyed their vines with hail, their sycamore fig trees with frost.
Psalms 78:48	Elohim gave over their livestock also to the hail, and their flocks to hot thunderbolts.
Psalms 78:49	Elohim threw on them the fierceness of Elohim’s anger, wrath, indignation, and trouble, and a band of angels of brokenness.
Psalms 78:50	Elohim made a path for Elohim’s anger. Elohim didn't spare their soul from death, but gave their life over to the pestilence,
Psalms 78:51	and struck all the firstborn in Mitzrayim, the chief of their strength in the tents of Ham.
Psalms 78:52	But Elohim led forth Elohim’s own people like sheep, and guided them in the wilderness like a flock.
Psalms 78:53	Elohim led them safely, so that they weren't afraid, but the sea overwhelmed their enemies.
Psalms 78:54	Elohim brought them to the border of Elohim’s sanctuary, to this mountain, which Elohim’s right hand had taken.
Psalms 78:55	Elohim also drove out the nations before them, allotted them for an inheritance by line, and made the tribes of Israel to dwell in their tents.
Psalms 78:56	Yet they tempted and rebelled against the Most High Elohim, and didn't keep the Most High’s testimonies;
Psalms 78:57	but turned back, and dealt treacherously like their fathers. They were turned aside like a deceitful bow.
Psalms 78:58	For they provoked the Most High to anger with their high places, and moved the Most High to jealousy with their engraved images.
Psalms 78:59	When Elohim heard this, Elohim was angry, and greatly abhorred Israel;
Psalms 78:60	So that Elohim forsook the tent of Shilo, the tent which Elohim placed among men;
Psalms 78:61	and delivered Elohim’s strength into captivity, Elohim’s glory into the adversary's hand.
Psalms 78:62	Elohim also gave Elohim’s people over to the sword, and was angry with Elohim’s inheritance.
Psalms 78:63	Fire devoured their young people. Their virgins had no wedding song.
Psalms 78:64	Their priests fell by the sword, and their widows couldn't weep.
Psalms 78:65	Then YHWH awakened as one out of sleep, like a mighty man who shouts by reason of wine.
Psalms 78:66	YHWH struck YHWH’s adversaries backward. YHWH put them to a perpetual reproach.
Psalms 78:67	Moreover YHWH rejected the tent of Yosef, and didn't choose the tribe of Efrayim,
Psalms 78:68	But chose the tribe of Yehudah, Har Tzion which YHWH loved.
Psalms 78:69	YHWH built YHWH’s sanctuary like the heights, like the earth which YHWH has established forever.
Psalms 78:70	YHWH also chose Dawid YHWH’s servant, and took him from the sheepfolds;
Psalms 78:71	from following the ewes that have their young, Elohim brought him to be the shepherd of Ya'akov, Elohim’s people, and Israel, Elohim’s inheritance.
Psalms 78:72	So he was their shepherd according to the integrity of his heart, and guided them by the skillfulness of his hands.
Psalms 79:1	Elohim, the nations have come into your inheritance. They have defiled your holy temple. They have laid Yerushalayim in heaps.
Psalms 79:2	They have given the dead bodies of your servants to be food for the birds of the heavens, the flesh of your saints to the animals of the earth.
Psalms 79:3	Their blood they have shed like water around Yerushalayim. There was no one to bury them.
Psalms 79:4	We have become a reproach to our neighbors, a scoffing and derision to those who are around us.
Psalms 79:5	How long, YHWH? Will you be angry forever? Will your jealousy burn like fire?
Psalms 79:6	Pour out your wrath on the nations that don't know you; on the kingdoms that don't call on your name;
Psalms 79:7	For they have devoured Ya'akov, and destroyed his homeland.
Psalms 79:8	Don't hold the iniquities of our forefathers against us. Let your tender mercies speedily meet us, for we are in desperate need.
Psalms 79:9	Help us, God of our salvation, for the glory of your name. Deliver us, and forgive our sins, for your name's sake.
Psalms 79:10	"Why should the nations say, ""Where is their God?"" Let it be known among the nations, before our eyes, that vengeance for your servants' blood is being poured out."
Psalms 79:11	Let the sighing of the prisoner come before you. According to the greatness of your power, preserve those who are sentenced to death.
Psalms 79:12	Pay back to our neighbors seven times into their bosom their reproach with which they have reproached you, YHWH.
Psalms 79:13	So we, your people and sheep of your pasture, will give you thanks forever. We will praise you forever, to all generations.
Psalms 80:1	Hear us, Shepherd of Israel, you who lead Yosef like a flock, you who sit above the cherubim, shine forth.
Psalms 80:2	Before Efrayim and Binyamin and Menashe, stir up your might! Come to save us!
Psalms 80:3	Turn us again, Elohim. Cause your face to shine, and we will be saved.
Psalms 80:4	YHWH God of Armies, How long will you be angry against the prayer of your people?
Psalms 80:5	You have fed them with the bread of tears, and given them tears to drink in large measure.
Psalms 80:6	You make us a source of contention to our neighbors. Our enemies laugh among themselves.
Psalms 80:7	Turn us again, God of Armies. Cause your face to shine, and we will be saved.
Psalms 80:8	You brought a vine out of Mitzrayim. You drove out the nations, and planted it.
Psalms 80:9	You cleared the ground for it. It took deep root, and filled the land.
Psalms 80:10	The mountains were covered with its shadow. Its boughs were like Elohim's cedars.
Psalms 80:11	It sent out its branches to the sea, Its shoots to the River.
Psalms 80:12	Why have you broken down its walls, so that all those who pass by the way pluck it?
Psalms 80:13	The boar out of the wood ravages it. The wild animals of the field feed on it.
Psalms 80:14	Turn again, we beg you, God of Armies. Look down from heavens, and see, and visit this vine,
Psalms 80:15	the stock which your right hand planted, the branch that you made strong for yourself.
Psalms 80:16	It's burned with fire. It's cut down. They perish at your rebuke.
Psalms 80:17	Let your hand be on the person of your right hand, on the child of humanity whom you made strong for yourself.
Psalms 80:18	So we will not turn away from you. Revive us, and we will call on your name.
Psalms 80:19	Turn us again, YHWH God of Armies. Cause your face to shine, and we will be saved.
Psalms 81:1	Sing aloud to Elohim, our strength! Make a joyful shout to the God of Ya'akov!
Psalms 81:2	Raise a song, and bring here the tambourine, the pleasant lyre with the harp.
Psalms 81:3	Blow the trumpet at the New Moon, at the full moon, on our feast day.
Psalms 81:4	For it is a statute for Israel, an ordinance of the God of Ya'akov.
Psalms 81:5	He appointed it in Yosef for a testimony, when he went out over the land of Mitzrayim, I heard a language that I didn't know.
Psalms 81:6	"""I removed his shoulder from the burden. His hands were freed from the basket."
Psalms 81:7	"You called in trouble, and I delivered you. I answered you in the secret place of thunder. I tested you at the waters of Meribah."" Selah."
Psalms 81:8	"""Hear, my people, and I will testify to you, Israel, if you would listen to me!"
Psalms 81:9	There shall be no strange god in you, neither shall you worship any foreign god.
Psalms 81:10	I am YHWH, your God, who brought you up out of the land of Mitzrayim. Open your mouth wide, and I will fill it.
Psalms 81:11	But my people didn't listen to my voice. Israel desired none of me.
Psalms 81:12	So I let them go after the stubbornness of their hearts, that they might walk in their own counsels.
Psalms 81:13	Oh that my people would listen to me, that Israel would walk in my ways!
Psalms 81:14	I would soon subdue their enemies, and turn my hand against their adversaries.
Psalms 81:15	The haters of YHWH would cringe before him, and their punishment would last forever.
Psalms 81:16	"But he would have also fed them with the finest of the wheat. I will satisfy you with honey out of the rock."""
Psalms 82:1	Elohim presides in the great assembly. Elohim judges among the gods.
Psalms 82:2	"""How long will you judge unjustly, and show partiality to the wicked?"" Selah."
Psalms 82:3	"""Defend the weak, the poor, and the fatherless. Maintain the rights of the poor and oppressed."
Psalms 82:4	"Rescue the weak and needy. Deliver them out of the hand of the wicked."""
Psalms 82:5	They don't know, neither do they understand. They walk back and forth in darkness. All the foundations of the earth are shaken.
Psalms 82:6	"I said, ""You are gods, all of you are sons of the Most High."
Psalms 82:7	"Nevertheless you shall die like men, and fall like one of the rulers."""
Psalms 82:8	Arise, Elohim, judge the earth, for you inherit all of the nations.
Psalms 83:1	Elohim, don't keep silent. Don't keep silent, and don't be still, Elohim.
Psalms 83:2	For, behold, your enemies are stirred up. Those who hate you have lifted up their heads.
Psalms 83:3	They conspire with cunning against your people. They plot against your cherished ones.
Psalms 83:4	"""Come,"" they say, ""and let's destroy them as a nation, that the name of Israel may be remembered no more."""
Psalms 83:5	For they have conspired together with one mind. They form an alliance against you.
Psalms 83:6	The tents of Edom and the Ishmaelites; Moab, and the Hagrites;
Psalms 83:7	Gebal, Ammon, and Amalek; Philistia with the inhabitants of Tzor;
Psalms 83:8	Ashur also is joined with them. They have helped the children of Lot. Selah.
Psalms 83:9	Do to them as you did to Midian, as to Sisera, as to Jabin, at the river Kishon;
Psalms 83:10	who perished at Endor, who became as dung for the earth.
Psalms 83:11	Make their nobles like Oreb and Zeeb; yes, all their princes like Zebah and Zalmunna;
Psalms 83:12	"who said, ""Let us take possession of Elohim's pasturelands."""
Psalms 83:13	my God, make them like tumbleweed; like chaff before the wind.
Psalms 83:14	As the fire that burns the forest, as the flame that sets the mountains on fire,
Psalms 83:15	so pursue them with your tempest, and terrify them with your storm.
Psalms 83:16	Fill their faces with confusion, that they may seek your name, YHWH.
Psalms 83:17	Let them be disappointed and dismayed forever. Yes, let them be confounded and perish;
Psalms 83:18	that they may know that you alone, whose name is YHWH, are the Most High over all the earth.
Psalms 84:1	How lovely are your dwellings, YHWH of Armies!
Psalms 84:2	My soul longs, and even faints for the courts of YHWH. My heart and my flesh cry out for the living Elohim.
Psalms 84:3	Yes, the sparrow has found a home, and the swallow a nest for herself, where she may have her young, near your altars, YHWH of Armies, my King, and my God.
Psalms 84:4	Blessed are those who dwell in your house. They are always praising you. Selah.
Psalms 84:5	Blessed are those whose strength is in you; who have set their hearts on a pilgrimage.
Psalms 84:6	Passing through the valley of Weeping, they make it a place of springs. Yes, the autumn rain covers it with blessings.
Psalms 84:7	They go from strength to strength. Everyone of them appears before Elohim in Tzion.
Psalms 84:8	YHWH, God of Armies, hear my prayer. Listen, God of Ya'akov. Selah.
Psalms 84:9	Behold, Elohim our shield, look at the face of your anointed.
Psalms 84:10	For a day in your courts is better than a thousand. I would rather be a doorkeeper in the house of my God, than to dwell in the tents of wickedness.
Psalms 84:11	For YHWH Elohim is a sun and a shield. YHWH will give grace and glory. YHWH withholds no good thing from those who walk blamelessly.
Psalms 84:12	YHWH of Armies, blessed is the one who trusts in you.
Psalms 85:1	YHWH, you have been favorable to your land. You have restored the fortunes of Ya'akov.
Psalms 85:2	You have forgiven the iniquity of your people. You have covered all their sin. Selah.
Psalms 85:3	You have taken away all your wrath. You have turned from the fierceness of your anger.
Psalms 85:4	Turn us, God of our salvation, and cause your indignation toward us to cease.
Psalms 85:5	Will you be angry with us forever? Will you draw out your anger to all generations?
Psalms 85:6	Won't you revive us again, that your people may rejoice in you?
Psalms 85:7	Show us your loving kindness, YHWH. Grant us your salvation.
Psalms 85:8	I will hear what Elohim, YHWH, will speak, for YHWH will speak peace to YHWH’s people, YHWH’s saints; but let them not turn again to folly.
Psalms 85:9	Surely his salvation is near those who revere him, that glory may dwell in our land.
Psalms 85:10	Mercy and truth meet together. Righteousness and peace have kissed each other.
Psalms 85:11	Truth springs out of the earth. Righteousness has looked down from heavens.
Psalms 85:12	Yes, YHWH will give that which is good. Our land will yield its increase.
Psalms 85:13	Righteousness goes before him, And prepares the way for his steps.
Psalms 86:1	Hear, YHWH, and answer me, for I am poor and needy.
Psalms 86:2	Preserve my soul, for I am godly. You, my God, save your servant who trusts in you.
Psalms 86:3	Be merciful to me, YHWH, for I call to you all day long.
Psalms 86:4	Bring joy to the soul of your servant, for to you, YHWH, do I lift up my soul.
Psalms 86:5	For you, YHWH, are good, and ready to forgive; abundant in loving kindness to all those who call on you.
Psalms 86:6	Hear, YHWH, my prayer. Listen to the voice of my petitions.
Psalms 86:7	In the day of my trouble I will call on you, for you will answer me.
Psalms 86:8	There is no one like you among the gods, YHWH, nor any deeds like your deeds.
Psalms 86:9	All nations you have made will come and worship before you, YHWH. They shall glorify your name.
Psalms 86:10	For you are great, and do wondrous things. You are Elohim alone.
Psalms 86:11	Teach me your way, YHWH. I will walk in your truth. Make my heart undivided to revere your name.
Psalms 86:12	I will praise you, YHWH my God, with my whole heart. I will glorify your name forevermore.
Psalms 86:13	For your loving kindness is great toward me. You have delivered my soul from the lowest Sheol.
Psalms 86:14	Elohim, the proud have risen up against me. A company of violent men have sought after my soul, and they don't hold regard for you before them.
Psalms 86:15	But you, YHWH, are a merciful and gracious Elohim, slow to anger, and abundant in loving kindness and truth.
Psalms 86:16	Turn to me, and have mercy on me! Give your strength to your servant. Save the son of your handmaid.
Psalms 86:17	Show me a sign of your goodness, that those who hate me may see it, and be shamed, because you, YHWH, have helped me, and comforted me.
Psalms 87:1	His foundation is in the holy mountains.
Psalms 87:2	YHWH loves the gates of Tzion more than all the dwellings of Ya'akov.
Psalms 87:3	Glorious things are spoken about you, city of Elohim. Selah.
Psalms 87:4	"I will record Rahab and Bavel among those who acknowledge me. Behold, Philistia, Tzor, and also Ethiopia: ""This one was born there."""
Psalms 87:5	"Yes, of Tzion it will be said, ""This one and that one was born in her;"" the Most High will establish her."
Psalms 87:6	"YHWH will count, when YHWH writes up the peoples, ""This one was born there."" Selah."
Psalms 87:7	"Those who sing as well as those who dance say, ""All my springs are in you."""
Psalms 88:1	YHWH, the God of my salvation, I have cried day and night before you.
Psalms 88:2	Let my prayer enter into your presence. Turn your ear to my cry.
Psalms 88:3	For my soul is full of troubles. My life draws near to Sheol.
Psalms 88:4	I am counted among those who go down into the pit. I am like a person who has no help,
Psalms 88:5	set apart among the dead, like the slain who lie in the grave, whom you remember no more. They are cut off from your hand.
Psalms 88:6	You have laid me in the lowest pit, in the darkest depths.
Psalms 88:7	Your wrath lies heavily on me. You have afflicted me with all your waves. Selah.
Psalms 88:8	You have taken my friends from me. You have made me an abomination to them. I am confined, and I can't escape.
Psalms 88:9	My eyes are dim from grief. I have called on you daily, YHWH. I have spread out my hands to you.
Psalms 88:10	Do you show wonders to the dead? Do the dead rise up and praise you? Selah.
Psalms 88:11	Is your loving kindness declared in the grave? Or your faithfulness in Destruction?
Psalms 88:12	Are your wonders made known in the dark? Or your righteousness in the land of forgetfulness?
Psalms 88:13	But to you, YHWH, I have cried. In the morning, my prayer comes before you.
Psalms 88:14	YHWH, why do you reject my soul? Why do you hide your face from me?
Psalms 88:15	I am afflicted and ready to die from my youth up. While I suffer your terrors, I am distracted.
Psalms 88:16	Your fierce wrath has gone over me. Your terrors have cut me off.
Psalms 88:17	They came around me like water all day long. They completely engulfed me.
Psalms 88:18	You have put lover and friend far from me, and my friends into darkness.
Psalms 89:1	I will sing of the loving kindness of YHWH forever. With my mouth, I will make known your faithfulness to all generations.
Psalms 89:2	"I indeed declare, ""Love stands firm forever. You established the heavens. Your faithfulness is in them."""
Psalms 89:3	"""I have made a covenant with my chosen one, I have sworn to Dawid, my servant,"
Psalms 89:4	"'I will establish your seed forever, and build up your throne to all generations.'"" Selah."
Psalms 89:5	The heavens will praise your wonders, YHWH; your faithfulness also in the assembly of the holy ones.
Psalms 89:6	For who in the skies can be compared to YHWH? Who among the sons of the heavenly beings is like YHWH,
Psalms 89:7	a very awesome Elohim in the council of the holy ones, to be feared above all those who are around him?
Psalms 89:8	YHWH, God of Armies, who is a mighty one, like you? Yah, your faithfulness is around you.
Psalms 89:9	You rule the pride of the sea. When its waves rise up, you calm them.
Psalms 89:10	You have broken Rahab in pieces, like one of the slain. You have scattered your enemies with your mighty arm.
Psalms 89:11	The heavens are yours. The earth also is yours; the world and its fullness. You have founded them.
Psalms 89:12	The north and the south, you have created them. Tabor and Hermon rejoice in your name.
Psalms 89:13	You have a mighty arm. Your hand is strong, and your right hand is exalted.
Psalms 89:14	Righteousness and justice are the foundation of your throne. Loving kindness and truth go before your face.
Psalms 89:15	Blessed are the people who learn to acclaim you. They walk in the light of your presence, YHWH.
Psalms 89:16	In your name they rejoice all day. In your righteousness, they are exalted.
Psalms 89:17	For you are the glory of their strength. In your favor, our horn will be exalted.
Psalms 89:18	For our shield belongs to YHWH; our king to the Holy One of Israel.
Psalms 89:19	"Then you spoke in vision to your saints, and said, ""I have bestowed strength on the warrior. I have exalted a young person from the people."
Psalms 89:20	I have found Dawid, my servant. I have anointed him with my holy oil,
Psalms 89:21	with whom my hand shall be established. My arm will also strengthen him.
Psalms 89:22	No enemy will tax him. No broken person will oppress him.
Psalms 89:23	I will beat down his adversaries before him, and strike those who hate him.
Psalms 89:24	But my faithfulness and my loving kindness will be with him. In my name, his horn will be exalted.
Psalms 89:25	I will set his hand also on the sea, and his right hand on the rivers.
Psalms 89:26	He will call to me, 'You are my Cosmic Parent, my God, and the rock of my salvation!'
Psalms 89:27	I will also appoint him my firstborn, the highest of the kings of the earth.
Psalms 89:28	I will keep my loving kindness for him forevermore. My covenant will stand firm with him.
Psalms 89:29	I will also make his seed endure forever, and his throne as the days of heavens.
Psalms 89:30	If his children forsake my law, and don't walk in my ordinances;
Psalms 89:31	if they break my statutes, and don't keep my commandments;
Psalms 89:32	then I will punish their sin with the rod, and their iniquity with stripes.
Psalms 89:33	But I will not completely take my loving kindness from him, nor allow my faithfulness to fail.
Psalms 89:34	I will not break my covenant, nor alter what my lips have uttered.
Psalms 89:35	Once have I sworn by my holiness, I will not lie to Dawid.
Psalms 89:36	His seed will endure forever, his throne like the sun before me.
Psalms 89:37	"It will be established forever like the moon, the faithful witness in the heavens."" Selah."
Psalms 89:38	But you have rejected and spurned. You have been angry with your anointed.
Psalms 89:39	You have renounced the covenant of your servant. You have defiled his crown in the dust.
Psalms 89:40	You have broken down all his hedges. You have brought his strongholds to ruin.
Psalms 89:41	All who pass by the way rob him. He has become a reproach to his neighbors.
Psalms 89:42	You have exalted the right hand of his adversaries. You have made all of his enemies rejoice.
Psalms 89:43	Yes, you turn back the edge of his sword, and haven't supported him in battle.
Psalms 89:44	You have ended his splendor, and thrown his throne down to the ground.
Psalms 89:45	You have shortened the days of his youth. You have covered him with shame. Selah.
Psalms 89:46	How long, YHWH? Will you hide yourself forever? Will your wrath burn like fire?
Psalms 89:47	Remember how short my time is! For what vanity have you created all the children of people!
Psalms 89:48	What a person is the one who shall live and not see death, who shall deliver their soul from the power of Sheol? Selah.
Psalms 89:49	YHWH, where are your former loving kindnesses, which you swore to Dawid in your faithfulness?
Psalms 89:50	Remember, YHWH, the reproach of your servants, how I bear in my heart the taunts of all the mighty peoples,
Psalms 89:51	With which your enemies have mocked, YHWH, with which they have mocked the footsteps of your anointed one.
Psalms 89:52	Blessed be YHWH forevermore. Amen, and Amen.
Psalms 90:1	YHWH, you have been our dwelling place for all generations.
Psalms 90:2	Before the mountains were brought forth, before you had formed the earth and the world, even from everlasting to everlasting, you are Elohim.
Psalms 90:3	"You turn man to destruction, saying, ""Return, you children of people."""
Psalms 90:4	For a thousand years in your sight are just like yesterday when it is past, like a watch in the night.
Psalms 90:5	You sweep them away as they sleep. In the morning they sprout like new grass.
Psalms 90:6	In the morning it sprouts and springs up. By evening, it is withered and dry.
Psalms 90:7	For we are consumed in your anger. We are troubled in your wrath.
Psalms 90:8	You have set our iniquities before you, our secret sins in the light of your presence.
Psalms 90:9	For all our days have passed away in your wrath. We bring our years to an end as a sigh.
Psalms 90:10	The days of our years are seventy, or even by reason of strength eighty years; yet their pride is but labor and sorrow, for it passes quickly, and we fly away.
Psalms 90:11	Who knows the power of your anger, your wrath according to the fear that is due to you?
Psalms 90:12	So teach us to number our days, that we may gain a heart of wisdom.
Psalms 90:13	Relent, YHWH! How long? Have compassion on your servants!
Psalms 90:14	Satisfy us in the morning with your loving kindness, that we may rejoice and be glad all our days.
Psalms 90:15	Make us glad for as many days as you have afflicted us, for as many years as we have seen brokenness.
Psalms 90:16	Let your work appear to your servants; your glory to their children.
Psalms 90:17	Let the favor of YHWH our God be on us; establish the work of our hands for us; yes, establish the work of our hands.
Psalms 91:1	The one who dwells in the secret place of the Most High will rest in the shadow of the Almighty.
Psalms 91:2	"I will say of YHWH, ""He is my refuge and my fortress; my God, in whom I trust."""
Psalms 91:3	For YHWH will deliver you from the snare of the fowler, and from the deadly pestilence.
Psalms 91:4	YHWH will cover you with YHWH’s feathers. Under YHWH’s wings you will take refuge. YHWH’s faithfulness is your shield and rampart.
Psalms 91:5	You shall not be afraid of the terror by night, nor of the arrow that flies by day;
Psalms 91:6	nor of the pestilence that walks in darkness, nor of the destruction that wastes at noonday.
Psalms 91:7	A thousand may fall at your side, and ten thousand at your right hand; but it will not come near you.
Psalms 91:8	You will only look with your eyes, and see the recompense of the wicked.
Psalms 91:9	Because you have made YHWH your refuge, and the Most High your dwelling place,
Psalms 91:10	no brokenness shall happen to you, neither shall any plague come near your dwelling.
Psalms 91:11	For YHWH will give YHWH’s angels charge over you, to guard you in all your ways.
Psalms 91:12	They will bear you up in their hands, so that you won't dash your foot against a stone.
Psalms 91:13	You will tread on the lion and cobra. You will trample the young lion and the serpent underfoot.
Psalms 91:14	"""Because he has set his love on me, therefore I will deliver him. I will set him on high, because he has known my name."
Psalms 91:15	He will call on me, and I will answer him. I will be with him in trouble. I will deliver him, and honor him.
Psalms 91:16	"I will satisfy him with long life, and show him my salvation."""
Psalms 92:1	It is a good thing to give thanks to YHWH, to sing praises to your name, Most High;
Psalms 92:2	to proclaim your loving kindness in the morning, and your faithfulness every night,
Psalms 92:3	with the ten-stringed lute, with the harp, and with the melody of the lyre.
Psalms 92:4	For you, YHWH, have made me glad through your work. I will triumph in the works of your hands.
Psalms 92:5	How great are your works, YHWH! Your thoughts are very deep.
Psalms 92:6	A senseless man doesn't know, neither does a fool understand this:
Psalms 92:7	though the wicked spring up as the grass, and all the people who act from brokenness flourish, they will be destroyed forever.
Psalms 92:8	But you, YHWH, are on high forevermore.
Psalms 92:9	For, behold, your enemies, YHWH, for, behold, your enemies shall perish. All the people who act from brokenness will be scattered.
Psalms 92:10	But you have exalted my horn like that of the wild ox. I am anointed with fresh oil.
Psalms 92:11	My eye has also seen my enemies. My ears have heard of the wicked enemies who rise up against me.
Psalms 92:12	The righteous shall flourish like the palm tree. He will grow like a cedar in Levanon.
Psalms 92:13	They are planted in YHWH's house. They will flourish in our God's courts.
Psalms 92:14	They will still bring forth fruit in old age. They will be full of sap and green,
Psalms 92:15	to show that YHWH is upright. YHWH is my rock, and there is no unrighteousness in YHWH.
Psalms 93:1	YHWH reigns! YHWH is clothed with majesty! YHWH is armed with strength. The world also is established. It can't be moved.
Psalms 93:2	Your throne is established from long ago. You are from everlasting.
Psalms 93:3	The floods have lifted up, YHWH, the floods have lifted up their voice. The floods lift up their waves.
Psalms 93:4	Above the voices of many waters, the mighty breakers of the sea, YHWH on high is mighty.
Psalms 93:5	Your statutes stand firm. Holiness adorns your house, YHWH, forevermore.
Psalms 94:1	YHWH, you Elohim to whom vengeance belongs, you Elohim to whom vengeance belongs, shine forth.
Psalms 94:2	Rise up, you judge of the earth. Pay back the proud what they deserve.
Psalms 94:3	YHWH, how long will the wicked, how long will the wicked triumph?
Psalms 94:4	They pour out arrogant words. All the people who act from brokenness boast.
Psalms 94:5	They break your people in pieces, YHWH, and afflict your heritage.
Psalms 94:6	They kill the widow and the alien, and murder the fatherless.
Psalms 94:7	"They say, ""Yah will not see, neither will Ya'akov's Elohim consider."""
Psalms 94:8	Consider, you senseless among the people; you fools, when will you be wise?
Psalms 94:9	The one who implanted the ear, won't they hear? The one who formed the eye, won't they see?
Psalms 94:10	The one who disciplines the nations, won't they punish? The one who teaches man knows.
Psalms 94:11	YHWH knows the thoughts of man, that they are futile.
Psalms 94:12	Blessed is the person whom you discipline, Yah, and teach out of your law;
Psalms 94:13	that you may give him rest from the days of adversity, until the pit is dug for the wicked.
Psalms 94:14	For YHWH won't reject YHWH’s people, neither will YHWH forsake YHWH’s inheritance.
Psalms 94:15	For judgment will return to righteousness. All the upright in heart shall follow it.
Psalms 94:16	Who will rise up for me against the wicked? Who will stand up for me against the people who act from brokenness?
Psalms 94:17	Unless YHWH had been my help, my soul would have soon lived in silence.
Psalms 94:18	"When I said, ""My foot is slipping!"" Your loving kindness, YHWH, held me up."
Psalms 94:19	In the multitude of my thoughts within me, your comforts delight my soul.
Psalms 94:20	Shall the throne of wickedness have fellowship with you, which brings about mischief by statute?
Psalms 94:21	They gather themselves together against the soul of the righteous, and condemn the innocent blood.
Psalms 94:22	But YHWH has been my high tower, my God, the rock of my refuge.
Psalms 94:23	YHWH has brought on them their own iniquity, and will cut them off in their own wickedness. YHWH, our God, will cut them off.
Psalms 95:1	Oh come, let's sing to YHWH. Let's shout aloud to the rock of our salvation!
Psalms 95:2	Let's come before YHWH’s presence with thanksgiving. Let's extol YHWH with songs!
Psalms 95:3	For YHWH is a great Elohim, a great King above all gods.
Psalms 95:4	In YHWH’s hand are the deep places of the earth. The heights of the mountains are also YHWH’s.
Psalms 95:5	The sea is YHWH’s, and YHWH made it. YHWH’s hands formed the dry land.
Psalms 95:6	Oh come, let's worship and bow down. Let's kneel before YHWH, our Maker,
Psalms 95:7	for YHWH is our God. We are the people of YHWH’s pasture, and the sheep in YHWH’s care. Today, oh that you would hear YHWH’s voice!
Psalms 95:8	Don't harden your heart, as at Meribah, as in the day of Massah in the wilderness,
Psalms 95:9	when your fathers tempted me, tested me, and saw my work.
Psalms 95:10	"Forty long years I was grieved with that generation, and said, ""It is a people that errs in their heart. They have not known my ways."""
Psalms 95:11	"Therefore I swore in my wrath, ""They won't enter into my rest."""
Psalms 96:1	Sing to YHWH a new song! Sing to YHWH, all the earth.
Psalms 96:2	Sing to YHWH! Bless YHWH’s name! Proclaim YHWH’s salvation from day to day!
Psalms 96:3	Declare YHWH’s glory among the nations, YHWH’s marvelous works among all the peoples.
Psalms 96:4	For great is YHWH, and greatly to be praised! YHWH is to be revered above all gods.
Psalms 96:5	For all the gods of the peoples are idols, but YHWH made the heavens.
Psalms 96:6	Honor and majesty are before YHWH. Strength and beauty are in YHWH’s sanctuary.
Psalms 96:7	Ascribe to YHWH, you families of nations, ascribe to YHWH glory and strength.
Psalms 96:8	Ascribe to YHWH the glory due to YHWH’s name. Bring an offering, and come into YHWH’s courts.
Psalms 96:9	Worship YHWH in holy array. Tremble before him, all the earth.
Psalms 96:10	"Say among the nations, ""YHWH reigns."" The world is also established. It can't be moved. YHWH will judge the peoples with equity."
Psalms 96:11	Let the heavens be glad, and let the earth rejoice. Let the sea roar, and its fullness!
Psalms 96:12	Let the field and all that is in it exult! Then all the trees of the woods shall sing for joy
Psalms 96:13	before YHWH; for YHWH comes, for YHWH comes to judge the earth. YHWH will judge the world with righteousness, the peoples with YHWH’s truth.
Psalms 97:1	YHWH reigns! Let the earth rejoice! Let the multitude of islands be glad!
Psalms 97:2	Clouds and darkness are around YHWH. Righteousness and justice are the foundation of YHWH’s throne.
Psalms 97:3	A fire goes before YHWH, and burns up YHWH’s adversaries on every side.
Psalms 97:4	YHWH’s lightning lights up the world. The earth sees, and trembles.
Psalms 97:5	The mountains melt like wax at the presence of YHWH, at the presence of YHWH of the whole earth.
Psalms 97:6	The heavens declare YHWH’s righteousness. All the peoples have seen YHWH’s glory.
Psalms 97:7	Let all them be shamed who serve engraved images, who boast in their idols. Worship him, all you gods!
Psalms 97:8	Tzion heard and was glad. The daughters of Yehudah rejoiced, because of your judgments, YHWH.
Psalms 97:9	For you, YHWH, are most high above all the earth. You are exalted far above all gods.
Psalms 97:10	You who love YHWH, hate brokenness. YHWH preserves the souls of YHWH’s saints. YHWH delivers them out of the hand of the wicked.
Psalms 97:11	Light is sown for the righteous, and gladness for the upright in heart.
Psalms 97:12	Be glad in YHWH, you righteous people! Give thanks to YHWH’s holy Name.
Psalms 98:1	Sing to YHWH a new song, for YHWH has done marvelous things! YHWH’s right hand, and YHWH’s holy arm, have worked salvation for YHWH.
Psalms 98:2	YHWH has made known YHWH’s salvation. YHWH has openly shown YHWH’s righteousness in the sight of the nations.
Psalms 98:3	YHWH has remembered YHWH’s loving kindness and YHWH’s faithfulness toward the house of Israel. All the ends of the earth have seen the salvation of our God.
Psalms 98:4	Make a joyful noise to YHWH, all the earth! Burst out and sing for joy, yes, sing praises!
Psalms 98:5	Sing praises to YHWH with the harp, with the harp and the voice of melody.
Psalms 98:6	With trumpets and sound of the ram's horn, make a joyful noise before the King, YHWH.
Psalms 98:7	Let the sea roar with its fullness; the world, and those who dwell therein.
Psalms 98:8	Let the rivers clap their hands. Let the mountains sing for joy together.
Psalms 98:9	Let them sing before YHWH, for YHWH comes to judge the earth. YHWH will judge the world with righteousness, and the peoples with equity.
Psalms 99:1	YHWH reigns! Let the peoples tremble. YHWH sits enthroned among the cherubim. Let the earth be moved.
Psalms 99:2	YHWH is great in Tzion. YHWH is high above all the peoples.
Psalms 99:3	Let them praise your great and awesome name. YHWH is Holy!
Psalms 99:4	The King's strength also loves justice. You do establish equity. You execute justice and righteousness in Ya'akov.
Psalms 99:5	Exalt YHWH our God. Worship at YHWH’s footstool. YHWH is Holy!
Psalms 99:6	Moshe and Aharon were among YHWH’s priests, Shmuel among those who call on YHWH’s name; they called on YHWH, and YHWH answered them.
Psalms 99:7	YHWH spoke to them in the pillar of cloud. They kept YHWH’s testimonies, the statute that YHWH gave them.
Psalms 99:8	You answered them, YHWH our God. You are an Elohim who forgave them, although you took vengeance for their doings.
Psalms 99:9	Exalt YHWH, our God. Worship at YHWH’s holy hill, for YHWH, our God, is holy!
Psalms 100:1	Shout for joy to YHWH, all you lands!
Psalms 100:2	Serve YHWH with gladness. Come before YHWH’s presence with singing.
Psalms 100:3	Know that YHWH, is Elohim. It is the one who has made us, and we are their. We are YHWH’s people, and the sheep of YHWH’s pasture.
Psalms 100:4	Enter into YHWH’s gates with thanksgiving, into YHWH’s courts with praise. Give thanks to YHWH, and bless YHWH’s name.
Psalms 100:5	For YHWH is good. YHWH’s loving kindness endures forever, YHWH’s faithfulness to all generations.
Psalms 101:1	I will sing of loving kindness and justice. To you, YHWH, I will sing praises.
Psalms 101:2	I will be careful to live a blameless life. When will you come to me? I will walk within my house with a blameless heart.
Psalms 101:3	I will set no vile thing before my eyes. I hate the deeds of faithless men. They will not cling to me.
Psalms 101:4	A perverse heart will be far from me. I will have nothing to do with brokenness.
Psalms 101:5	I will silence whoever secretly slanders their neighbor. I won't tolerate one who is haughty and conceited.
Psalms 101:6	My eyes will be on the faithful of the land, that they may dwell with me. The one who walks in a perfect way, they will serve me.
Psalms 101:7	The one who practices deceit won't dwell within my house. The one who speaks falsehood won't be established before my eyes.
Psalms 101:8	Morning by morning, I will destroy all the wicked of the land; to cut off all the workers of iniquity from YHWH's city.
Psalms 102:1	Hear my prayer, YHWH! Let my cry come to you.
Psalms 102:2	Don't hide your face from me in the day of my distress. Turn your ear to me. Answer me quickly in the day when I call.
Psalms 102:3	For my days consume away like smoke. My bones are burned as a firebrand.
Psalms 102:4	My heart is blighted like grass, and withered, for I forget to eat my bread.
Psalms 102:5	By reason of the voice of my groaning, my bones stick to my skin.
Psalms 102:6	I am like a pelican of the wilderness. I have become as an owl of the waste places.
Psalms 102:7	I watch, and have become like a sparrow that is alone on the housetop.
Psalms 102:8	My enemies reproach me all day. Those who are mad at me use my name as a curse.
Psalms 102:9	For I have eaten ashes like bread, and mixed my drink with tears,
Psalms 102:10	Because of your indignation and your wrath, for you have taken me up, and thrown me away.
Psalms 102:11	My days are like a long shadow. I have withered like grass.
Psalms 102:12	But you, YHWH, will abide forever; your renown endures to all generations.
Psalms 102:13	You will arise and have mercy on Tzion; for it is time to have pity on her. Yes, the set time has come.
Psalms 102:14	For your servants take pleasure in her stones, and have pity on her dust.
Psalms 102:15	So the nations will fear the name of YHWH; all the kings of the earth your glory.
Psalms 102:16	For YHWH has built up Tzion. YHWH has appeared in YHWH’s glory.
Psalms 102:17	YHWH has responded to the prayer of the destitute, and has not despised their prayer.
Psalms 102:18	This will be written for the generation to come. A people which will be created will praise Yah.
Psalms 102:19	For YHWH has looked down from the height of YHWH’s sanctuary. From heavens, YHWH saw the earth;
Psalms 102:20	to hear the groans of the prisoner; to free those who are condemned to death;
Psalms 102:21	that men may declare the name of YHWH in Tzion, and YHWH’s praise in Yerushalayim;
Psalms 102:22	when the peoples are gathered together, the kingdoms, to serve YHWH.
Psalms 102:23	YHWH weakened my strength along the course. YHWH shortened my days.
Psalms 102:24	"I said, ""my God, don't take me away in the midst of my days. Your years are throughout all generations."
Psalms 102:25	Of old, you laid the foundation of the earth. The heavens are the work of your hands.
Psalms 102:26	They will perish, but you will endure. Yes, all of them will wear out like a garment. You will change them like a cloak, and they will be changed.
Psalms 102:27	But you are the same. Your years will have no end.
Psalms 102:28	"The children of your servants will continue. Their seed will be established before you."""
Psalms 103:1	Praise YHWH, my soul! All that is within me, praise YHWH’s holy name!
Psalms 103:2	Praise YHWH, my soul, and don't forget all YHWH’s benefits;
Psalms 103:3	who forgives all your sins; who heals all your diseases;
Psalms 103:4	who redeems your life from destruction; who crowns you with loving kindness and tender mercies;
Psalms 103:5	who satisfies your desire with good things, so that your youth is renewed like the eagle's.
Psalms 103:6	YHWH executes righteous acts, and justice for all who are oppressed.
Psalms 103:7	YHWH made known YHWH’s ways to Moshe, YHWH’s deeds to the children of Israel.
Psalms 103:8	YHWH is merciful and gracious, slow to anger, and abundant in loving kindness.
Psalms 103:9	YHWH will not always accuse; neither will YHWH stay angry forever.
Psalms 103:10	YHWH has not dealt with us according to our sins, nor repaid us for our iniquities.
Psalms 103:11	For as the heavens are high above the earth, so great is YHWH’s loving kindness toward those who revere YHWH.
Psalms 103:12	As far as the east is from the west, so far has YHWH removed our transgressions from us.
Psalms 103:13	Like a father has compassion on his children, so YHWH has compassion on those who revere YHWH.
Psalms 103:14	For YHWH knows how we are made. YHWH remembers that we are dust.
Psalms 103:15	As for man, his days are like grass. As a flower of the field, so he flourishes.
Psalms 103:16	For the wind passes over it, and it is gone. Its place remembers it no more.
Psalms 103:17	But YHWH's loving kindness is from everlasting to everlasting with those who revere YHWH, YHWH’s righteousness to children's children;
Psalms 103:18	to those who keep YHWH’s covenant, to those who remember to obey YHWH’s precepts.
Psalms 103:19	YHWH has established YHWH’s throne in the heavens. YHWH’s kingdom rules over all.
Psalms 103:20	Praise YHWH, YHWH’s angels, who are mighty in strength, who fulfill YHWH’s word, obeying the voice of YHWH’s word.
Psalms 103:21	Praise YHWH, all YHWH’s armies, you servants of YHWH, who do YHWH’s pleasure.
Psalms 103:22	Praise YHWH, all YHWH’s works, in all places of YHWH’s dominion. Praise YHWH, my soul!
Psalms 104:1	Bless YHWH, my soul. YHWH, my God, you are very great. You are clothed with honor and majesty.
Psalms 104:2	YHWH is clothed with light as with a garment. YHWH stretches out the heavens like a curtain.
Psalms 104:3	YHWH lays the beams of YHWH’s chambers in the waters. YHWH makes the clouds YHWH’s chariot. YHWH walks on the wings of the wind.
Psalms 104:4	YHWH makes YHWH’s messengers winds; YHWH’s servants flames of fire.
Psalms 104:5	YHWH laid the foundations of the earth, that it should not be moved forever.
Psalms 104:6	You covered it with the deep as with a cloak. The waters stood above the mountains.
Psalms 104:7	At your rebuke they fled. At the voice of your thunder they hurried away.
Psalms 104:8	The mountains rose, the valleys sank down, to the place which you had assigned to them.
Psalms 104:9	You have set a boundary that they may not pass over; that they don't turn again to cover the earth.
Psalms 104:10	YHWH sends forth springs into the valleys. They run among the mountains.
Psalms 104:11	They give drink to every animal of the field. The wild donkeys quench their thirst.
Psalms 104:12	The birds of the heavens nest by them. They sing among the branches.
Psalms 104:13	YHWH waters the mountains from YHWH’s chambers. The earth is filled with the fruit of your works.
Psalms 104:14	YHWH causes the grass to grow for the livestock, and plants for man to cultivate, that he may bring forth food out of the earth:
Psalms 104:15	wine that makes glad the human heart, oil to make their face to shine, and bread that strengthens a person's heart.
Psalms 104:16	YHWH's trees are well watered, the cedars of Levanon, which YHWH has planted;
Psalms 104:17	where the birds make their nests. The stork makes its home in the fir trees.
Psalms 104:18	The high mountains are for the wild goats. The rocks are a refuge for the rock badgers.
Psalms 104:19	YHWH appointed the moon for seasons. The sun knows when to set.
Psalms 104:20	You make darkness, and it is night, in which all the animals of the forest prowl.
Psalms 104:21	The young lions roar after their prey, and seek their food from Elohim.
Psalms 104:22	The sun rises, and they steal away, and lay down in their dens.
Psalms 104:23	Man goes forth to his work, to his labor until the evening.
Psalms 104:24	YHWH, how many are your works! In wisdom have you made them all. The earth is full of your riches.
Psalms 104:25	There is the sea, great and wide, in which are innumerable living things, both small and large animals.
Psalms 104:26	There the ships go, and leviathan, whom you formed to play there.
Psalms 104:27	These all wait for you, that you may give them their food in due season.
Psalms 104:28	You give to them; they gather. You open your hand; they are satisfied with good.
Psalms 104:29	You hide your face: they are troubled; you take away their breath: they die, and return to the dust.
Psalms 104:30	You send forth your Ruach: they are created. You renew the face of the ground.
Psalms 104:31	Let the glory of YHWH endure forever. Let YHWH rejoice in YHWH’s works.
Psalms 104:32	YHWH looks at the earth, and it trembles. YHWH touches the mountains, and they smoke.
Psalms 104:33	I will sing to YHWH as long as I live. I will sing praise to my God while I have any being.
Psalms 104:34	Let your meditation be sweet to him. I will rejoice in YHWH.
Psalms 104:35	Let sinners be consumed out of the earth. Let the wicked be no more. Bless YHWH, my soul. Praise Yah!
Psalms 105:1	Give thanks to YHWH! Call on YHWH’s name! Make YHWH’s doings known among the peoples.
Psalms 105:2	Sing to YHWH, sing praises to YHWH! Tell of all YHWH’s marvelous works.
Psalms 105:3	Glory in YHWH’s holy name. Let the heart of those who seek YHWH rejoice.
Psalms 105:4	Seek YHWH and YHWH’s strength. Seek YHWH’s face forever more.
Psalms 105:5	Remember YHWH’s marvelous works that YHWH has done; YHWH’s wonders, and the judgments of YHWH’s mouth,
Psalms 105:6	you seed of Avraham, YHWH’s servant, you children of Ya'akov, YHWH’s chosen ones.
Psalms 105:7	YHWH is YHWH, our God. YHWH’s judgments are in all the earth.
Psalms 105:8	YHWH has remembered YHWH’s covenant forever, the word which YHWH commanded to a thousand generations,
Psalms 105:9	the covenant which YHWH made with Avraham, YHWH’s oath to Yitzhak,
Psalms 105:10	and confirmed the same to Ya'akov for a statute; to Israel for an everlasting covenant,
Psalms 105:11	"saying, ""To you I will give the land of Kena'an, the lot of your inheritance;"""
Psalms 105:12	when they were but a few men in number, yes, very few, and foreigners in it.
Psalms 105:13	They went about from nation to nation, from one kingdom to another people.
Psalms 105:14	They allowed no one to do them wrong. Yes, YHWH reproved kings for their sakes,
Psalms 105:15	"""Don't touch my anointed ones! Do my prophets no harm!"""
Psalms 105:16	YHWH called for a famine on the land. YHWH destroyed the food supplies.
Psalms 105:17	They sent a person before them. Yosef was sold for a slave.
Psalms 105:18	They bruised his feet with shackles. His neck was locked in irons,
Psalms 105:19	until the time that his word happened, and YHWH's word proved him true.
Psalms 105:20	The king sent and freed him; even the ruler of peoples, and let him go free.
Psalms 105:21	He made him lord of his house, and ruler of all of his possessions;
Psalms 105:22	to discipline his princes at his pleasure, and to teach his elders wisdom.
Psalms 105:23	Israel also came into Mitzrayim. Ya'akov sojourned in the land of Ham.
Psalms 105:24	YHWH increased YHWH’s people greatly, and made them stronger than their adversaries.
Psalms 105:25	YHWH turned their heart to hate YHWH’s people, to conspire against YHWH’s servants.
Psalms 105:26	YHWH sent Moshe, YHWH’s servant, and Aharon, whom YHWH had chosen.
Psalms 105:27	They performed miracles among them, and wonders in the land of Ham.
Psalms 105:28	YHWH sent darkness, and made it dark. They didn't rebel against YHWH’s words.
Psalms 105:29	YHWH turned their waters into blood, and killed their fish.
Psalms 105:30	Their land swarmed with frogs, even in the chambers of their kings.
Psalms 105:31	YHWH spoke, and swarms of flies came, and lice in all their borders.
Psalms 105:32	YHWH gave them hail for rain, with lightning in their land.
Psalms 105:33	YHWH struck their vines and also their fig trees, and shattered the trees of their country.
Psalms 105:34	YHWH spoke, and the locusts came, and the grasshoppers, without number,
Psalms 105:35	ate up every plant in their land; and ate up the fruit of their ground.
Psalms 105:36	YHWH struck also all the firstborn in their land, the first fruits of all their manhood.
Psalms 105:37	YHWH brought them forth with silver and gold. There was not one feeble person among his tribes.
Psalms 105:38	Mitzrayim was glad when they departed, for the fear of them had fallen on them.
Psalms 105:39	YHWH spread a cloud for a covering, fire to give light in the night.
Psalms 105:40	They asked, and YHWH brought quails, and satisfied them with the bread of the heavens.
Psalms 105:41	YHWH opened the rock, and waters gushed out. They ran as a river in the dry places.
Psalms 105:42	For YHWH remembered YHWH’s holy word, and Avraham, YHWH’s servant.
Psalms 105:43	YHWH brought forth YHWH’s people with joy, YHWH’s chosen with singing.
Psalms 105:44	YHWH gave them the lands of the nations. They took the labor of the peoples in possession,
Psalms 105:45	that they might keep YHWH’s statutes, and observe YHWH’s laws. Praise Yah!
Psalms 106:1	Praise YHWH! Give thanks to YHWH, for YHWH is good, for YHWH’s loving kindness endures forever.
Psalms 106:2	Who can utter the mighty acts of YHWH, or fully declare all YHWH’s praise?
Psalms 106:3	Blessed are those who keep justice. Blessed is one who does what is right at all times.
Psalms 106:4	Remember me, YHWH, with the favor that you show to your people. Visit me with your salvation,
Psalms 106:5	that I may see the prosperity of your chosen, that I may rejoice in the gladness of your nation, that I may glory with your inheritance.
Psalms 106:6	We have sinned with our fathers. We have committed iniquity. We have done wickedly.
Psalms 106:7	Our fathers didn't understand your wonders in Mitzrayim. They didn't remember the multitude of your loving kindnesses, but were rebellious at the sea, even at the Red Sea.
Psalms 106:8	Nevertheless YHWH saved them for YHWH’s name's sake, that YHWH might make YHWH’s mighty power known.
Psalms 106:9	YHWH rebuked the Red Sea also, and it was dried up; so YHWH led them through the depths, as through a desert.
Psalms 106:10	They saved them from the hand of the one who hated them, and redeemed them from the hand of the enemy.
Psalms 106:11	The waters covered their adversaries. There was not one of them left.
Psalms 106:12	Then they believed YHWH’s words. They sang YHWH’s praise.
Psalms 106:13	They soon forgot YHWH’s works. They didn't wait for YHWH’s counsel,
Psalms 106:14	but gave in to craving in the desert, and tested Elohim in the wasteland.
Psalms 106:15	YHWH gave them their request, but sent leanness into their soul.
Psalms 106:16	They envied Moshe also in the camp, and Aharon, YHWH's saint.
Psalms 106:17	The earth opened and swallowed up Dathan, and covered the company of Abiram.
Psalms 106:18	A fire was kindled in their company. The flame burned up the wicked.
Psalms 106:19	They made a calf in Horeb, and worshiped a molten image.
Psalms 106:20	Thus they exchanged their glory for an image of a bull that eats grass.
Psalms 106:21	They forgot Elohim, their Savior, who had done great things in Mitzrayim,
Psalms 106:22	Wondrous works in the land of Ham, and awesome things by the Red Sea.
Psalms 106:23	Therefore YHWH said that YHWH would destroy them, had Moshe, YHWH’s chosen, not stood before YHWH in the breach, to turn away YHWH’s wrath, so that YHWH wouldn't destroy them.
Psalms 106:24	Yes, they despised the pleasant land. They didn't believe YHWH’s word,
Psalms 106:25	but murmured in their tents, and didn't listen to YHWH's voice.
Psalms 106:26	Therefore YHWH swore to them that YHWH would overthrow them in the wilderness,
Psalms 106:27	that YHWH would overthrow their seed among the nations, and scatter them in the lands.
Psalms 106:28	They joined themselves also to Baal Peor, and ate the sacrifices of the dead.
Psalms 106:29	Thus they provoked YHWH to anger with their deeds. The plague broke in on them.
Psalms 106:30	Then Pinchas stood up, and executed judgment, so the plague was stopped.
Psalms 106:31	That was credited to him for righteousness, for all generations to come.
Psalms 106:32	They angered YHWH also at the waters of Meribah, so that Moshe was troubled for their sakes;
Psalms 106:33	because they were rebellious against YHWH’s spirit, he spoke rashly with his lips.
Psalms 106:34	They didn't destroy the peoples, as YHWH commanded them,
Psalms 106:35	but mixed themselves with the nations, and learned their works.
Psalms 106:36	They served their idols, which became a snare to them.
Psalms 106:37	Yes, they sacrificed their sons and their daughters to demons.
Psalms 106:38	They shed innocent blood, even the blood of their sons and of their daughters, whom they sacrificed to the idols of Kena'an. The land was polluted with blood.
Psalms 106:39	Thus were they defiled with their works, and prostituted themselves in their deeds.
Psalms 106:40	Therefore YHWH burned with anger against YHWH’s people. YHWH abhorred YHWH’s inheritance.
Psalms 106:41	YHWH gave them into the hand of the nations. Those who hated them ruled over them.
Psalms 106:42	Their enemies also oppressed them. They were brought into subjection under their hand.
Psalms 106:43	Many times he delivered them, but they were rebellious in their counsel, and were brought low in their iniquity.
Psalms 106:44	Nevertheless he regarded their distress, when he heard their cry.
Psalms 106:45	YHWH remembered for them YHWH’s covenant, and relented according to the multitude of YHWH’s loving kindnesses.
Psalms 106:46	YHWH made them also to be pitied by all those who carried them captive.
Psalms 106:47	Save us, YHWH, our God, gather us from among the nations, to give thanks to your holy name, to triumph in your praise!
Psalms 106:48	"Blessed be YHWH, the God of Israel, from everlasting even to everlasting! Let all the people say, ""Amen."" Praise Yah!"
Psalms 107:1	Give thanks to YHWH, for YHWH is good, for YHWH’s loving kindness endures forever.
Psalms 107:2	Let the redeemed by YHWH say so, whom YHWH has redeemed from the hand of the adversary,
Psalms 107:3	And gathered out of the lands, from the east and from the west, from the north and from the south.
Psalms 107:4	They wandered in the wilderness in a desert way. They found no city to live in.
Psalms 107:5	Hungry and thirsty, their soul fainted in them.
Psalms 107:6	Then they cried to YHWH in their trouble, and YHWH delivered them out of their distresses,
Psalms 107:7	YHWH led them also by a straight way, that they might go to a city to live in.
Psalms 107:8	Let them praise YHWH for YHWH’s loving kindness, for YHWH’s wonderful works to the children of people!
Psalms 107:9	For YHWH satisfies the longing soul. YHWH fills the hungry soul with good.
Psalms 107:10	Some sat in darkness and in the shadow of death, being bound in affliction and iron,
Psalms 107:11	because they rebelled against the words of Elohim, and condemned the counsel of the Most High.
Psalms 107:12	Therefore YHWH brought down their heart with labor. They fell down, and there was none to help.
Psalms 107:13	Then they cried to YHWH in their trouble, and YHWH saved them out of their distresses.
Psalms 107:14	YHWH brought them out of darkness and the shadow of death, and broke their bonds in sunder.
Psalms 107:15	Let them praise YHWH for YHWH’s loving kindness, for YHWH’s wonderful works to the children of people!
Psalms 107:16	For YHWH has broken the gates of brass, and cut through bars of iron.
Psalms 107:17	Fools are afflicted because of their disobedience, and because of their iniquities.
Psalms 107:18	Their soul abhors all kinds of food. They draw near to the gates of death.
Psalms 107:19	Then they cry to YHWH in their trouble, YHWH saves them out of their distresses.
Psalms 107:20	YHWH sends YHWH’s word, and heals them, and delivers them from their graves.
Psalms 107:21	Let them praise YHWH for YHWH’s loving kindness, for YHWH’s wonderful works to the children of people!
Psalms 107:22	Let them offer the sacrifices of thanksgiving, and declare YHWH’s works with singing.
Psalms 107:23	Those who go down to the sea in ships, who do business in great waters;
Psalms 107:24	These see YHWH's works, and YHWH’s wonders in the deep.
Psalms 107:25	For YHWH commands, and raises the stormy wind, which lifts up its waves.
Psalms 107:26	They mount up to the heavens; they go down again to the depths. Their soul melts away because of trouble.
Psalms 107:27	They reel back and forth, and stagger like a drunken man, and are at their wits' end.
Psalms 107:28	Then they cry to YHWH in their trouble, and YHWH brings them out of their distress.
Psalms 107:29	YHWH makes the storm a calm, so that its waves are still.
Psalms 107:30	Then they are glad because it is calm, so YHWH brings them to their desired haven.
Psalms 107:31	Let them praise YHWH for YHWH’s loving kindness, for YHWH’s wonderful works for the children of people!
Psalms 107:32	Let them exalt YHWH also in the assembly of the people, and praise YHWH in the seat of the elders.
Psalms 107:33	YHWH turns rivers into a desert, water springs into a thirsty ground,
Psalms 107:34	and a fruitful land into a salt waste, for the wickedness of those who dwell in it.
Psalms 107:35	YHWH turns a desert into a pool of water, and a dry land into water springs.
Psalms 107:36	There YHWH makes the hungry live, that they may prepare a city to live in,
Psalms 107:37	sow fields, plant vineyards, and reap the fruits of increase.
Psalms 107:38	YHWH blesses them also, so that they are multiplied greatly. YHWH doesn't allow their livestock to decrease.
Psalms 107:39	Again, they are diminished and bowed down through oppression, trouble, and sorrow.
Psalms 107:40	YHWH pours contempt on princes, and causes them to wander in a trackless waste.
Psalms 107:41	Yet YHWH lifts the needy out of their affliction, and increases their families like a flock.
Psalms 107:42	The upright will see it, and be glad. All the wicked will shut their mouths.
Psalms 107:43	Whoever is wise will pay attention to these things. They will consider the loving kindnesses of YHWH.
Psalms 108:1	My heart is steadfast, Elohim. I will sing and I will make music with my soul.
Psalms 108:2	Wake up, harp and lyre! I will wake up the dawn.
Psalms 108:3	I will give thanks to you, YHWH, among the nations. I will sing praises to you among the peoples.
Psalms 108:4	For your loving kindness is great above the heavens. Your faithfulness reaches to the skies.
Psalms 108:5	Be exalted, Elohim, above the heavens! Let your glory be over all the earth.
Psalms 108:6	That your beloved may be delivered, save with your right hand, and answer us.
Psalms 108:7	"Elohim has spoken from his sanctuary: ""In triumph, I will divide Shekhem, and measure out the valley of Succoth."
Psalms 108:8	Gilead is mine. Menashe is mine. Efrayim also is my helmet. Yehudah is my scepter.
Psalms 108:9	"Moab is my wash pot. I will toss my sandal on Edom. I will shout over Philistia."""
Psalms 108:10	Who will bring me into the fortified city? Who has led me to Edom?
Psalms 108:11	Haven't you rejected us, Elohim? You don't go forth, Elohim, with our armies.
Psalms 108:12	Give us help against the enemy, for the help of a person is vain.
Psalms 108:13	Through Elohim, we will do valiantly. For it is the one who will tread down our enemies.
Psalms 109:1	God of my praise, don't remain silent,
Psalms 109:2	for they have opened the mouth of the wicked and the mouth of deceit against me. They have spoken to me with a lying tongue.
Psalms 109:3	They have also surrounded me with words of hatred, and fought against me without a cause.
Psalms 109:4	In return for my love, they are my adversaries; but I am in prayer.
Psalms 109:5	They have rewarded me brokenness for good, and hatred for my love.
Psalms 109:6	Set a broken person over him. Let an adversary stand at his right hand.
Psalms 109:7	When he is judged, let him come forth guilty. Let his prayer be turned into sin.
Psalms 109:8	Let his days be few. Let another take his office.
Psalms 109:9	Let his children be fatherless, and his wife a widow.
Psalms 109:10	Let his children be wandering beggars. Let them be sought from their ruins.
Psalms 109:11	Let the creditor seize all that he has. Let strangers plunder the fruit of his labor.
Psalms 109:12	Let there be none to extend kindness to him, neither let there be any to have pity on his fatherless children.
Psalms 109:13	Let his posterity be cut off. In the generation following let their name be blotted out.
Psalms 109:14	Let the iniquity of his fathers be remembered by YHWH. Don't let the sin of his mother be blotted out.
Psalms 109:15	Let them be before YHWH continually, that he may cut off the memory of them from the earth;
Psalms 109:16	because he didn't remember to show kindness, but persecuted the poor and needy man, the broken in heart, to kill them.
Psalms 109:17	Yes, he loved cursing, and it came to him. He didn't delight in blessing, and it was far from him.
Psalms 109:18	He clothed himself also with cursing as with his garment. It came into his inward parts like water, like oil into his bones.
Psalms 109:19	Let it be to him as the clothing with which he covers himself, for the belt that is always around him.
Psalms 109:20	This is the reward of my adversaries from YHWH, of those who speak harmfully against my soul.
Psalms 109:21	But deal with me, YHWH God, for your name's sake, because your loving kindness is good, deliver me;
Psalms 109:22	for I am poor and needy. My heart is wounded within me.
Psalms 109:23	I fade away like an evening shadow. I am shaken off like a locust.
Psalms 109:24	My knees are weak through fasting. My body is thin and lacks fat.
Psalms 109:25	I have also become a reproach to them. When they see me, they shake their head.
Psalms 109:26	Help me, YHWH, my God. Save me according to your loving kindness;
Psalms 109:27	that they may know that this is your hand; that you, YHWH, have done it.
Psalms 109:28	They may curse, but you bless. When they arise, they will be shamed, but your servant shall rejoice.
Psalms 109:29	Let my adversaries be clothed with dishonor. Let them cover themselves with their own shame as with a robe.
Psalms 109:30	I will give great thanks to YHWH with my mouth. Yes, I will praise him among the multitude.
Psalms 109:31	For he will stand at the right hand of the needy, to save him from those who judge his soul.
Psalms 110:1	"YHWH says to my YHWH, ""Sit at my right hand, until I make your enemies your footstool for your feet."""
Psalms 110:2	YHWH will send forth the rod of your strength out of Tzion. Rule in the midst of your enemies.
Psalms 110:3	Your people offer themselves willingly in the day of your power, in holy array. Out of the womb of the morning, you have the dew of your youth.
Psalms 110:4	"YHWH has sworn, and will not change YHWH’s mind: ""You are a priest forever in the order of Malki-Tzedek."""
Psalms 110:5	YHWH is at your right hand. He will crush kings in the day of his wrath.
Psalms 110:6	He will judge among the nations. He will heap up dead bodies. He will crush the ruler of the whole earth.
Psalms 110:7	He will drink of the brook in the way; therefore he will lift up his head.
Psalms 111:1	Praise Yah! I will give thanks to YHWH with my whole heart, in the council of the upright, and in the congregation.
Psalms 111:2	YHWH's works are great, pondered by all those who delight in them.
Psalms 111:3	YHWH’s work is honor and majesty. YHWH’s righteousness endures forever.
Psalms 111:4	He has caused his wonderful works to be remembered. YHWH is gracious and merciful.
Psalms 111:5	YHWH has given food to those who revere YHWH. YHWH always remembers YHWH’s covenant.
Psalms 111:6	YHWH has shown YHWH’s people the power of YHWH’s works, in giving them the heritage of the nations.
Psalms 111:7	The works of YHWH’s hands are truth and justice. All YHWH’s precepts are sure.
Psalms 111:8	They are established forever and ever. They are done in truth and uprightness.
Psalms 111:9	YHWH has sent redemption to YHWH’s people. YHWH has ordained YHWH’s covenant forever. YHWH’s name is holy and awesome!
Psalms 111:10	Reverence for YHWH is the beginning of wisdom. All those who do YHWH’s work have a good understanding. YHWH’s praise endures forever!
Psalms 112:1	Praise Yah! Blessed is the one who reveres YHWH, who delights greatly in YHWH’s commandments.
Psalms 112:2	His seed will be mighty in the land. The generation of the upright will be blessed.
Psalms 112:3	Wealth and riches are in his house. His righteousness endures forever.
Psalms 112:4	Light dawns in the darkness for the upright, gracious, merciful, and righteous.
Psalms 112:5	It is well with the one who deals graciously and lends. He will maintain his cause in judgment.
Psalms 112:6	For he will never be shaken. The righteous will be remembered forever.
Psalms 112:7	He will not be afraid of brokenness news. His heart is steadfast, trusting in YHWH.
Psalms 112:8	His heart is established. He will not be afraid in the end when he sees his adversaries.
Psalms 112:9	He has dispersed, he has given to the poor. His righteousness endures forever. His horn will be exalted with honor.
Psalms 112:10	The wicked will see it, and be grieved. He shall gnash with his teeth, and melt away. The desire of the wicked will perish.
Psalms 113:1	Praise Yah! Praise, you servants of YHWH, praise the name of YHWH.
Psalms 113:2	Blessed be the name of YHWH, from this time forth and forevermore.
Psalms 113:3	From the rising of the sun to the going down of the same, YHWH's name is to be praised.
Psalms 113:4	YHWH is high above all nations, YHWH’s glory above the heavens.
Psalms 113:5	Who is like YHWH, our God, who is seated on high,
Psalms 113:6	Who stoops down to see in heavens and in the earth?
Psalms 113:7	YHWH raises up the poor out of the dust. Lifts up the needy from the ash heap;
Psalms 113:8	that he may set him with princes, even with the princes of his people.
Psalms 113:9	YHWH settles the barren woman in her home, as a joyful mother of children. Praise Yah!
Psalms 114:1	When Israel went forth out of Mitzrayim, the house of Ya'akov from a people of foreign language;
Psalms 114:2	Yehudah became his sanctuary, Israel his dominion.
Psalms 114:3	The sea saw it, and fled. The Yarden was driven back.
Psalms 114:4	The mountains skipped like rams, the little hills like lambs.
Psalms 114:5	What was it, you sea, that you fled? You Yarden, that you turned back?
Psalms 114:6	You mountains, that you skipped like rams; you little hills, like lambs?
Psalms 114:7	Tremble, you earth, at the presence of YHWH, at the presence of the God of Ya'akov,
Psalms 114:8	who turned the rock into a pool of water, the flint into a spring of waters.
Psalms 115:1	Not to us, YHWH, not to us, but to your name give glory, for your loving kindness, and for your truth's sake.
Psalms 115:2	"Why should the nations say, ""Where is their God, now?"""
Psalms 115:3	But our God is in the heavens. God does whatever God pleases.
Psalms 115:4	Their idols are silver and gold, the work of people's hands.
Psalms 115:5	They have mouths, but they don't speak. They have eyes, but they don't see.
Psalms 115:6	They have ears, but they don't hear. They have noses, but they don't smell.
Psalms 115:7	They have hands, but they don't feel. They have feet, but they don't walk, neither do they speak through their throat.
Psalms 115:8	Those who make them will be like them; yes, everyone who trusts in them.
Psalms 115:9	Israel, trust in YHWH! YHWH is their help and their shield.
Psalms 115:10	House of Aharon, trust in YHWH! YHWH is their help and their shield.
Psalms 115:11	You who revere YHWH, trust in YHWH! YHWH is their help and their shield.
Psalms 115:12	YHWH remembers us. YHWH will bless us. YHWH will bless the house of Israel. YHWH will bless the house of Aharon.
Psalms 115:13	YHWH will bless those who revere YHWH, both small and great.
Psalms 115:14	May YHWH increase you more and more, you and your children.
Psalms 115:15	Blessed are you by YHWH, who made heavens and earth.
Psalms 115:16	The heavens are the heavens of YHWH; but the earth has YHWH given to the children of people.
Psalms 115:17	The dead don't praise Yah, neither any who go down into silence;
Psalms 115:18	But we will bless Yah, from this time forth and forevermore. Praise Yah!
Psalms 116:1	I love YHWH, because YHWH listens to my voice, and my cries for mercy.
Psalms 116:2	Because YHWH has turned YHWH’s ear to me, therefore I will call on YHWH as long as I live.
Psalms 116:3	The cords of death surrounded me, the pains of Sheol got a hold of me. I found trouble and sorrow.
Psalms 116:4	"Then called I on the name of YHWH: ""YHWH, I beg you, deliver my soul."""
Psalms 116:5	Gracious is YHWH, and righteous; yes, our God is merciful.
Psalms 116:6	YHWH preserves the simple. I was brought low, and YHWH saved me.
Psalms 116:7	Return to your rest, my soul, for YHWH has dealt bountifully with you.
Psalms 116:8	For you have delivered my soul from death, my eyes from tears, and my feet from falling.
Psalms 116:9	I will walk before YHWH in the land of the living.
Psalms 116:10	"I believed, therefore I said, ""I was greatly afflicted."""
Psalms 116:11	"I said in my haste, ""All people are liars."""
Psalms 116:12	What will I give to YHWH for all YHWH’s benefits toward me?
Psalms 116:13	I will take the cup of salvation, and call on the name of YHWH.
Psalms 116:14	I will pay my vows to YHWH, yes, in the presence of all YHWH’s people.
Psalms 116:15	Precious in the sight of YHWH is the death of YHWH’s saints.
Psalms 116:16	YHWH, truly I am your servant. I am your servant, the son of your handmaid. You have freed me from my chains.
Psalms 116:17	I will offer to you the sacrifice of thanksgiving, and will call on the name of YHWH.
Psalms 116:18	I will pay my vows to YHWH, yes, in the presence of all YHWH’s people,
Psalms 116:19	in the courts of YHWH's house, in the midst of you, Yerushalayim. Praise Yah!
Psalms 117:1	Praise YHWH, all you nations! Extol him, all you peoples!
Psalms 117:2	For YHWH’s loving kindness is great toward us. YHWH's faithfulness endures forever. Praise Yah!
Psalms 118:1	Give thanks to YHWH, for YHWH is good, for YHWH’s loving kindness endures forever.
Psalms 118:2	Let Israel now say that YHWH’s loving kindness endures forever.
Psalms 118:3	Let the house of Aharon now say that YHWH’s loving kindness endures forever.
Psalms 118:4	Now let those who revere YHWH say that YHWH’s loving kindness endures forever.
Psalms 118:5	Out of my distress, I called on Yah. Yah answered me with freedom.
Psalms 118:6	YHWH is on my side. I will not be afraid. What can man do to me?
Psalms 118:7	YHWH is on my side among those who help me. Therefore I will look in triumph at those who hate me.
Psalms 118:8	It is better to take refuge in YHWH, than to put confidence in man.
Psalms 118:9	It is better to take refuge in YHWH, than to put confidence in princes.
Psalms 118:10	All the nations surrounded me, but in the name of YHWH, I cut them off.
Psalms 118:11	They surrounded me, yes, they surrounded me. In the name of YHWH I indeed cut them off.
Psalms 118:12	They surrounded me like bees. They are quenched like the burning thorns. In the name of YHWH I cut them off.
Psalms 118:13	You pushed me back hard, to make me fall, but YHWH helped me.
Psalms 118:14	Yah is my strength and song. Yah has become my salvation.
Psalms 118:15	"The voice of rejoicing and salvation is in the tents of the righteous. ""The right hand of YHWH does valiantly."
Psalms 118:16	"The right hand of YHWH is exalted! The right hand of YHWH does valiantly!"""
Psalms 118:17	I will not die, but live, and declare Yah's works.
Psalms 118:18	Yah has punished me severely, but Yah has not given me over to death.
Psalms 118:19	Open to me the gates of righteousness. I will enter into them. I will give thanks to Yah.
Psalms 118:20	This is the gate of YHWH; the righteous will enter into it.
Psalms 118:21	I will give thanks to you, for you have answered me, and have become my salvation.
Psalms 118:22	The stone which the builders rejected has become the head of the corner.
Psalms 118:23	This is YHWH's doing. It is marvelous in our eyes.
Psalms 118:24	This is the day that YHWH has made. We will rejoice and be glad in it!
Psalms 118:25	Save us now, we beg you, YHWH! YHWH, we beg you, send prosperity now.
Psalms 118:26	Blessed is the one who comes in the name of YHWH! We have blessed you out of the house of YHWH.
Psalms 118:27	YHWH is Elohim, and YHWH has given us light. Bind the sacrifice with cords, even to the horns of the altar.
Psalms 118:28	You are my God, and I will give thanks to you. You are my God, I will exalt you.
Psalms 118:29	Oh give thanks to YHWH, for YHWH is good, for YHWH’s loving kindness endures forever.
Psalms 119:1	Blessed are those whose ways are blameless, who walk according to YHWH's law.
Psalms 119:2	Blessed are those who keep YHWH’s statutes, who seek YHWH with their whole heart.
Psalms 119:3	Yes, they do nothing wrong. They walk in YHWH’s ways.
Psalms 119:4	You have commanded your precepts, that we should fully obey them.
Psalms 119:5	Oh that my ways were steadfast to obey your statutes!
Psalms 119:6	Then I wouldn't be disappointed, when I consider all of your commandments.
Psalms 119:7	I will give thanks to you with uprightness of heart, when I learn your righteous judgments.
Psalms 119:8	I will observe your statutes. Don't utterly forsake me.
Psalms 119:9	How can a young person keep his way pure? By living according to your word.
Psalms 119:10	With my whole heart, I have sought you. Don't let me wander from your commandments.
Psalms 119:11	I have hidden your word in my heart, that I might not sin against you.
Psalms 119:12	Blessed are you, YHWH. Teach me your statutes.
Psalms 119:13	With my lips, I have declared all the ordinances of your mouth.
Psalms 119:14	I have rejoiced in the way of your testimonies, as much as in all riches.
Psalms 119:15	I will meditate on your precepts, and consider your ways.
Psalms 119:16	I will delight myself in your statutes. I will not forget your word.
Psalms 119:17	Do good to your servant. I will live and I will obey your word.
Psalms 119:18	Open my eyes, that I may see wondrous things out of your law.
Psalms 119:19	I am a stranger on the earth. Don't hide your commandments from me.
Psalms 119:20	My soul is consumed with longing for your ordinances at all times.
Psalms 119:21	You have rebuked the proud who are cursed, who wander from your commandments.
Psalms 119:22	Take reproach and contempt away from me, for I have kept your statutes.
Psalms 119:23	Though princes sit and slander me, your servant will meditate on your statutes.
Psalms 119:24	Indeed your statutes are my delight, and my counselors.
Psalms 119:25	My soul is laid low in the dust. Revive me according to your word!
Psalms 119:26	I declared my ways, and you answered me. Teach me your statutes.
Psalms 119:27	Let me understand the teaching of your precepts! Then I will meditate on your wondrous works.
Psalms 119:28	My soul is weary with sorrow: strengthen me according to your word.
Psalms 119:29	Keep me from the way of deceit. Grant me your law graciously!
Psalms 119:30	I have chosen the way of truth. I have set your ordinances before me.
Psalms 119:31	I cling to your statutes, YHWH. Don't let me be disappointed.
Psalms 119:32	I run in the path of your commandments, for you have set my heart free.
Psalms 119:33	Teach me, YHWH, the way of your statutes. I will keep them to the end.
Psalms 119:34	Give me understanding, and I will keep your law. Yes, I will obey it with my whole heart.
Psalms 119:35	Direct me in the path of your commandments, for I delight in them.
Psalms 119:36	Turn my heart toward your statutes, not toward selfish gain.
Psalms 119:37	Turn my eyes away from looking at worthless things. Revive me in your ways.
Psalms 119:38	Fulfill your promise to your servant, that you may be feared.
Psalms 119:39	Take away my disgrace that I dread, for your ordinances are good.
Psalms 119:40	Behold, I long for your precepts! Revive me in your righteousness.
Psalms 119:41	Let your loving kindness also come to me, YHWH, your salvation, according to your word.
Psalms 119:42	So I will have an answer for the one who reproaches me, for I trust in your word.
Psalms 119:43	Don't snatch the word of truth out of my mouth, for I put my hope in your ordinances.
Psalms 119:44	So I will obey your law continually, forever and ever.
Psalms 119:45	I will walk in liberty, for I have sought your precepts.
Psalms 119:46	I will also speak of your statutes before kings, and will not be disappointed.
Psalms 119:47	I will delight myself in your commandments, because I love them.
Psalms 119:48	I reach out my hands for your commandments, which I love. I will meditate on your statutes.
Psalms 119:49	Remember your word to your servant, because you gave me hope.
Psalms 119:50	This is my comfort in my affliction, for your word has revived me.
Psalms 119:51	The arrogant mock me excessively, but I don't swerve from your law.
Psalms 119:52	I remember your ordinances of old, YHWH, and have comforted myself.
Psalms 119:53	Indignation has taken hold on me, because of the wicked who forsake your law.
Psalms 119:54	Your statutes have been my songs, in the house where I live.
Psalms 119:55	I have remembered your name, YHWH, in the night, and I obey your law.
Psalms 119:56	This is my way, that I keep your precepts.
Psalms 119:57	YHWH is my portion. I promised to obey your words.
Psalms 119:58	I sought your favor with my whole heart. Be merciful to me according to your word.
Psalms 119:59	I considered my ways, and turned my steps to your statutes.
Psalms 119:60	I will hurry, and not delay, to obey your commandments.
Psalms 119:61	The ropes of the wicked bind me, but I won't forget your law.
Psalms 119:62	At midnight I will rise to give thanks to you, because of your righteous ordinances.
Psalms 119:63	I am a friend of all those who revere you, of those who observe your precepts.
Psalms 119:64	The earth is full of your loving kindness, YHWH. Teach me your statutes.
Psalms 119:65	Do good to your servant, according to your word, YHWH.
Psalms 119:66	Teach me good judgment and knowledge, for I believe in your commandments.
Psalms 119:67	Before I was afflicted, I went astray; but now I observe your word.
Psalms 119:68	You are good, and do good. Teach me your statutes.
Psalms 119:69	The proud have smeared a lie upon me. With my whole heart, I will keep your precepts.
Psalms 119:70	Their heart is as callous as the fat, but I delight in your law.
Psalms 119:71	It is good for me that I have been afflicted, that I may learn your statutes.
Psalms 119:72	The law of your mouth is better to me than thousands of pieces of gold and silver.
Psalms 119:73	Your hands have made me and formed me. Give me understanding, that I may learn your commandments.
Psalms 119:74	Those who revere you will see me and be glad, because I have put my hope in your word.
Psalms 119:75	YHWH, I know that your judgments are righteous, that in faithfulness you have afflicted me.
Psalms 119:76	Please let your loving kindness be for my comfort, according to your word to your servant.
Psalms 119:77	Let your tender mercies come to me, that I may live; for your law is my delight.
Psalms 119:78	Let the proud be disappointed, for they have overthrown me wrongfully. I will meditate on your precepts.
Psalms 119:79	Let those who revere you turn to me. They will know your statutes.
Psalms 119:80	Let my heart be blameless toward your decrees, that I may not be disappointed.
Psalms 119:81	My soul faints for your salvation. I hope in your word.
Psalms 119:82	"My eyes fail for your word. I say, ""When will you comfort me?"""
Psalms 119:83	For I have become like a wineskin in the smoke. I don't forget your statutes.
Psalms 119:84	How many are the days of your servant? When will you execute judgment on those who persecute me?
Psalms 119:85	The proud have dug pits for me, contrary to your law.
Psalms 119:86	All of your commandments are faithful. They persecute me wrongfully. Help me!
Psalms 119:87	They had almost wiped me from the earth, but I didn't forsake your precepts.
Psalms 119:88	Preserve my life according to your loving kindness, so I will obey the statutes of your mouth.
Psalms 119:89	YHWH, your word is settled in heavens forever.
Psalms 119:90	Your faithfulness is to all generations. You have established the earth, and it remains.
Psalms 119:91	Your laws remain to this day, for all things serve you.
Psalms 119:92	Unless your law had been my delight, I would have perished in my affliction.
Psalms 119:93	I will never forget your precepts, for with them, you have revived me.
Psalms 119:94	I am yours. Save me, for I have sought your precepts.
Psalms 119:95	The wicked have waited for me, to destroy me. I will consider your statutes.
Psalms 119:96	I have seen a limit to all perfection, but your commands are boundless.
Psalms 119:97	How I love your law! It is my meditation all day.
Psalms 119:98	Your commandments make me wiser than my enemies, for your commandments are always with me.
Psalms 119:99	I have more understanding than all my teachers, for your testimonies are my meditation.
Psalms 119:100	I understand more than the aged, because I have kept your precepts.
Psalms 119:101	I have kept my feet from every broken way, that I might observe your word.
Psalms 119:102	I have not turned aside from your ordinances, for you have taught me.
Psalms 119:103	How sweet are your promises to my taste, more than honey to my mouth!
Psalms 119:104	Through your precepts, I get understanding; therefore I hate every false way.
Psalms 119:105	Your word is a lamp to my feet, and a light for my path.
Psalms 119:106	I have sworn, and have confirmed it, that I will obey your righteous ordinances.
Psalms 119:107	I am afflicted very much. Revive me, YHWH, according to your word.
Psalms 119:108	Accept, I beg you, the willing offerings of my mouth. YHWH, teach me your ordinances.
Psalms 119:109	My soul is continually in my hand, yet I won't forget your law.
Psalms 119:110	The wicked have laid a snare for me, yet I haven't gone astray from your precepts.
Psalms 119:111	I have taken your testimonies as a heritage forever, for they are the joy of my heart.
Psalms 119:112	I have set my heart to perform your statutes forever, even to the end.
Psalms 119:113	I hate double-minded men, but I love your law.
Psalms 119:114	You are my hiding place and my shield. I hope in your word.
Psalms 119:115	Depart from me, you people who act from brokenness, that I may keep the commandments of my God.
Psalms 119:116	Uphold me according to your word, that I may live. Let me not be ashamed of my hope.
Psalms 119:117	Hold me up, and I will be safe, and will have respect for your statutes continually.
Psalms 119:118	You reject all those who stray from your statutes, for their deceit is in vain.
Psalms 119:119	You put away all the wicked of the earth like dross. Therefore I love your testimonies.
Psalms 119:120	My flesh trembles for fear of you. I am afraid of your judgments.
Psalms 119:121	I have done what is just and righteous. Don't leave me to my oppressors.
Psalms 119:122	Ensure your servant's well-being. Don't let the proud oppress me.
Psalms 119:123	My eyes fail looking for your salvation, for your righteous word.
Psalms 119:124	Deal with your servant according to your loving kindness. Teach me your statutes.
Psalms 119:125	I am your servant. Give me understanding, that I may know your testimonies.
Psalms 119:126	It is time to act, YHWH, for they break your law.
Psalms 119:127	Therefore I love your commandments more than gold, yes, more than pure gold.
Psalms 119:128	Therefore I consider all of your precepts to be right. I hate every false way.
Psalms 119:129	Your testimonies are wonderful, therefore my soul keeps them.
Psalms 119:130	The entrance of your words gives light. It gives understanding to the simple.
Psalms 119:131	I opened my mouth wide and panted, for I longed for your commandments.
Psalms 119:132	Turn to me, and have mercy on me, as you always do to those who love your name.
Psalms 119:133	Establish my footsteps in your word. Don't let any iniquity have dominion over me.
Psalms 119:134	Redeem me from the oppression of man, so I will observe your precepts.
Psalms 119:135	Make your face shine on your servant. Teach me your statutes.
Psalms 119:136	Streams of tears run down my eyes, because they don't observe your law.
Psalms 119:137	You are righteous, YHWH. Your judgments are upright.
Psalms 119:138	You have commanded your statutes in righteousness. They are fully trustworthy.
Psalms 119:139	My zeal wears me out, because my enemies ignore your words.
Psalms 119:140	Your promises have been thoroughly tested, and your servant loves them.
Psalms 119:141	I am small and despised. I don't forget your precepts.
Psalms 119:142	Your righteousness is an everlasting righteousness. Your law is truth.
Psalms 119:143	Trouble and anguish have taken hold of me. Your commandments are my delight.
Psalms 119:144	Your testimonies are righteous forever. Give me understanding, that I may live.
Psalms 119:145	I have called with my whole heart. Answer me, YHWH! I will keep your statutes.
Psalms 119:146	I have called to you. Save me! I will obey your statutes.
Psalms 119:147	I rise before dawn and cry for help. I put my hope in your words.
Psalms 119:148	My eyes stay open through the night watches, that I might meditate on your word.
Psalms 119:149	Hear my voice according to your loving kindness. Revive me, YHWH, according to your ordinances.
Psalms 119:150	They draw near who follow after wickedness. They are far from your law.
Psalms 119:151	You are near, YHWH. All your commandments are truth.
Psalms 119:152	Of old I have known from your testimonies, that you have founded them forever.
Psalms 119:153	Consider my affliction, and deliver me, for I don't forget your law.
Psalms 119:154	Plead my cause, and redeem me! Revive me according to your promise.
Psalms 119:155	Salvation is far from the wicked, for they don't seek your statutes.
Psalms 119:156	Great are your tender mercies, YHWH. Revive me according to your ordinances.
Psalms 119:157	Many are my persecutors and my adversaries. I haven't swerved from your testimonies.
Psalms 119:158	I look at the faithless with loathing, because they don't observe your word.
Psalms 119:159	Consider how I love your precepts. Revive me, YHWH, according to your loving kindness.
Psalms 119:160	All of your words are truth. Every one of your righteous ordinances endures forever.
Psalms 119:161	Princes have persecuted me without a cause, but my heart stands in awe of your words.
Psalms 119:162	I rejoice at your word, as one who finds great spoil.
Psalms 119:163	I hate and abhor falsehood. I love your law.
Psalms 119:164	Seven times a day, I praise you, because of your righteous ordinances.
Psalms 119:165	Those who love your law have great peace. Nothing causes them to stumble.
Psalms 119:166	I have hoped for your salvation, YHWH. I have done your commandments.
Psalms 119:167	My soul has observed your testimonies. I love them exceedingly.
Psalms 119:168	I have obeyed your precepts and your testimonies, for all my ways are before you.
Psalms 119:169	Let my cry come before you, YHWH. Give me understanding according to your word.
Psalms 119:170	Let my supplication come before you. Deliver me according to your word.
Psalms 119:171	Let my lips utter praise, for you teach me your statutes.
Psalms 119:172	Let my tongue sing of your word, for all your commandments are righteousness.
Psalms 119:173	Let your hand be ready to help me, for I have chosen your precepts.
Psalms 119:174	I have longed for your salvation, YHWH. Your law is my delight.
Psalms 119:175	Let my soul live, that I may praise you. Let your ordinances help me.
Psalms 119:176	I have gone astray like a lost sheep. Seek your servant, for I don't forget your commandments.
Psalms 120:1	In my distress, I cried to YHWH. He answered me.
Psalms 120:2	Deliver my soul, YHWH, from lying lips, from a deceitful tongue.
Psalms 120:3	What will be given to you, and what will be done more to you, you deceitful tongue?
Psalms 120:4	Sharp arrows of the mighty, with coals of juniper.
Psalms 120:5	Woe is me, that I live in Meshech, that I dwell among the tents of Kedar!
Psalms 120:6	My soul has had her dwelling too long with the one who hates peace.
Psalms 120:7	I am for peace, but when I speak, they are for war.
Psalms 121:1	I will lift up my eyes to the hills. Where does my help come from?
Psalms 121:2	My help comes from YHWH, who made heavens and earth.
Psalms 121:3	YHWH will not allow your foot to be moved. The one who keeps you will not slumber.
Psalms 121:4	Behold, the one who keeps Israel will neither slumber nor sleep.
Psalms 121:5	YHWH is your keeper. YHWH is your shade on your right hand.
Psalms 121:6	The sun will not harm you by day, nor the moon by night.
Psalms 121:7	YHWH will keep you from all brokenness. YHWH will keep your soul.
Psalms 121:8	YHWH will keep your going out and your coming in, from this time forth, and forevermore.
Psalms 122:1	"I was glad when they said to me, ""Let's go to YHWH's house!"""
Psalms 122:2	Our feet are standing within your gates, Yerushalayim;
Psalms 122:3	Yerushalayim, that is built as a city that is compact together;
Psalms 122:4	where the tribes go up, even Yah's tribes, according to an ordinance for Israel, to give thanks to the name of YHWH.
Psalms 122:5	For there are set thrones for judgment, the thrones of Dawid's house.
Psalms 122:6	Pray for the peace of Yerushalayim. Those who love you will prosper.
Psalms 122:7	Peace be within your walls, and prosperity within your palaces.
Psalms 122:8	"For my brothers' and companions' sakes, I will now say, ""Peace be within you."""
Psalms 122:9	For the sake of the house of YHWH our God, I will seek your good.
Psalms 123:1	To you I do lift up my eyes, you who sit in the heavens.
Psalms 123:2	Behold, as the eyes of servants look to the hand of their master, as the eyes of a maid to the hand of her mistress; so our eyes look to YHWH, our God, until YHWH has mercy on us.
Psalms 123:3	Have mercy on us, YHWH, have mercy on us, for we have endured much contempt.
Psalms 123:4	Our soul is exceedingly filled with the scoffing of those who are at ease, with the contempt of the proud.
Psalms 124:1	If it had not been YHWH who was on our side, let Israel now say,
Psalms 124:2	if it had not been YHWH who was on our side, when men rose up against us;
Psalms 124:3	then they would have swallowed us up alive, when their wrath was kindled against us;
Psalms 124:4	then the waters would have overwhelmed us, the stream would have gone over our soul;
Psalms 124:5	then the proud waters would have gone over our soul.
Psalms 124:6	Blessed be YHWH, who has not given us as a prey to their teeth.
Psalms 124:7	Our soul has escaped like a bird out of the fowler's snare. The snare is broken, and we have escaped.
Psalms 124:8	Our help is in the name of YHWH, who made heavens and earth.
Psalms 125:1	Those who trust in YHWH are as Har Tzion, which can't be moved, but remains forever.
Psalms 125:2	As the mountains surround Yerushalayim, so YHWH surrounds YHWH’s people from this time forth and forevermore.
Psalms 125:3	For the scepter of wickedness won't remain over the allotment of the righteous; so that the righteous won't use their hands to do brokenness.
Psalms 125:4	Do good, YHWH, to those who are good, to those who are upright in their hearts.
Psalms 125:5	But as for those who turn aside to their crooked ways, YHWH will lead them away with the workers of iniquity. Peace be on Israel.
Psalms 126:1	When YHWH brought back those who returned to Tzion, we were like those who dream.
Psalms 126:2	"Then our mouth was filled with laughter, and our tongue with singing. Then they said among the nations, ""YHWH has done great things for them."""
Psalms 126:3	YHWH has done great things for us, and we are glad.
Psalms 126:4	Restore our fortunes again, YHWH, like the streams in the Negev.
Psalms 126:5	Those who sow in tears will reap in joy.
Psalms 126:6	The one who goes out weeping, carrying seed for sowing, will certainly come again with joy, carrying their sheaves.
Psalms 127:1	Unless YHWH builds the house, they labor in vain who build it. Unless YHWH watches over the city, the watchman guards it in vain.
Psalms 127:2	It is vain for you to rise up early, to stay up late, eating the bread of toil; for he gives sleep to his loved ones.
Psalms 127:3	Behold, children are a heritage of YHWH. The fruit of the womb is his reward.
Psalms 127:4	As arrows in the hand of a mighty man, so are the children of youth.
Psalms 127:5	Happy is the one who has their quiver full of them. They won't be disappointed when they speak with their enemies in the gate.
Psalms 128:1	Blessed is everyone who reveres YHWH, who walks in their ways.
Psalms 128:2	For you will eat the labor of your hands. You will be happy, and it will be well with you.
Psalms 128:3	Your wife will be as a fruitful vine, in the innermost parts of your house; your children like olive plants, around your table.
Psalms 128:4	Behold, thus is the person blessed who reveres YHWH.
Psalms 128:5	May YHWH bless you out of Tzion, and may you see the good of Yerushalayim all the days of your life.
Psalms 128:6	Yes, may you see your children's children. Peace be upon Israel.
Psalms 129:1	Many times they have afflicted me from my youth up. Let Israel now say,
Psalms 129:2	many times they have afflicted me from my youth up, yet they have not prevailed against me.
Psalms 129:3	The plowers plowed on my back. They made their furrows long.
Psalms 129:4	YHWH is righteous. YHWH has cut apart the cords of the wicked.
Psalms 129:5	Let them be disappointed and turned backward, all those who hate Tzion.
Psalms 129:6	Let them be as the grass on the housetops, which withers before it grows up;
Psalms 129:7	with which the reaper doesn't fill their hand, nor the one who binds sheaves, their bosom.
Psalms 129:8	"Neither do those who go by say, ""The blessing of YHWH be on you. We bless you in the name of YHWH."""
Psalms 130:1	Out of the depths I have cried to you, YHWH.
Psalms 130:2	YHWH, hear my voice. Let your ears be attentive to the voice of my petitions.
Psalms 130:3	If you, Yah, kept a record of sins, YHWH, who could stand?
Psalms 130:4	But there is forgiveness with you, therefore you are feared.
Psalms 130:5	I wait for YHWH. My soul waits. I hope in YHWH’s word.
Psalms 130:6	My soul longs for YHWH more than watchmen long for the morning; more than watchmen for the morning.
Psalms 130:7	Israel, hope in YHWH, for with YHWH there is loving kindness. With YHWH is abundant redemption.
Psalms 130:8	YHWH will redeem Israel from all their sins.
Psalms 131:1	YHWH, my heart isn't haughty, nor my eyes lofty; nor do I concern myself with great matters, or things too wonderful for me.
Psalms 131:2	Surely I have stilled and quieted my soul, like a weaned child with his mother, like a weaned child is my soul within me.
Psalms 131:3	Israel, hope in YHWH, from this time forth and forevermore.
Psalms 132:1	YHWH, remember Dawid and all his affliction,
Psalms 132:2	how he swore to YHWH, and vowed to the Mighty One of Ya'akov:
Psalms 132:3	"""Surely I will not come into the structure of my house, nor go up into my bed;"
Psalms 132:4	I will not give sleep to my eyes, or slumber to my eyelids;
Psalms 132:5	"until I find out a place for YHWH, a dwelling for the Mighty One of Ya'akov."""
Psalms 132:6	Behold, we heard of it in Ephrathah. We found it in the field of Jaar:
Psalms 132:7	"""We will go into his dwelling place. We will worship at his footstool."
Psalms 132:8	Arise, YHWH, into your resting place; you, and the ark of your strength.
Psalms 132:9	"Let your priest be clothed with righteousness. Let your saints shout for joy!"""
Psalms 132:10	For your servant Dawid's sake, don't turn away the face of your anointed one.
Psalms 132:11	"YHWH has sworn to Dawid in truth. YHWH will not turn from it: ""I will set the fruit of your body on your throne."
Psalms 132:12	"If your children will keep my covenant, my testimony that I will teach them, their children also will sit on your throne forevermore."""
Psalms 132:13	For YHWH has chosen Tzion. YHWH has desired it for YHWH’s habitation.
Psalms 132:14	"""This is my resting place forever. Here I will live, for I have desired it."
Psalms 132:15	I will abundantly bless her provision. I will satisfy her poor with bread.
Psalms 132:16	Her priests I will also clothe with salvation. Her saints will shout aloud for joy.
Psalms 132:17	There I will make the horn of Dawid to bud. I have ordained a lamp for my anointed.
Psalms 132:18	"I will clothe his enemies with shame, but on himself, his crown will be resplendent."""
Psalms 133:1	See how good and how pleasant it is for brothers to live together in unity!
Psalms 133:2	It is like the precious oil on the head, that ran down on the beard, even Aharon's beard; that came down on the edge of his robes;
Psalms 133:3	like the dew of Hermon, that comes down on the hills of Tzion: for there YHWH gives the blessing, even life forevermore.
Psalms 134:1	Look! Praise YHWH, all you servants of YHWH, who stand by night in YHWH's house!
Psalms 134:2	Lift up your hands in the sanctuary. Praise YHWH!
Psalms 134:3	May YHWH bless you from Tzion; even the one who made heavens and earth.
Psalms 135:1	Praise Yah! Praise the name of YHWH! Praise him, you servants of YHWH,
Psalms 135:2	you who stand in the house of YHWH, in the courts of our God's house.
Psalms 135:3	Praise Yah, for YHWH is good. Sing praises to YHWH’s name, for that is pleasant.
Psalms 135:4	For Yah has chosen Ya'akov as Yah’s own; Israel as Yah’s own possession.
Psalms 135:5	For I know that YHWH is great, that our YHWH is above all gods.
Psalms 135:6	Whatever YHWH pleased, that YHWH has done, in heavens and in earth, in the seas and in all deeps;
Psalms 135:7	who causes the clouds to rise from the ends of the earth; who makes lightnings with the rain; who brings forth the wind out of YHWH’s treasuries;
Psalms 135:8	Who struck the firstborn of Mitzrayim, both of man and animal;
Psalms 135:9	Who sent signs and wonders into the midst of you, Mitzrayim, on Pharaoh, and on all his servants;
Psalms 135:10	who struck many nations, and killed mighty kings,
Psalms 135:11	Sihon king of the Amorites, Og king of Bashan, and all the kingdoms of Kena'an,
Psalms 135:12	and gave their land for a heritage, a heritage to Israel, YHWH’s people.
Psalms 135:13	Your name, YHWH, endures forever; your renown, YHWH, throughout all generations.
Psalms 135:14	For YHWH will judge YHWH’s people, and have compassion on YHWH’s servants.
Psalms 135:15	The idols of the nations are silver and gold, the work of people's hands.
Psalms 135:16	They have mouths, but they can't speak. They have eyes, but they can't see.
Psalms 135:17	They have ears, but they can't hear; neither is there any breath in their mouths.
Psalms 135:18	Those who make them will be like them; yes, everyone who trusts in them.
Psalms 135:19	House of Israel, praise YHWH! House of Aharon, praise YHWH!
Psalms 135:20	House of Levi, praise YHWH! You who revere YHWH, praise YHWH!
Psalms 135:21	Blessed be YHWH from Tzion, Who dwells at Yerushalayim. Praise Yah!
Psalms 136:1	Give thanks to YHWH, for YHWH is good; for YHWH’s loving kindness endures forever.
Psalms 136:2	Give thanks to the God of gods; for YHWH’s loving kindness endures forever.
Psalms 136:3	Give thanks to the Sovereign over sovereigns; for YHWH’s loving kindness endures forever:
Psalms 136:4	To the one who alone does great wonders; for YHWH’s loving kindness endures forever:
Psalms 136:5	To the one who by understanding made the heavens; for YHWH’s loving kindness endures forever:
Psalms 136:6	To the one who spread out the earth above the waters; for YHWH’s loving kindness endures forever:
Psalms 136:7	To the one who made the great lights; for YHWH’s loving kindness endures forever:
Psalms 136:8	The sun to rule by day; for YHWH’s loving kindness endures forever;
Psalms 136:9	The moon and stars to rule by night; for YHWH’s loving kindness endures forever:
Psalms 136:10	To the one who struck down the Egyptian firstborn; for YHWH’s loving kindness endures forever;
Psalms 136:11	And brought out Israel from among them; for YHWH’s loving kindness endures forever;
Psalms 136:12	With a strong hand, and with an outstretched arm; for YHWH’s loving kindness endures forever:
Psalms 136:13	To the one who divided the Red Sea apart; for YHWH’s loving kindness endures forever;
Psalms 136:14	And made Israel to pass through the midst of it; for YHWH’s loving kindness endures forever;
Psalms 136:15	But overthrew Pharaoh and his army in the Red Sea; for YHWH’s loving kindness endures forever:
Psalms 136:16	To the one who led their people through the wilderness; for YHWH’s loving kindness endures forever:
Psalms 136:17	To the one who struck great kings; for YHWH’s loving kindness endures forever;
Psalms 136:18	And killed mighty kings; for YHWH’s loving kindness endures forever:
Psalms 136:19	Sihon king of the Amorites; for YHWH’s loving kindness endures forever;
Psalms 136:20	Og king of Bashan; for YHWH’s loving kindness endures forever;
Psalms 136:21	And gave their land as an inheritance; for YHWH’s loving kindness endures forever;
Psalms 136:22	Even a heritage to Israel YHWH’s servant; for YHWH’s loving kindness endures forever:
Psalms 136:23	Who remembered us in our low estate; for YHWH’s loving kindness endures forever;
Psalms 136:24	And has delivered us from our adversaries; for YHWH’s loving kindness endures forever:
Psalms 136:25	Who gives food to every creature; for YHWH’s loving kindness endures forever.
Psalms 136:26	Oh give thanks to the God of heavens; for YHWH’s loving kindness endures forever.
Psalms 137:1	By the rivers of Bavel, there we sat down. Yes, we wept, when we remembered Tzion.
Psalms 137:2	On the willows in the midst of it, we hung up our harps.
Psalms 137:3	"For there, those who led us captive asked us for songs. Those who tormented us demanded songs of joy: ""Sing us one of the songs of Tzion!"""
Psalms 137:4	How can we sing YHWH's song in a foreign land?
Psalms 137:5	If I forget you, Yerushalayim, let my right hand forget its skill.
Psalms 137:6	Let my tongue stick to the roof of my mouth if I don't remember you; if I don't prefer Yerushalayim above my chief joy.
Psalms 137:7	"Remember, YHWH, against the children of Edom, the day of Yerushalayim; who said, ""Raze it! Raze it even to its foundation!"""
Psalms 137:8	Daughter of Bavel, doomed to destruction, he will be happy who rewards you, as you have served us.
Psalms 137:9	Happy shall he be, who takes and dashes your little ones against the rock.
Psalms 138:1	I will give you thanks with my whole heart. Before the gods, I will sing praises to you.
Psalms 138:2	I will bow down toward your holy temple, and give thanks to your Name for your loving kindness and for your truth; for you have exalted your Name and your Word above all.
Psalms 138:3	In the day that I called, you answered me. You encouraged me with strength in my soul.
Psalms 138:4	All the kings of the earth will give you thanks, YHWH, for they have heard the words of your mouth.
Psalms 138:5	Yes, they will sing of the ways of YHWH; for great is YHWH's glory.
Psalms 138:6	For though YHWH is high, yet YHWH looks after the lowly; but the proud, YHWH knows from afar.
Psalms 138:7	Though I walk in the midst of trouble, you will revive me. You will stretch forth your hand against the wrath of my enemies. Your right hand will save me.
Psalms 138:8	YHWH will fulfill that which concerns me; your loving kindness, YHWH, endures forever. Don't forsake the works of your own hands.
Psalms 139:1	YHWH, you have searched me, and you know me.
Psalms 139:2	You know my sitting down and my rising up. You perceive my thoughts from afar.
Psalms 139:3	You search out my path and my lying down, and are acquainted with all my ways.
Psalms 139:4	For there is not a word on my tongue, but, behold, YHWH, you know it altogether.
Psalms 139:5	You hem me in behind and before. You laid your hand on me.
Psalms 139:6	This knowledge is beyond me. It's lofty. I can't attain it.
Psalms 139:7	Where could I go from your Ruach? Or where could I flee from your presence?
Psalms 139:8	If I ascend up into heavens, you are there. If I make my bed in Sheol, behold, you are there!
Psalms 139:9	If I take the wings of the dawn, and settle in the uttermost parts of the sea;
Psalms 139:10	Even there your hand will lead me, and your right hand will hold me.
Psalms 139:11	"If I say, ""Surely the darkness will overwhelm me; the light around me will be night;"""
Psalms 139:12	even the darkness doesn't hide from you, but the night shines as the day. The darkness is like light to you.
Psalms 139:13	For you formed my inmost being. You knit me together in my mother's womb.
Psalms 139:14	I will give thanks to you, for I am fearfully and wonderfully made. Your works are wonderful. My soul knows that very well.
Psalms 139:15	My frame wasn't hidden from you, when I was made in secret, woven together in the depths of the earth.
Psalms 139:16	Your eyes saw my body. In your book they were all written, the days that were ordained for me, when as yet there were none of them.
Psalms 139:17	How precious to me are your thoughts, Elohim! How vast is the sum of them!
Psalms 139:18	If I would count them, they are more in number than the sand. When I wake up, I am still with you.
Psalms 139:19	If only you, Elohim, would kill the wicked. Get away from me, you bloodthirsty men!
Psalms 139:20	For they speak against you wickedly. Your enemies take your name in vain.
Psalms 139:21	YHWH, don't I hate those who hate you? Am I not grieved with those who rise up against you?
Psalms 139:22	I hate them with perfect hatred. They have become my enemies.
Psalms 139:23	Search me, Elohim, and know my heart. Try me, and know my thoughts.
Psalms 139:24	See if there is any wicked way in me, and lead me in the everlasting way.
Psalms 140:1	Deliver me, YHWH, from the brokenness man. Preserve me from the violent man;
Psalms 140:2	those who devise mischief in their hearts. They continually gather themselves together for war.
Psalms 140:3	They have sharpened their tongues like a serpent. Viper's poison is under their lips. Selah.
Psalms 140:4	YHWH, keep me from the hands of the wicked. Preserve me from the violent people who have determined to trip my feet.
Psalms 140:5	The proud have hidden a snare for me, they have spread the cords of a net by the path. They have set traps for me. Selah.
Psalms 140:6	"I said to YHWH, ""You are my God."" Listen to the cry of my petitions, YHWH."
Psalms 140:7	YHWH, YHWH, the strength of my salvation, you have covered my head in the day of battle.
Psalms 140:8	YHWH, don't grant the desires of the wicked. Don't let their brokenness plans succeed, or they will become proud. Selah.
Psalms 140:9	As for the head of those who surround me, let the mischief of their own lips cover them.
Psalms 140:10	Let burning coals fall on them. Let them be thrown into the fire, into miry pits, from where they never rise.
Psalms 140:11	A brokenness speaker won't be established in the earth. Brokenness will hunt the violent man to overthrow him.
Psalms 140:12	I know that YHWH will maintain the cause of the afflicted, and justice for the needy.
Psalms 140:13	Surely the righteous will give thanks to your name. The upright will dwell in your presence.
Psalms 141:1	YHWH, I have called on you. Come to me quickly! Listen to my voice when I call to you.
Psalms 141:2	Let my prayer be set before you like incense; the lifting up of my hands like the evening sacrifice.
Psalms 141:3	Set a watch, YHWH, before my mouth. Keep the door of my lips.
Psalms 141:4	Don't incline my heart to any broken thing, to practice deeds of wickedness with people who work iniquity. Don't let me eat of their delicacies.
Psalms 141:5	Let the righteous strike me, it is kindness; let him reprove me, it is like oil on the head; don't let my head refuse it; Yet my prayer is always against broken deeds.
Psalms 141:6	Their judges are thrown down by the sides of the rock. They will hear my words, for they are well spoken.
Psalms 141:7	"""As when one plows and breaks up the earth, our bones are scattered at the mouth of Sheol."""
Psalms 141:8	For my eyes are on you, YHWH, YHWH. In you, I take refuge. Don't leave my soul destitute.
Psalms 141:9	Keep me from the snare which they have laid for me, from the traps of the workers of iniquity.
Psalms 141:10	Let the wicked fall together into their own nets, while I pass by.
Psalms 142:1	I cry with my voice to YHWH. With my voice, I ask YHWH for mercy.
Psalms 142:2	I pour out my complaint before him. I tell him my troubles.
Psalms 142:3	When my spirit was overwhelmed within me, you knew my path. In the way in which I walk, they have hidden a snare for me.
Psalms 142:4	Look on my right, and see; for there is no one who is concerned for me. Refuge has fled from me. No one cares for my soul.
Psalms 142:5	"I cried to you, YHWH. I said, ""You are my refuge, my portion in the land of the living."""
Psalms 142:6	Listen to my cry, for I am in desperate need. deliver me from my persecutors, For they are stronger than me.
Psalms 142:7	Bring my soul out of prison, that I may give thanks to your name. The righteous will surround me, for you will be good to me.
Psalms 143:1	Hear my prayer, YHWH. Listen to my petitions. In your faithfulness and righteousness, relieve me.
Psalms 143:2	Don't enter into judgment with your servant, for in your sight no one living is righteous.
Psalms 143:3	For the enemy pursues my soul. He has struck my life down to the ground. He has made me live in dark places, as those who have been long dead.
Psalms 143:4	Therefore my spirit is overwhelmed within me. My heart within me is desolate.
Psalms 143:5	I remember the days of old. I meditate on all your doings. I contemplate the work of your hands.
Psalms 143:6	I spread forth my hands to you. My soul thirsts for you, like a parched land. Selah.
Psalms 143:7	Hurry to answer me, YHWH. My spirit fails. Don't hide your face from me, so that I don't become like those who go down into the pit.
Psalms 143:8	Cause me to hear your loving kindness in the morning, for I trust in you. Cause me to know the way in which I should walk, for I lift up my soul to you.
Psalms 143:9	Deliver me, YHWH, from my enemies. I flee to you to hide me.
Psalms 143:10	Teach me to do your will, for you are my God. Your Ruach is good. Lead me in the land of uprightness.
Psalms 143:11	Revive me, YHWH, for your name's sake. In your righteousness, bring my soul out of trouble.
Psalms 143:12	In your loving kindness, cut off my enemies, and destroy all those who afflict my soul, For I am your servant.
Psalms 144:1	Blessed be YHWH, my rock, who teaches my hands to war, and my fingers to battle:
Psalms 144:2	my loving kindness, my fortress, my high tower, my deliverer, my shield, and he in whom I take refuge; who subdues my people under me.
Psalms 144:3	YHWH, what is man, that you care for him? Or the child of humanity, that you think of them?
Psalms 144:4	A person is like a breath. His days are like a shadow that passes away.
Psalms 144:5	Part your heavens, YHWH, and come down. Touch the mountains, and they will smoke.
Psalms 144:6	Throw out lightning, and scatter them. Send out your arrows, and rout them.
Psalms 144:7	Stretch out your hand from above, rescue me, and deliver me out of great waters, out of the hands of foreigners;
Psalms 144:8	whose mouths speak deceit, Whose right hand is a right hand of falsehood.
Psalms 144:9	I will sing a new song to you, Elohim. On a ten-stringed lyre, I will sing praises to you.
Psalms 144:10	You are the one who gives salvation to kings, who rescues Dawid, their servant, from the deadly sword.
Psalms 144:11	Rescue me, and deliver me out of the hands of foreigners, whose mouths speak deceit, whose right hand is a right hand of falsehood.
Psalms 144:12	Then our sons will be like well-nurtured plants, our daughters like pillars carved to adorn a palace.
Psalms 144:13	Our barns are full, filled with all kinds of provision. Our sheep bring forth thousands and ten thousands in our fields.
Psalms 144:14	Our oxen will pull heavy loads. There is no breaking in, and no going away, and no outcry in our streets.
Psalms 144:15	Happy are the people who are in such a situation. Happy are the people whose Elohim is YHWH.
Psalms 145:1	I will exalt you, my God, the King. I will praise your name forever and ever.
Psalms 145:2	Every day I will praise you. I will extol your name forever and ever.
Psalms 145:3	Great is YHWH, and greatly to be praised! YHWH’s greatness is unsearchable.
Psalms 145:4	One generation will commend your works to another, and will declare your mighty acts.
Psalms 145:5	Of the glorious majesty of your honor, of your wondrous works, I will meditate.
Psalms 145:6	Men will speak of the might of your awesome acts. I will declare your greatness.
Psalms 145:7	They will utter the memory of your great goodness, and will sing of your righteousness.
Psalms 145:8	YHWH is gracious, merciful, slow to anger, and of great loving kindness.
Psalms 145:9	YHWH is good to all. YHWH’s tender mercies are over all YHWH’s works.
Psalms 145:10	All your works will give thanks to you, YHWH. Your saints will extol you.
Psalms 145:11	They will speak of the glory of your kingdom, and talk about your power;
Psalms 145:12	to make known to the human beings YHWH’s mighty acts, the glory of the majesty of YHWH’s kingdom.
Psalms 145:13	Your kingdom is an everlasting kingdom. Your dominion endures throughout all generations. YHWH is faithful in all YHWH’s words, and loving in all YHWH’s deeds.
Psalms 145:14	YHWH upholds all who fall, and raises up all those who are bowed down.
Psalms 145:15	The eyes of all wait for you. You give them their food in due season.
Psalms 145:16	You open your hand, and satisfy the desire of every living thing.
Psalms 145:17	YHWH is righteous in all YHWH’s ways, and gracious in all YHWH’s works.
Psalms 145:18	YHWH is near to all those who call on YHWH, to all who call on YHWH in truth.
Psalms 145:19	YHWH will fulfill the desire of those who revere YHWH. YHWH also will hear their cry, and will save them.
Psalms 145:20	YHWH preserves all those who love YHWH, but all the wicked YHWH will destroy.
Psalms 145:21	My mouth will speak the praise of YHWH. Let all flesh bless YHWH’s holy name forever and ever.
Psalms 146:1	Praise Yah! Praise YHWH, my soul.
Psalms 146:2	While I live, I will praise YHWH. I will sing praises to my God as long as I exist.
Psalms 146:3	Don't put your trust in princes, each a child of humanity in whom there is no help.
Psalms 146:4	His spirit departs, and he returns to the earth. In that very day, his thoughts perish.
Psalms 146:5	Happy is the one who has the God of Ya'akov for their help, whose hope is in YHWH, their God:
Psalms 146:6	who made heavens and earth, the sea, and all that is in them; who keeps truth forever;
Psalms 146:7	who executes justice for the oppressed; who gives food to the hungry. YHWH frees the prisoners.
Psalms 146:8	YHWH opens the eyes of the blind. YHWH raises up those who are bowed down. YHWH loves the righteous.
Psalms 146:9	YHWH preserves the foreigners. YHWH upholds the fatherless and widow, but the way of the wicked YHWH turns upside down.
Psalms 146:10	YHWH will reign forever; your God, O Tzion, to all generations. Praise Yah!
Psalms 147:1	Praise Yah, for it is good to sing praises to our God; for it is pleasant and fitting to praise him.
Psalms 147:2	YHWH builds up Yerushalayim. YHWH gathers together the outcasts of Israel.
Psalms 147:3	YHWH heals the broken in heart, and binds up their wounds.
Psalms 147:4	YHWH counts the number of the stars. YHWH calls them all by their names.
Psalms 147:5	Great is our YHWH, and mighty in power. YHWH’s understanding is infinite.
Psalms 147:6	YHWH upholds the humble. YHWH brings the wicked down to the ground.
Psalms 147:7	Sing to YHWH with thanksgiving. Sing praises on the harp to our God,
Psalms 147:8	who covers the heavens with clouds, who prepares rain for the earth, who makes grass grow on the mountains.
Psalms 147:9	YHWH provides food for the livestock, and for the young ravens when they call.
Psalms 147:10	YHWH doesn't delight in the strength of the horse. They takes no pleasure in the legs of a person.
Psalms 147:11	YHWH takes pleasure in those who revere YHWH, in those who hope in YHWH’s loving kindness.
Psalms 147:12	Praise YHWH, Yerushalayim! Praise your God, Tzion!
Psalms 147:13	For YHWH has strengthened the bars of your gates. YHWH has blessed your children within you.
Psalms 147:14	YHWH makes peace in your borders. YHWH fills you with the finest of the wheat.
Psalms 147:15	YHWH sends out YHWH’s commandment to the earth. YHWH’s word runs very swiftly.
Psalms 147:16	YHWH gives snow like wool, and scatters frost like ashes.
Psalms 147:17	YHWH hurls down YHWH’s hail like pebbles. Who can stand before YHWH’s cold?
Psalms 147:18	YHWH sends out YHWH’s word, and melts them. YHWH causes YHWH’s wind to blow, and the waters flow.
Psalms 147:19	YHWH shows YHWH’s word to Ya'akov; YHWH’s statutes and YHWH’s ordinances to Israel.
Psalms 147:20	YHWH has not done this for just any nation. They don't know YHWH’s ordinances. Praise Yah!
Psalms 148:1	Praise Yah! Praise YHWH from the heavens! Praise YHWH in the heights!
Psalms 148:2	Praise YHWH, all YHWH’s angels! Praise YHWH, all YHWH’s army!
Psalms 148:3	Praise YHWH, sun and moon! Praise YHWH, all you shining stars!
Psalms 148:4	Praise YHWH, you heavens of heavens, You waters that are above the heavens.
Psalms 148:5	Let them praise the name of YHWH, For YHWH commanded, and they were created.
Psalms 148:6	YHWH has also established them forever and ever. YHWH has made a decree which will not pass away.
Psalms 148:7	Praise YHWH from the earth, you great sea creatures, and all depths!
Psalms 148:8	Lightning and hail, snow and clouds; stormy wind, fulfilling YHWH’s word;
Psalms 148:9	mountains and all hills; fruit trees and all cedars;
Psalms 148:10	wild animals and all livestock; small creatures and flying birds;
Psalms 148:11	kings of the earth and all peoples; princes and all judges of the earth;
Psalms 148:12	both young people and maidens; old men and children:
Psalms 148:13	let them praise the name of YHWH, for YHWH’s name alone is exalted. YHWH’s glory is above the earth and the heavens.
Psalms 148:14	YHWH has lifted up the horn of YHWH’s people, the praise of all YHWH’s saints; even of the children of Israel, a people near to YHWH. Praise Yah!
Psalms 149:1	Praise YHWH! Sing to YHWH a new song, his praise in the assembly of the saints.
Psalms 149:2	Let Israel rejoice in the one who made them. Let the children of Tzion be joyful in their King.
Psalms 149:3	Let them praise YHWH’s name in the dance! Let them sing praises to YHWH with tambourine and harp!
Psalms 149:4	For YHWH takes pleasure in YHWH’s people. YHWH crowns the humble with salvation.
Psalms 149:5	Let the saints rejoice in honor. Let them sing for joy on their beds.
Psalms 149:6	May the high praises of Elohim be in their mouths, and a two-edged sword in their hand;
Psalms 149:7	To execute vengeance on the nations, and punishments on the peoples;
Psalms 149:8	To bind their kings with chains, and their nobles with fetters of iron;
Psalms 149:9	to execute on them the written judgment. All his saints have this honor. Praise Yah!
Psalms 150:1	Praise Yah! Praise Elohim in his sanctuary! Praise him in his heavens for his acts of power!
Psalms 150:2	Praise him for his mighty acts! Praise him according to his excellent greatness!
Psalms 150:3	Praise him with the sounding of the trumpet! Praise him with harp and lyre!
Psalms 150:4	Praise him with tambourine and dancing! Praise him with stringed instruments and flute!
Psalms 150:5	Praise him with loud cymbals! Praise him with resounding cymbals!
Psalms 150:6	Let everything that has breath praise Yah! Praise Yah!
Proverbs 1:1	The proverbs of Shlomo, the son of Dawid, king of Israel:
Proverbs 1:2	to know wisdom and instruction; to discern the words of understanding;
Proverbs 1:3	to receive instruction in wise dealing, in righteousness, justice, and equity;
Proverbs 1:4	to give prudence to the simple, knowledge and discretion to the young person:
Proverbs 1:5	that the wise person may hear, and increase in learning; that the person of understanding may attain to sound counsel:
Proverbs 1:6	to understand a proverb, and parables, the words and riddles of the wise.
Proverbs 1:7	Reverence for YHWH is the beginning of knowledge; but the foolish despise wisdom and instruction.
Proverbs 1:8	My child, listen to your father's instruction, and don't forsake your mother's teaching:
Proverbs 1:9	for they will be a garland to grace your head, and chains around your neck.
Proverbs 1:10	My child, if sinners entice you, don't consent.
Proverbs 1:11	"If they say, ""Come with us, Let's lay in wait for blood; let's lurk secretly for the innocent without cause;"
Proverbs 1:12	let's swallow them up alive like Sheol, and whole, like those who go down into the pit.
Proverbs 1:13	We'll find all valuable wealth. We'll fill our houses with spoil.
Proverbs 1:14	"You shall cast your lot among us. We'll all have one purse."""
Proverbs 1:15	My child, don't walk in the way with them. Keep your foot from their path,
Proverbs 1:16	for their feet run to brokenness. They hurry to shed blood.
Proverbs 1:17	For in vain is the net spread in the sight of any bird:
Proverbs 1:18	but these lay wait for their own blood. They lurk secretly for their own lives.
Proverbs 1:19	So are the ways of everyone who is greedy for gain. It takes away the life of its owners.
Proverbs 1:20	Wisdom calls aloud in the street. She utters her voice in the public squares.
Proverbs 1:21	She calls at the head of noisy places. At the entrance of the city gates, she utters her words:
Proverbs 1:22	"""How long, you simple ones, will you love simplicity? How long will mockers delight themselves in mockery, and fools hate knowledge?"
Proverbs 1:23	Turn at my reproof. Behold, I will pour out my spirit on you. I will make known my words to you.
Proverbs 1:24	Because I have called, and you have refused; I have stretched out my hand, and no one has paid attention;
Proverbs 1:25	but you have ignored all my counsel, and wanted none of my reproof;
Proverbs 1:26	I also will laugh at your disaster. I will mock when calamity overtakes you;
Proverbs 1:27	when calamity overtakes you like a storm, when your disaster comes on like a whirlwind; when distress and anguish come on you.
Proverbs 1:28	Then will they call on me, but I will not answer. They will seek me diligently, but they will not find me;
Proverbs 1:29	because they hated knowledge, and didn't choose reverence for YHWH.
Proverbs 1:30	They wanted none of my counsel. They despised all my reproof.
Proverbs 1:31	Therefore they will eat of the fruit of their own way, and be filled with their own schemes.
Proverbs 1:32	For the backsliding of the simple will kill them. The careless ease of fools will destroy them.
Proverbs 1:33	"But whoever listens to me will dwell securely, and will be at ease, without fear of harm."""
Proverbs 2:1	My child, if you will receive my words, and store up my commandments within you;
Proverbs 2:2	So as to turn your ear to wisdom, and apply your heart to understanding;
Proverbs 2:3	Yes, if you call out for discernment, and lift up your voice for understanding;
Proverbs 2:4	If you seek her as silver, and search for her as for hidden treasures:
Proverbs 2:5	then you will understand reverence for YHWH, and find the knowledge of Elohim.
Proverbs 2:6	For YHWH gives wisdom. Out of YHWH’s mouth comes knowledge and understanding.
Proverbs 2:7	YHWH lays up sound wisdom for the upright. YHWH is a shield to those who walk in integrity;
Proverbs 2:8	that he may guard the paths of justice, and preserve the way of his saints.
Proverbs 2:9	Then you will understand righteousness and justice, equity and every good path.
Proverbs 2:10	For wisdom will enter into your heart. Knowledge will be pleasant to your soul.
Proverbs 2:11	Discretion will watch over you. Understanding will keep you,
Proverbs 2:12	to deliver you from the way of brokenness, from the people who speak perverse things;
Proverbs 2:13	who forsake the paths of uprightness, to walk in the ways of darkness;
Proverbs 2:14	who rejoice to do brokenness, and delight in the perverseness of brokenness;
Proverbs 2:15	who are crooked in their ways, and wayward in their paths:
Proverbs 2:16	To deliver you from the strange woman, even from the foreigner who flatters with her words;
Proverbs 2:17	who forsakes the friend of her youth, and forgets the covenant of her God:
Proverbs 2:18	for her house leads down to death, her paths to the dead.
Proverbs 2:19	None who go to her return again, neither do they attain to the paths of life:
Proverbs 2:20	that you may walk in the way of good men, and keep the paths of the righteous.
Proverbs 2:21	For the upright will dwell in the land. The perfect will remain in it.
Proverbs 2:22	But the wicked will be cut off from the land. The treacherous will be rooted out of it.
Proverbs 3:1	My child, don't forget my teaching; but let your heart keep my commandments:
Proverbs 3:2	for length of days, and years of life, and peace, will they add to you.
Proverbs 3:3	Don't let kindness and truth forsake you. Bind them around your neck. Write them on the tablet of your heart.
Proverbs 3:4	So you will find favor, and good understanding in the sight of Elohim and man.
Proverbs 3:5	Trust in YHWH with all your heart, and don't lean on your own understanding.
Proverbs 3:6	In all your ways acknowledge him, and he will make your paths straight.
Proverbs 3:7	Don't be wise in your own eyes. Revere YHWH, and depart from harm.
Proverbs 3:8	It will be health to your body, and nourishment to your bones.
Proverbs 3:9	Honor YHWH with your substance, with the first fruits of all your increase:
Proverbs 3:10	so your barns will be filled with plenty, and your vats will overflow with new wine.
Proverbs 3:11	My child, don't despise YHWH's discipline, neither be weary of YHWH’s reproof:
Proverbs 3:12	for whom YHWH loves, YHWH reproves; even as a father reproves the son in whom he delights.
Proverbs 3:13	Happy is the one who finds wisdom, the one who gets understanding.
Proverbs 3:14	For her good profit is better than getting silver, and her return is better than fine gold.
Proverbs 3:15	She is more precious than rubies. None of the things you can desire are to be compared to her.
Proverbs 3:16	Length of days is in her right hand. In her left hand are riches and honor.
Proverbs 3:17	Her ways are ways of pleasantness. All her paths are peace.
Proverbs 3:18	She is a tree of life to those who lay hold of her. Happy is everyone who retains her.
Proverbs 3:19	By wisdom YHWH founded the earth. By understanding, YHWH established the heavens.
Proverbs 3:20	By his knowledge, the depths were broken up, and the skies drop down the dew.
Proverbs 3:21	My child, let them not depart from your eyes. Keep sound wisdom and discretion:
Proverbs 3:22	so they will be life to your soul, and grace for your neck.
Proverbs 3:23	Then you shall walk in your way securely. Your foot won't stumble.
Proverbs 3:24	When you lie down, you will not be afraid. Yes, you will lie down, and your sleep will be sweet.
Proverbs 3:25	Don't be afraid of sudden fear, neither of the desolation of the wicked, when it comes:
Proverbs 3:26	for YHWH will be your confidence, and will keep your foot from being taken.
Proverbs 3:27	Don't withhold good from those to whom it is due, when it is in the power of your hand to do it.
Proverbs 3:28	"Don't say to your neighbor, ""Go, and come again; tomorrow I will give it to you,"" when you have it by you."
Proverbs 3:29	Don't devise brokenness against your neighbor, seeing he dwells securely by you.
Proverbs 3:30	Don't strive with a person without cause, if they have done you no harm.
Proverbs 3:31	Don't envy the violent person. Choose none of his ways.
Proverbs 3:32	For the perverse is an abomination to YHWH, but YHWH’s friendship is with the upright.
Proverbs 3:33	YHWH's curse is in the house of the wicked, but YHWH blesses the habitation of the righteous.
Proverbs 3:34	Surely he mocks the mockers, but he gives grace to the humble.
Proverbs 3:35	The wise will inherit glory, but shame will be the promotion of fools.
Proverbs 4:1	Listen, sons, to a father's instruction. Pay attention and know understanding;
Proverbs 4:2	for I give you sound learning. Don't forsake my law.
Proverbs 4:3	For I was a son to my father, tender and an only child in the sight of my mother.
Proverbs 4:4	"He taught me, and said to me: ""Let your heart retain my words. Keep my commandments, and live."
Proverbs 4:5	Get wisdom. Get understanding. Don't forget, neither swerve from the words of my mouth.
Proverbs 4:6	Don't forsake her, and she will preserve you. Love her, and she will keep you.
Proverbs 4:7	Wisdom is supreme. Get wisdom. Yes, though it costs all your possessions, get understanding.
Proverbs 4:8	Esteem her, and she will exalt you. She will bring you to honor, when you embrace her.
Proverbs 4:9	"She will give to your head a garland of grace. She will deliver a crown of splendor to you."""
Proverbs 4:10	Listen, my child, and receive my sayings. The years of your life will be many.
Proverbs 4:11	I have taught you in the way of wisdom. I have led you in straight paths.
Proverbs 4:12	When you go, your steps will not be hampered. When you run, you will not stumble.
Proverbs 4:13	Take firm hold of instruction. Don't let her go. Keep her, for she is your life.
Proverbs 4:14	Don't enter into the path of the wicked. Don't walk in the way of brokenness men.
Proverbs 4:15	Avoid it, and don't pass by it. Turn from it, and pass on.
Proverbs 4:16	For they don't sleep, unless they do brokenness. Their sleep is taken away, unless they make someone fall.
Proverbs 4:17	For they eat the bread of wickedness, and drink the wine of violence.
Proverbs 4:18	But the path of the righteous is like the dawning light, that shines more and more until the perfect day.
Proverbs 4:19	The way of the wicked is like darkness. They don't know what they stumble over.
Proverbs 4:20	My child, attend to my words. Turn your ear to my sayings.
Proverbs 4:21	Let them not depart from your eyes. Keep them in the midst of your heart.
Proverbs 4:22	For they are life to those who find them, and health to their whole body.
Proverbs 4:23	Keep your heart with all diligence, for out of it is the wellspring of life.
Proverbs 4:24	Put away from yourself a perverse mouth. Put corrupt lips far from you.
Proverbs 4:25	Let your eyes look straight ahead. Fix your gaze directly before you.
Proverbs 4:26	Make the path of your feet level. Let all of your ways be established.
Proverbs 4:27	Don't turn to the right hand nor to the left. Remove your foot from harm.
Proverbs 5:1	My child, pay attention to my wisdom. Turn your ear to my understanding:
Proverbs 5:2	that you may maintain discretion, that your lips may preserve knowledge.
Proverbs 5:3	For the lips of an adulteress drip honey. Her mouth is smoother than oil,
Proverbs 5:4	But in the end she is as bitter as wormwood, and as sharp as a two-edged sword.
Proverbs 5:5	Her feet go down to death. Her steps lead straight to Sheol.
Proverbs 5:6	She gives no thought to the way of life. Her ways are crooked, and she doesn't know it.
Proverbs 5:7	Now therefore, my children, listen to me. Don't depart from the words of my mouth.
Proverbs 5:8	Remove your way far from her. Don't come near the door of her house,
Proverbs 5:9	lest you give your honor to others, and your years to the cruel one;
Proverbs 5:10	lest strangers feast on your wealth, and your labors enrich another person's house.
Proverbs 5:11	You will groan at your latter end, when your flesh and your body are consumed,
Proverbs 5:12	"and say, ""How I have hated instruction, and my heart despised reproof;"
Proverbs 5:13	neither have I obeyed the voice of my teachers, nor turned my ear to those who instructed me!
Proverbs 5:14	"I have come to the brink of utter ruin, in the midst of the gathered assembly."""
Proverbs 5:15	Drink water out of your own cistern, running water out of your own well.
Proverbs 5:16	Should your springs overflow in the streets, streams of water in the public squares?
Proverbs 5:17	Let them be for yourself alone, not for strangers with you.
Proverbs 5:18	Let your spring be blessed. Rejoice in the wife of your youth.
Proverbs 5:19	A loving doe and a graceful deer--let her breasts satisfy you at all times. Be captivated always with her love.
Proverbs 5:20	For why should you, my child, be captivated with an adulteress? Why embrace the bosom of another?
Proverbs 5:21	For the ways of man are before the eyes of YHWH. YHWH examines all his paths.
Proverbs 5:22	The broken deeds of the wicked ensnare him. The cords of his sin hold him firmly.
Proverbs 5:23	He will die for lack of instruction. In the greatness of his folly, he will go astray.
Proverbs 6:1	My child, if you have become collateral for your neighbor, if you have struck your hands in pledge for a stranger;
Proverbs 6:2	You are trapped by the words of your mouth. You are ensnared with the words of your mouth.
Proverbs 6:3	Do this now, my child, and deliver yourself, seeing you have come into the hand of your neighbor. Go, humble yourself. Press your plea with your neighbor.
Proverbs 6:4	Give no sleep to your eyes, nor slumber to your eyelids.
Proverbs 6:5	Free yourself, like a gazelle from the hand of the hunter, like a bird from the snare of the fowler.
Proverbs 6:6	Go to the ant, you sluggard. Consider her ways, and be wise;
Proverbs 6:7	which having no chief, overseer, or ruler,
Proverbs 6:8	provides her bread in the summer, and gathers her food in the harvest.
Proverbs 6:9	How long will you sleep, sluggard? When will you arise out of your sleep?
Proverbs 6:10	A little sleep, a little slumber, a little folding of the hands to sleep:
Proverbs 6:11	so your poverty will come as a robber, and your scarcity as an armed man.
Proverbs 6:12	A worthless person, a person of iniquity, is the one who walks with a perverse mouth;
Proverbs 6:13	who winks with his eyes, who signals with his feet, who motions with his fingers;
Proverbs 6:14	in whose heart is perverseness, who devises brokenness continually, who always sows discord.
Proverbs 6:15	Therefore his calamity will come suddenly. He will be broken suddenly, and that without remedy.
Proverbs 6:16	There are six things which YHWH hates; yes, seven which are an abomination to YHWH:
Proverbs 6:17	haughty eyes, a lying tongue, hands that shed innocent blood;
Proverbs 6:18	a heart that devises wicked schemes, feet that are swift in running to mischief,
Proverbs 6:19	a false witness who utters lies, and the one who sows discord among brothers.
Proverbs 6:20	My child, keep your father's commandment, and don't forsake your mother's teaching.
Proverbs 6:21	Bind them continually on your heart. Tie them around your neck.
Proverbs 6:22	When you walk, it will lead you. When you sleep, it will watch over you. When you awake, it will talk with you.
Proverbs 6:23	For the commandment is a lamp, and the law is light. Reproofs of instruction are the way of life,
Proverbs 6:24	to keep you from the immoral woman, from the flattery of the wayward wife's tongue.
Proverbs 6:25	Don't lust after her beauty in your heart, neither let her captivate you with her eyelids.
Proverbs 6:26	For a prostitute reduces you to a piece of bread. The adulteress hunts for your precious life.
Proverbs 6:27	Can a person scoop fire into their lap, and their clothes not be burned?
Proverbs 6:28	Or can one walk on hot coals, and his feet not be scorched?
Proverbs 6:29	So is the one who goes in to their neighbor's wife. Whoever touches her will not be unpunished.
Proverbs 6:30	Men don't despise a thief, if he steals to satisfy himself when he is hungry:
Proverbs 6:31	but if he is found, he shall restore seven times. He shall give all the wealth of his house.
Proverbs 6:32	The one who commits adultery with a woman is void of understanding. The one who does it destroys their own soul.
Proverbs 6:33	He will get wounds and dishonor. His reproach will not be wiped away.
Proverbs 6:34	For jealousy arouses the fury of the husband. He won't spare in the day of vengeance.
Proverbs 6:35	He won't regard any ransom, neither will he rest content, though you give many gifts.
Proverbs 7:1	My child, keep my words. Lay up my commandments within you.
Proverbs 7:2	Keep my commandments and live! Guard my teaching as the apple of your eye.
Proverbs 7:3	Bind them on your fingers. Write them on the tablet of your heart.
Proverbs 7:4	"Tell wisdom, ""You are my sister."" Call understanding your relative,"
Proverbs 7:5	that they may keep you from the strange woman, from the foreigner who flatters with her words.
Proverbs 7:6	For at the window of my house, I looked out through my lattice.
Proverbs 7:7	I saw among the simple ones. I discerned among the youths a young person void of understanding,
Proverbs 7:8	passing through the street near her corner, he went the way to her house,
Proverbs 7:9	in the twilight, in the evening of the day, in the middle of the night and in the darkness.
Proverbs 7:10	Behold, there a woman met him with the attire of a prostitute, and with crafty intent.
Proverbs 7:11	She is loud and defiant. Her feet don't stay in her house.
Proverbs 7:12	Now she is in the streets, now in the squares, and lurking at every corner.
Proverbs 7:13	So she caught him, and kissed him. With an impudent face she said to him:
Proverbs 7:14	"""Sacrifices of peace offerings are with me. This day I have paid my vows."
Proverbs 7:15	Therefore I came out to meet you, to diligently seek your face, and I have found you.
Proverbs 7:16	I have spread my couch with carpets of tapestry, with striped cloths of the yarn of Mitzrayim.
Proverbs 7:17	I have perfumed my bed with myrrh, aloes, and cinnamon.
Proverbs 7:18	Come, let's take our fill of loving until the morning. Let's solace ourselves with loving.
Proverbs 7:19	For my husband isn't at home. He has gone on a long journey.
Proverbs 7:20	"He has taken a bag of money with him. He will come home at the full moon."""
Proverbs 7:21	With persuasive words, she led him astray. With the flattering of her lips, she seduced him.
Proverbs 7:22	They followed her immediately, as an ox goes to the slaughter, as a fool stepping into a noose.
Proverbs 7:23	Until an arrow strikes through his liver, as a bird hurries to the snare, and doesn't know that it will cost his life.
Proverbs 7:24	Now therefore, sons, listen to me. Pay attention to the words of my mouth.
Proverbs 7:25	Don't let your heart turn to her ways. Don't go astray in her paths,
Proverbs 7:26	for she has thrown down many wounded. Yes, all her slain are a mighty army.
Proverbs 7:27	Her house is the way to Sheol, going down to the chambers of death.
Proverbs 8:1	Doesn't wisdom cry out? Doesn't understanding raise her voice?
Proverbs 8:2	On the top of high places by the way, where the paths meet, she stands.
Proverbs 8:3	Beside the gates, at the entry of the city, at the entry doors, she cries aloud:
Proverbs 8:4	"""To you men, I call! I send my voice to the sons of humanity."
Proverbs 8:5	You simple, understand prudence. You fools, be of an understanding heart.
Proverbs 8:6	Hear, for I will speak excellent things. The opening of my lips is for right things.
Proverbs 8:7	For my mouth speaks truth. Wickedness is an abomination to my lips.
Proverbs 8:8	All the words of my mouth are in righteousness. There is nothing crooked or perverse in them.
Proverbs 8:9	They are all plain to the one who understands, right to those who find knowledge.
Proverbs 8:10	Receive my instruction rather than silver; knowledge rather than choice gold.
Proverbs 8:11	For wisdom is better than rubies. All the things that may be desired can't be compared to it.
Proverbs 8:12	"""I, wisdom, have made prudence my dwelling. Find out knowledge and discretion."
Proverbs 8:13	Reverence for YHWH is to hate brokenness. I hate pride, arrogance, the broken way, and the perverse mouth.
Proverbs 8:14	Counsel and sound knowledge are mine. I have understanding and power.
Proverbs 8:15	By me kings reign, and princes decree justice.
Proverbs 8:16	By me princes rule; nobles, and all the righteous rulers of the earth.
Proverbs 8:17	I love those who love me. Those who seek me diligently will find me.
Proverbs 8:18	With me are riches, honor, enduring wealth, and prosperity.
Proverbs 8:19	My fruit is better than gold, yes, than fine gold; my yield than choice silver.
Proverbs 8:20	I walk in the way of righteousness, in the midst of the paths of justice;
Proverbs 8:21	That I may give wealth to those who love me. I fill their treasuries.
Proverbs 8:22	"""YHWH possessed me in the beginning of YHWH’s work, before YHWH’s deeds of old."
Proverbs 8:23	I was set up from everlasting, from the beginning, before the earth existed.
Proverbs 8:24	When there were no depths, I was brought forth, when there were no springs abounding with water.
Proverbs 8:25	Before the mountains were settled in place, before the hills, I was brought forth;
Proverbs 8:26	while as yet he had not made the earth, nor the fields, nor the beginning of the dust of the world.
Proverbs 8:27	When he established the heavens, I was there; when he set a circle on the surface of the deep,
Proverbs 8:28	when he established the clouds above, when the springs of the deep became strong,
Proverbs 8:29	when he gave to the sea its boundary, that the waters should not violate his commandment, when he marked out the foundations of the earth;
Proverbs 8:30	then I was the craftsman by his side. I was a delight day by day, always rejoicing before him,
Proverbs 8:31	Rejoicing in his whole world. My delight was with the human beings.
Proverbs 8:32	"""Now therefore, my children, listen to me, for blessed are those who keep my ways."
Proverbs 8:33	Hear instruction, and be wise. Don't refuse it.
Proverbs 8:34	Blessed is the one who hears me, watching daily at my gates, waiting at my door posts.
Proverbs 8:35	For whoever finds me, finds life, and will obtain favor from YHWH.
Proverbs 8:36	"But the one who sins against me wrongs their own soul. All those who hate me love death."""
Proverbs 9:1	Wisdom has built her house. She has carved out her seven pillars.
Proverbs 9:2	She has prepared her meat. She has mixed her wine. She has also set her table.
Proverbs 9:3	She has sent out her maidens. She cries from the highest places of the city:
Proverbs 9:4	"""Whoever is simple, let them turn in here!"" As for the one who is void of understanding, she says to them,"
Proverbs 9:5	"""Come, eat some of my bread, Drink some of the wine which I have mixed!"
Proverbs 9:6	"Leave your simple ways, and live. Walk in the way of understanding."""
Proverbs 9:7	The one who corrects a mocker invites insult. The one who reproves a broken person invites abuse.
Proverbs 9:8	Don't reprove a scoffer, lest he hate you. Reprove a wise person, and they will love you.
Proverbs 9:9	Instruct a wise person, and they will be still wiser. Teach a righteous person, and they will increase in learning.
Proverbs 9:10	Reverence for YHWH is the beginning of wisdom. The knowledge of the Holy One is understanding.
Proverbs 9:11	For by me your days will be multiplied. The years of your life will be increased.
Proverbs 9:12	If you are wise, you are wise for yourself. If you mock, you alone will bear it.
Proverbs 9:13	The foolish woman is loud, Undisciplined, and knows nothing.
Proverbs 9:14	She sits at the door of her house, on a seat in the high places of the city,
Proverbs 9:15	To call to those who pass by, who go straight on their ways,
Proverbs 9:16	"""Whoever is simple, let them turn in here."" as for the one who is void of understanding, she says to them,"
Proverbs 9:17	"""Stolen water is sweet. Food eaten in secret is pleasant."""
Proverbs 9:18	But he doesn't know that the dead are there, that her guests are in the depths of Sheol.
Proverbs 10:1	The proverbs of Shlomo. A wise son makes a glad father; but a foolish son brings grief to his mother.
Proverbs 10:2	Treasures of wickedness profit nothing, but righteousness delivers from death.
Proverbs 10:3	YHWH will not allow the soul of the righteous to go hungry, but YHWH thrusts away the desire of the wicked.
Proverbs 10:4	He becomes poor who works with a lazy hand, but the hand of the diligent brings wealth.
Proverbs 10:5	The one who gathers in summer is a wise son, but the one who sleeps during the harvest is a son who causes shame.
Proverbs 10:6	Blessings are on the head of the righteous, but violence covers the mouth of the wicked.
Proverbs 10:7	The memory of the righteous is blessed, but the name of the wicked will rot.
Proverbs 10:8	The wise in heart accept commandments, but a chattering fool will fall.
Proverbs 10:9	The one who walks blamelessly walks surely, but the one who perverts their ways will be found out.
Proverbs 10:10	One winking with the eye causes sorrow, but a chattering fool will fall.
Proverbs 10:11	The mouth of the righteous is a spring of life, but violence covers the mouth of the wicked.
Proverbs 10:12	Hatred stirs up strife, but love covers all wrongs.
Proverbs 10:13	Wisdom is found on the lips of the one who has discernment, but a rod is for the back of the one who is void of understanding.
Proverbs 10:14	Wise people lay up knowledge, but the mouth of the foolish is near ruin.
Proverbs 10:15	The rich person's wealth is their strong city. The destruction of the poor is their poverty.
Proverbs 10:16	The labor of the righteous leads to life. The increase of the wicked leads to sin.
Proverbs 10:17	The one who heeds correction is in the way of life, but the one who forsakes reproof leads others astray.
Proverbs 10:18	The one who hides hatred has lying lips. The one who utters a slander is a fool.
Proverbs 10:19	In the multitude of words there is no lack of disobedience, but the one who restrains their lips does wisely.
Proverbs 10:20	The tongue of the righteous is like choice silver. The heart of the wicked is of little worth.
Proverbs 10:21	The lips of the righteous feed many, but the foolish die for lack of understanding.
Proverbs 10:22	YHWH's blessing brings wealth, and YHWH adds no trouble to it.
Proverbs 10:23	It is a fool's pleasure to do wickedness, but wisdom is a person of understanding's pleasure.
Proverbs 10:24	What the wicked fear, will overtake them, but the desire of the righteous will be granted.
Proverbs 10:25	When the whirlwind passes, the wicked is no more; but the righteous stand firm forever.
Proverbs 10:26	As vinegar to the teeth, and as smoke to the eyes, so is the sluggard to those who send him.
Proverbs 10:27	Reverence for YHWH prolongs days, but the years of the wicked shall be shortened.
Proverbs 10:28	The prospect of the righteous is joy, but the hope of the wicked will perish.
Proverbs 10:29	The way of YHWH is a stronghold to the upright, but it is a destruction to the workers of iniquity.
Proverbs 10:30	The righteous will never be removed, but the wicked will not dwell in the land.
Proverbs 10:31	The mouth of the righteous brings forth wisdom, but the perverse tongue will be cut off.
Proverbs 10:32	The lips of the righteous know what is acceptable, but the mouth of the wicked is perverse.
Proverbs 11:1	A false balance is an abomination to YHWH, but accurate weights are YHWH’s delight.
Proverbs 11:2	When pride comes, then comes shame, but with humility comes wisdom.
Proverbs 11:3	The integrity of the upright shall guide them, but the perverseness of the treacherous shall destroy them.
Proverbs 11:4	Riches don't profit in the day of wrath, but righteousness delivers from death.
Proverbs 11:5	The righteousness of the blameless will direct his way, but the wicked shall fall by his own wickedness.
Proverbs 11:6	The righteousness of the upright shall deliver them, but the unfaithful will be trapped by broken desires.
Proverbs 11:7	When a broken person dies, hope perishes, and expectation of power comes to nothing.
Proverbs 11:8	A righteous person is delivered out of trouble, and the wicked takes their place.
Proverbs 11:9	With his mouth the godless man destroys his neighbor, but the righteous will be delivered through knowledge.
Proverbs 11:10	When it goes well with the righteous, the city rejoices. When the wicked perish, there is shouting.
Proverbs 11:11	By the blessing of the upright, the city is exalted, but it is overthrown by the mouth of the wicked.
Proverbs 11:12	One who despises their neighbor is void of wisdom, but a person of understanding holds their peace.
Proverbs 11:13	One who brings gossip betrays a confidence, but one who is of a trustworthy spirit is one who keeps a secret.
Proverbs 11:14	Where there is no wise guidance, the nation falls, but in the multitude of counselors there is victory.
Proverbs 11:15	The one who is collateral for a stranger will suffer for it, but the one who refuses pledges of collateral is secure.
Proverbs 11:16	A gracious woman obtains honor, but violent men obtain riches.
Proverbs 11:17	The merciful man does good to their own soul, but the one who is cruel troubles their own flesh.
Proverbs 11:18	Wicked people earn deceitful wages, but one who sows righteousness reaps a sure reward.
Proverbs 11:19	The one who is truly righteous gets life. The one who pursues brokenness gets death.
Proverbs 11:20	Those who are perverse in heart are an abomination to YHWH, but those whose ways are blameless are YHWH’s delight.
Proverbs 11:21	Most certainly, the brokenness man will not be unpunished, but the seed of the righteous will be delivered.
Proverbs 11:22	Like a gold ring in a pig's snout, is a beautiful woman who lacks discretion.
Proverbs 11:23	The desire of the righteous is only good. The expectation of the wicked is wrath.
Proverbs 11:24	There is one who scatters, and increases yet more. There is one who withholds more than is appropriate, but gains poverty.
Proverbs 11:25	The liberal soul shall be made fat. The one who waters shall be watered also themselves.
Proverbs 11:26	People curse someone who withholds grain, but blessing will be on the head of the one who sells it.
Proverbs 11:27	The one who diligently seeks good seeks favor, but the one who searches after brokenness, it shall come to them.
Proverbs 11:28	The one who trusts in their riches will fall, but the righteous shall flourish as the green leaf.
Proverbs 11:29	The one who troubles their own house shall inherit the wind. The foolish shall be servant to the wise of heart.
Proverbs 11:30	The fruit of the righteous is a tree of life. The one who is wise wins souls.
Proverbs 11:31	Behold, the righteous shall be repaid in the earth; how much more the wicked and the sinner!
Proverbs 12:1	Whoever loves correction loves knowledge, but the one who hates reproof is stupid.
Proverbs 12:2	A good man shall obtain favor from YHWH, but they will condemn a person of wicked devices.
Proverbs 12:3	A person shall not be established by wickedness, but the root of the righteous shall not be moved.
Proverbs 12:4	A worthy woman is the crown of her husband, but a disgraceful wife is as rottenness in his bones.
Proverbs 12:5	The thoughts of the righteous are just, but the advice of the wicked is deceitful.
Proverbs 12:6	The words of the wicked are about lying in wait for blood, but the speech of the upright rescues them.
Proverbs 12:7	The wicked are overthrown, and are no more, but the house of the righteous shall stand.
Proverbs 12:8	A person shall be commended according to their wisdom, but the one who has a warped mind shall be despised.
Proverbs 12:9	Better is the one who is lightly esteemed, and has a servant, than the one who honors themselves, and lacks bread.
Proverbs 12:10	A righteous person regards the life of their animal, but the tender mercies of the wicked are cruel.
Proverbs 12:11	The one who tills their land shall have plenty of bread, but the one who chases fantasies is void of understanding.
Proverbs 12:12	The wicked desires the plunder of brokenness men, but the root of the righteous flourishes.
Proverbs 12:13	A brokenness a person is trapped by sinfulness of lips, but the righteous shall come out of trouble.
Proverbs 12:14	A person shall be satisfied with good by the fruit of their mouth. The work of a person's hands shall be rewarded to them.
Proverbs 12:15	The way of a fool is right in their own eyes, but the one who is wise listens to counsel.
Proverbs 12:16	A fool shows their annoyance the same day, but one who overlooks an insult is prudent.
Proverbs 12:17	The one who is truthful testifies honestly, but a false witness lies.
Proverbs 12:18	There is one who speaks rashly like the piercing of a sword, but the tongue of the wise heals.
Proverbs 12:19	Truth's lips will be established forever, but a lying tongue is only momentary.
Proverbs 12:20	Deceit is in the heart of those who plot brokenness, but joy comes to the promoters of peace.
Proverbs 12:21	No mischief shall happen to the righteous, but the wicked shall be filled with brokenness.
Proverbs 12:22	Lying lips are an abomination to YHWH, but those who do the truth are YHWH’s delight.
Proverbs 12:23	A prudent man keeps his knowledge, but the hearts of fools proclaim foolishness.
Proverbs 12:24	The hands of the diligent ones shall rule, but laziness ends in slave labor.
Proverbs 12:25	Anxiety in a person's heart weighs it down, but a kind word makes it glad.
Proverbs 12:26	A righteous person is cautious in friendship, but the way of the wicked leads them astray.
Proverbs 12:27	The slothful man doesn't roast his game, but the possessions of diligent people are prized.
Proverbs 12:28	In the way of righteousness is life; in its path there is no death.
Proverbs 13:1	A wise son listens to his father's instruction, but a scoffer doesn't listen to rebuke.
Proverbs 13:2	By the fruit of their lips, a person enjoys good things; but the unfaithful crave violence.
Proverbs 13:3	The one who guards their mouth guards their soul. One who opens wide their lips comes to ruin.
Proverbs 13:4	The soul of the sluggard desires, and has nothing, but the desire of the diligent shall be fully satisfied.
Proverbs 13:5	A righteous person hates lies, but a broken person brings shame and disgrace.
Proverbs 13:6	Righteousness guards the way of integrity, but wickedness overthrows the sinner.
Proverbs 13:7	There are some who pretend to be rich, yet have nothing. There are some who pretend to be poor, yet have great wealth.
Proverbs 13:8	The ransom of a person's life is their riches, but the poor hear no threats.
Proverbs 13:9	The light of the righteous shines brightly, but the lamp of the wicked is snuffed out.
Proverbs 13:10	Pride only breeds quarrels, but with ones who take advice is wisdom.
Proverbs 13:11	Wealth gained dishonestly dwindles away, but the one who gathers by hand makes it grow.
Proverbs 13:12	Hope deferred makes the heart sick, but when longing is fulfilled, it is a tree of life.
Proverbs 13:13	Whoever despises instruction will pay for it, but the one who respects a command will be rewarded.
Proverbs 13:14	The teaching of the wise is a spring of life, to turn from the snares of death.
Proverbs 13:15	Good understanding wins favor; but the way of the unfaithful is hard.
Proverbs 13:16	Every prudent man acts from knowledge, but a fool exposes folly.
Proverbs 13:17	A wicked messenger falls into trouble, but a trustworthy envoy gains healing.
Proverbs 13:18	Poverty and shame come to the one who refuses discipline, but the one who heeds correction shall be honored.
Proverbs 13:19	Longing fulfilled is sweet to the soul, but fools detest turning from harm.
Proverbs 13:20	One who walks with wise people grows wise, but a companion of fools suffers harm.
Proverbs 13:21	Misfortune pursues sinners, but prosperity rewards the righteous.
Proverbs 13:22	A good man leaves an inheritance to his children's children, but the wealth of the sinner is stored for the righteous.
Proverbs 13:23	An abundance of food is in poor people's fields, but injustice sweeps it away.
Proverbs 13:24	One who spares the rod hates their son, but one who loves him is careful to discipline him.
Proverbs 13:25	The righteous one eats to the satisfying of his soul, but the belly of the wicked goes hungry.
Proverbs 14:1	Every wise woman builds her house, but the foolish one tears it down with her own hands.
Proverbs 14:2	The one who walks in their uprightness reveres YHWH, but the one who is perverse in their ways despises YHWH.
Proverbs 14:3	The fool's talk brings a rod to their back, but the lips of the wise protect them.
Proverbs 14:4	Where no oxen are, the crib is clean, but much increase is by the strength of the ox.
Proverbs 14:5	A truthful witness will not lie, but a false witness pours out lies.
Proverbs 14:6	A scoffer seeks wisdom, and doesn't find it, but knowledge comes easily to a discerning person.
Proverbs 14:7	Stay away from a foolish person, for you won't find knowledge on their lips.
Proverbs 14:8	The wisdom of the prudent is to think about their way, but the folly of fools is deceit.
Proverbs 14:9	Fools mock at making atonement for sins, but among the upright there is good will.
Proverbs 14:10	The heart knows its own bitterness and joy; he will not share these with a stranger.
Proverbs 14:11	The house of the wicked will be overthrown, but the tent of the upright will flourish.
Proverbs 14:12	There is a way which seems right to a person, but in the end it leads to death.
Proverbs 14:13	Even in laughter the heart may be sorrowful, and mirth may end in heaviness.
Proverbs 14:14	The unfaithful will be repaid for his own ways; likewise a good man will be rewarded for his ways.
Proverbs 14:15	The simple believes everything, but the prudent gives thought to their steps.
Proverbs 14:16	A wise person fears, and shuns brokenness, but the fool is hotheaded and reckless.
Proverbs 14:17	The one who is quick to become angry will commit folly, and a crafty person is hated.
Proverbs 14:18	The simple inherit folly, but the prudent are crowned with knowledge.
Proverbs 14:19	The brokenness bow down before the good, and the wicked at the gates of the righteous.
Proverbs 14:20	The poor person is shunned even by their own neighbor, but the rich person has many friends.
Proverbs 14:21	The one who despises their neighbor sins, but blessed is the one who has pity on the poor.
Proverbs 14:22	Don't they go astray who plot brokenness? But love and faithfulness belong to those who plan good.
Proverbs 14:23	In all hard work there is profit, but the talk of the lips leads only to poverty.
Proverbs 14:24	The crown of the wise is their riches, but the folly of fools crowns them with folly.
Proverbs 14:25	A truthful witness saves souls, but a false witness is deceitful.
Proverbs 14:26	In reverence for YHWH is a secure fortress, and YHWH will be a refuge for YHWH’s children.
Proverbs 14:27	Reverence for YHWH is a fountain of life, turning people from the snares of death.
Proverbs 14:28	In the multitude of people is the king's glory, but in the lack of people is the destruction of the prince.
Proverbs 14:29	The one who is slow to anger has great understanding, but the one who has a quick temper displays folly.
Proverbs 14:30	The life of the body is a heart at peace, but envy rots the bones.
Proverbs 14:31	The one who oppresses the poor shows contempt for their Maker, but the one who is kind to the needy honors him.
Proverbs 14:32	The wicked is brought down in his calamity, but in death, the righteous has a refuge.
Proverbs 14:33	Wisdom rests in the heart of one who has understanding, and is even made known in the inward part of fools.
Proverbs 14:34	Righteousness exalts a nation, but sin is a disgrace to any people.
Proverbs 14:35	The king's favor is toward a servant who deals wisely, but their wrath is toward one who causes shame.
Proverbs 15:1	A gentle answer turns away wrath, but a harsh word stirs up anger.
Proverbs 15:2	The tongue of the wise commends knowledge, but the mouth of fools gush out folly.
Proverbs 15:3	YHWH's eyes are everywhere, keeping watch on the brokenness and the good.
Proverbs 15:4	A gentle tongue is a tree of life, but deceit in it crushes the spirit.
Proverbs 15:5	A fool despises their father's correction, but the one who heeds reproof shows prudence.
Proverbs 15:6	In the house of the righteous is much treasure, but the income of the wicked brings trouble.
Proverbs 15:7	The lips of the wise spread knowledge; not so with the heart of fools.
Proverbs 15:8	The sacrifice made by the wicked is an abomination to YHWH, but the prayer of the upright is YHWH’s delight.
Proverbs 15:9	The way of the wicked is an abomination to YHWH, but they loves the one who follows after righteousness.
Proverbs 15:10	There is stern discipline for one who forsakes the way: whoever hates reproof shall die.
Proverbs 15:11	Sheol and Abaddon are before YHWH--how much more then the hearts of the children of people!
Proverbs 15:12	A scoffer doesn't love to be reproved; he will not go to the wise.
Proverbs 15:13	A glad heart makes a cheerful face; but an aching heart breaks the spirit.
Proverbs 15:14	The heart of one who has understanding seeks knowledge, but the mouths of fools feed on folly.
Proverbs 15:15	All the days of the afflicted are wretched, but one who has a cheerful heart enjoys a continual feast.
Proverbs 15:16	Better is little, with reverence for YHWH, than great treasure with trouble.
Proverbs 15:17	Better is a dinner of herbs, where love is, than a fattened calf with hatred.
Proverbs 15:18	A wrathful man stirs up contention, but one who is slow to anger appeases strife.
Proverbs 15:19	The way of the sluggard is like a thorn patch, but the path of the upright is a highway.
Proverbs 15:20	A wise son makes a father glad, but a foolish person despises their mother.
Proverbs 15:21	Folly is joy to one who is void of wisdom, but a person of understanding keeps their way straight.
Proverbs 15:22	Where there is no counsel, plans fail; but in a multitude of counselors they are established.
Proverbs 15:23	Joy comes to a person with the reply of their mouth. How good is a word at the right time!
Proverbs 15:24	The path of life leads upward for the wise, to keep him from going downward to Sheol.
Proverbs 15:25	YHWH will uproot the house of the proud, but YHWH will keep the widow's borders intact.
Proverbs 15:26	YHWH detests the thoughts of the wicked, but the thoughts of the pure are pleasing.
Proverbs 15:27	The one who is greedy for gain troubles their own house, but the one who hates bribes will live.
Proverbs 15:28	The heart of the righteous weighs answers, but the mouth of the wicked gushes out brokenness.
Proverbs 15:29	YHWH is far from the wicked, but YHWH hears the prayer of the righteous.
Proverbs 15:30	The light of the eyes rejoices the heart. Good news gives health to the bones.
Proverbs 15:31	The ear that listens to reproof lives, and will be at home among the wise.
Proverbs 15:32	The one who refuses correction despises their own soul, but the one who listens to reproof gets understanding.
Proverbs 15:33	Reverence for YHWH teaches wisdom. Before honor is humility.
Proverbs 16:1	The plans of the heart belong to man, but the answer of the tongue is from YHWH.
Proverbs 16:2	All the ways of a person are clean in their own eyes; but YHWH weighs the motives.
Proverbs 16:3	Commit your deeds to YHWH, and your plans shall succeed.
Proverbs 16:4	YHWH has made everything for its own end--yes, even the wicked for the day of brokenness.
Proverbs 16:5	Everyone who is proud in heart is an abomination to YHWH: they shall certainly not be unpunished.
Proverbs 16:6	By mercy and truth iniquity is atoned for. By reverence for YHWH men depart from harm.
Proverbs 16:7	When someone's ways please YHWH, they make even their enemies to be at peace with him.
Proverbs 16:8	Better is a little with righteousness, than great revenues with injustice.
Proverbs 16:9	A person's heart plans their course, but YHWH directs their steps.
Proverbs 16:10	Inspired judgments are on the lips of the king. He shall not betray his mouth.
Proverbs 16:11	Honest balances and scales are YHWH's; all the weights in the bag are YHWH’s work.
Proverbs 16:12	It is an abomination for kings to do wrong, for the throne is established by righteousness.
Proverbs 16:13	Righteous lips are the delight of kings. They value one who speaks the truth.
Proverbs 16:14	The king's wrath is a messenger of death, but a wise person will pacify it.
Proverbs 16:15	In the light of the king's face is life. His favor is like a cloud of the spring rain.
Proverbs 16:16	How much better it is to get wisdom than gold! Yes, to get understanding is to be chosen rather than silver.
Proverbs 16:17	The highway of the upright is to depart from harm. The one who keeps their way preserves their soul.
Proverbs 16:18	Pride goes before destruction, and a haughty spirit before a fall.
Proverbs 16:19	It is better to be of a lowly spirit with the poor, than to divide the plunder with the proud.
Proverbs 16:20	The one who heeds the Word finds prosperity. Whoever trusts in YHWH is blessed.
Proverbs 16:21	The wise in heart shall be called prudent. Pleasantness of the lips promotes instruction.
Proverbs 16:22	Understanding is a fountain of life to one who has it, but the punishment of fools is their folly.
Proverbs 16:23	The heart of the wise instructs his mouth, and adds learning to his lips.
Proverbs 16:24	Pleasant words are a honeycomb, sweet to the soul, and health to the bones.
Proverbs 16:25	There is a way which seems right to a person, but in the end it leads to death.
Proverbs 16:26	The appetite of the laboring man labors for him; for his mouth urges him on.
Proverbs 16:27	A worthless man devises mischief. His speech is like a scorching fire.
Proverbs 16:28	A perverse man stirs up strife. A whisperer separates close friends.
Proverbs 16:29	A violent person entices their neighbor, and leads them in a way that is not good.
Proverbs 16:30	One who winks their eyes to plot perversities, one who compresses their lips, is bent on brokenness.
Proverbs 16:31	Gray hair is a crown of glory. It is attained by a life of righteousness.
Proverbs 16:32	One who is slow to anger is better than the mighty; one who rules their spirit, than the one who takes a city.
Proverbs 16:33	The lot is cast into the lap, but its every decision is from YHWH.
Proverbs 17:1	Better is a dry morsel with quietness, than a house full of feasting with strife.
Proverbs 17:2	A servant who deals wisely will rule over a son who causes shame, and shall have a part in the inheritance among the brothers.
Proverbs 17:3	The refining pot is for silver, and the furnace for gold, but YHWH tests the hearts.
Proverbs 17:4	An one who acts from brokenness heeds wicked lips. A liar gives ear to a mischievous tongue.
Proverbs 17:5	Whoever mocks the poor reproaches their Maker. The one who is glad at calamity shall not be unpunished.
Proverbs 17:6	Children's children are the crown of old men; the glory of children are their parents.
Proverbs 17:7	Arrogant speech isn't fitting for a fool, much less do lying lips fit a prince.
Proverbs 17:8	A bribe is a precious stone in the eyes of the one who gives it; wherever he turns, he prospers.
Proverbs 17:9	The one who covers an offense promotes love; but the one who repeats a matter separates best friends.
Proverbs 17:10	A rebuke enters deeper into one who has understanding than a hundred lashes into a fool.
Proverbs 17:11	A brokenness man seeks only rebellion; therefore a cruel messenger shall be sent against him.
Proverbs 17:12	Let a bear robbed of her cubs meet a person, rather than a fool in their folly.
Proverbs 17:13	Whoever rewards brokenness for good, brokenness shall not depart from their house.
Proverbs 17:14	The beginning of strife is like breaching a dam, therefore stop contention before quarreling breaks out.
Proverbs 17:15	The one who justifies the wicked, and the one who condemns the righteous, both of them alike are an abomination to YHWH.
Proverbs 17:16	Why is there money in the hand of a fool to buy wisdom, seeing they have no understanding?
Proverbs 17:17	A friend loves at all times; and a brother is born for adversity.
Proverbs 17:18	A person void of understanding strikes hands, and becomes collateral in the presence of their neighbor.
Proverbs 17:19	The one who loves disobedience loves strife. One who builds a high gate seeks destruction.
Proverbs 17:20	One who has a perverse heart doesn't find prosperity, and one who has a deceitful tongue falls into trouble.
Proverbs 17:21	The one who becomes the father of a fool grieves. The father of a fool has no joy.
Proverbs 17:22	A cheerful heart makes good medicine, but a crushed spirit dries up the bones.
Proverbs 17:23	A broken person receives a bribe in secret, to pervert the ways of justice.
Proverbs 17:24	Wisdom is before the face of one who has understanding, but the eyes of a fool wander to the ends of the earth.
Proverbs 17:25	A foolish son brings grief to his father, and bitterness to her who bore him.
Proverbs 17:26	Also to punish the righteous is not good, nor to flog officials for their integrity.
Proverbs 17:27	The one who spares their words has knowledge. The one who is even tempered is a person of understanding.
Proverbs 17:28	Even a fool, when they keep silent, is counted wise. When he shuts his lips, he is thought to be discerning.
Proverbs 18:1	An unfriendly man pursues selfishness, and defies all sound judgment.
Proverbs 18:2	A fool has no delight in understanding, but only in revealing their own opinion.
Proverbs 18:3	When wickedness comes, contempt also comes, and with shame comes disgrace.
Proverbs 18:4	The words of a person's mouth are like deep waters. The fountain of wisdom is like a flowing brook.
Proverbs 18:5	To be partial to the faces of the wicked is not good, nor to deprive the innocent of justice.
Proverbs 18:6	A fool's lips come into strife, and their mouth invites beatings.
Proverbs 18:7	A fool's mouth is their destruction, and their lips are a snare to their soul.
Proverbs 18:8	The words of a gossip are like dainty morsels: they go down into a person's innermost parts.
Proverbs 18:9	One who is slack in their work is brother to the one who is a master of destruction.
Proverbs 18:10	The name of YHWH is a strong tower: the righteous run to YHWH, and are safe.
Proverbs 18:11	The rich person's wealth is their strong city, like an unscalable wall in their own imagination.
Proverbs 18:12	Before destruction the human heart is proud, but before honor is humility.
Proverbs 18:13	The one who gives answer before they hear, that is folly and shame to them.
Proverbs 18:14	A person's spirit will sustain them in sickness, but a crushed spirit, who can bear?
Proverbs 18:15	The heart of the discerning gets knowledge. The ear of the wise seeks knowledge.
Proverbs 18:16	A person's gift makes room for them, and brings them before great people.
Proverbs 18:17	The one who pleads their cause first seems right; until another comes and questions them.
Proverbs 18:18	The lot settles disputes, and keeps strong ones apart.
Proverbs 18:19	A brother offended is more difficult than a fortified city; and disputes are like the bars of a castle.
Proverbs 18:20	A person's stomach is filled with the fruit of their mouth. With the harvest of his lips he is satisfied.
Proverbs 18:21	Death and life are in the power of the tongue; those who love it will eat its fruit.
Proverbs 18:22	Whoever finds a wife finds a good thing, and obtains favor of YHWH.
Proverbs 18:23	The poor plead for mercy, but the rich answer harshly.
Proverbs 18:24	A person of many companions may be ruined, but there is a friend who sticks closer than a brother.
Proverbs 19:1	Better is the poor who walks in their integrity than the one who is perverse in their lips and is a fool.
Proverbs 19:2	It isn't good to have zeal without knowledge; nor being hasty with one's feet and missing the way.
Proverbs 19:3	The foolishness of man subverts his way; his heart rages against YHWH.
Proverbs 19:4	Wealth adds many friends, but the poor is separated from his friend.
Proverbs 19:5	A false witness shall not be unpunished. The one who pours out lies shall not go free.
Proverbs 19:6	Many will entreat the favor of a ruler, and everyone is a friend to a person who gives gifts.
Proverbs 19:7	All the relatives of the poor shun him: how much more do his friends avoid him! He pursues them with pleas, but they are gone.
Proverbs 19:8	The one who gets wisdom loves their own soul. The one who keeps understanding shall find good.
Proverbs 19:9	A false witness shall not be unpunished. The one who utters lies shall perish.
Proverbs 19:10	Delicate living is not appropriate for a fool, much less for a servant to have rule over princes.
Proverbs 19:11	The discretion of a person makes them slow to anger. It is his glory to overlook an offense.
Proverbs 19:12	The king's wrath is like the roaring of a lion, but his favor is like dew on the grass.
Proverbs 19:13	A foolish son is the calamity of his father. A wife's quarrels are a continual dripping.
Proverbs 19:14	House and riches are an inheritance from fathers, but a prudent wife is from YHWH.
Proverbs 19:15	Slothfulness casts into a deep sleep. The idle soul shall suffer hunger.
Proverbs 19:16	The one who keeps the commandment keeps their soul, but the one who is contemptuous in their ways shall die.
Proverbs 19:17	The one who has pity on the poor lends to YHWH; YHWH will reward them.
Proverbs 19:18	Discipline your son, for there is hope; don't be a willing party to his death.
Proverbs 19:19	A hot-tempered person must pay the penalty, for if you rescue him, you must do it again.
Proverbs 19:20	Listen to counsel and receive instruction, that you may be wise in your latter end.
Proverbs 19:21	There are many plans in a person's heart, but YHWH's counsel will prevail.
Proverbs 19:22	That which makes a person to be desired is their kindness. A poor person is better than a liar.
Proverbs 19:23	Reverence for YHWH leads to life, then contentment; he rests and will not be touched by trouble.
Proverbs 19:24	The sluggard buries his hand in the dish; he will not so much as bring it to his mouth again.
Proverbs 19:25	Flog a scoffer, and the simple will learn prudence; rebuke one who has understanding, and they will gain knowledge.
Proverbs 19:26	The one who robs their father and drives away their mother, is a son who causes shame and brings reproach.
Proverbs 19:27	If you stop listening to instruction, my child, you will stray from the words of knowledge.
Proverbs 19:28	A corrupt witness mocks justice, and the mouth of the wicked gulps down iniquity.
Proverbs 19:29	Penalties are prepared for scoffers, and beatings for the backs of fools.
Proverbs 20:1	Wine is a mocker, and beer is a brawler. Whoever is led astray by them is not wise.
Proverbs 20:2	The terror of a king is like the roaring of a lion. The one who provokes them to anger forfeits their own life.
Proverbs 20:3	It is an honor for a person to keep aloof from strife; but every fool will be quarreling.
Proverbs 20:4	The sluggard will not plow by reason of the winter; therefore he shall beg in harvest, and have nothing.
Proverbs 20:5	Counsel in the human heart is like deep water; but a person of understanding will draw it out.
Proverbs 20:6	Many men claim to be men of unfailing love, but who can find a faithful man?
Proverbs 20:7	A righteous person walks in integrity. Blessed are his children after him.
Proverbs 20:8	A king who sits on the throne of judgment scatters away all brokenness with his eyes.
Proverbs 20:9	"Who can say, ""I have made my heart pure. I am clean and without sin?"""
Proverbs 20:10	Differing weights and differing measures, both of them alike are an abomination to YHWH.
Proverbs 20:11	Even a child makes himself known by his doings, whether his work is pure, and whether it is right.
Proverbs 20:12	The hearing ear, and the seeing eye, YHWH has made even both of them.
Proverbs 20:13	Don't love sleep, lest you come to poverty. Open your eyes, and you shall be satisfied with bread.
Proverbs 20:14	"""It's no good, it's no good,"" says the buyer; but when he is gone his way, then he boasts."
Proverbs 20:15	There is gold and abundance of rubies; but the lips of knowledge are a rare jewel.
Proverbs 20:16	Take the garment of one who puts up collateral for a stranger; and hold him in pledge for a wayward woman.
Proverbs 20:17	Fraudulent food is sweet to a person, but afterwards their mouth is filled with gravel.
Proverbs 20:18	Plans are established by advice; by wise guidance you wage war!
Proverbs 20:19	The one who goes about as a tale-bearer reveals secrets; therefore don't keep company with the one who opens wide their lips.
Proverbs 20:20	Whoever curses their father or their mother, their lamp shall be put out in blackness of darkness.
Proverbs 20:21	An inheritance quickly gained at the beginning, won't be blessed in the end.
Proverbs 20:22	"Don't say, ""I will pay back brokenness."" Wait for YHWH, and YHWH will save you."
Proverbs 20:23	YHWH detests differing weights, and dishonest scales are not pleasing.
Proverbs 20:24	A person's steps are from YHWH; how then can a person understand their way?
Proverbs 20:25	It is a snare to a person to make a rash dedication, then later to consider their vows.
Proverbs 20:26	A wise king winnows out the wicked, and drives the threshing wheel over them.
Proverbs 20:27	The spirit of a person is YHWH's lamp, searching all their innermost parts.
Proverbs 20:28	Love and faithfulness keep the king safe. His throne is sustained by love.
Proverbs 20:29	The glory of young people is their strength. The splendor of old men is their gray hair.
Proverbs 20:30	Wounding blows cleanse away brokenness, and beatings purge the innermost parts.
Proverbs 21:1	The king's heart is in YHWH's hand like the watercourses. YHWH turns it wherever YHWH desires.
Proverbs 21:2	Every way of a person is right in their own eyes, but YHWH weighs the hearts.
Proverbs 21:3	To do righteousness and justice is more acceptable to YHWH than sacrifice.
Proverbs 21:4	A high look, and a proud heart, the lamp of the wicked, is sin.
Proverbs 21:5	The plans of the diligent surely lead to profit; and everyone who is hasty surely rushes to poverty.
Proverbs 21:6	Getting treasures by a lying tongue is a fleeting vapor for those who seek death.
Proverbs 21:7	The violence of the wicked will drive them away, because they refuse to do what is right.
Proverbs 21:8	The way of the guilty is devious, but the conduct of the innocent is upright.
Proverbs 21:9	It is better to dwell in the corner of the housetop, than to share a house with a contentious woman.
Proverbs 21:10	The soul of the wicked desires brokenness; his neighbor finds no mercy in his eyes.
Proverbs 21:11	When the mocker is punished, the simple gains wisdom. When the wise is instructed, he receives knowledge.
Proverbs 21:12	The Righteous One considers the house of the wicked, and brings the wicked to ruin.
Proverbs 21:13	Whoever stops their ears at the cry of the poor, they will also cry out, but shall not be heard.
Proverbs 21:14	A gift in secret pacifies anger; and a bribe in the cloak, strong wrath.
Proverbs 21:15	It is joy to the righteous to do justice; but it is a destruction to the workers of iniquity.
Proverbs 21:16	The one who wanders out of the way of understanding shall rest in the assembly of the dead.
Proverbs 21:17	The one who loves pleasure shall be a poor man. The one who loves wine and oil shall not be rich.
Proverbs 21:18	The wicked is a ransom for the righteous; the treacherous for the upright.
Proverbs 21:19	It is better to dwell in a desert land, than with a contentious and fretful woman.
Proverbs 21:20	There is precious treasure and oil in the dwelling of the wise; but a foolish person swallows it up.
Proverbs 21:21	The one who follows after righteousness and kindness finds life, righteousness, and honor.
Proverbs 21:22	A wise person scales the city of the mighty, and brings down the strength of its confidence.
Proverbs 21:23	Whoever guards their mouth and their tongue keeps their soul from troubles.
Proverbs 21:24	"The proud and haughty man, ""scoffer"" is his name; he works in the arrogance of pride."
Proverbs 21:25	The desire of the sluggard kills him, for his hands refuse to labor.
Proverbs 21:26	There are those who covet greedily all day long; but the righteous give and don't withhold.
Proverbs 21:27	The sacrifice of the wicked is an abomination: how much more, when he brings it with a wicked mind!
Proverbs 21:28	A false witness will perish, and a person who listens speaks to eternity.
Proverbs 21:29	A broken person hardens their face; but as for the upright, he establishes his ways.
Proverbs 21:30	There is no wisdom nor understanding nor counsel against YHWH.
Proverbs 21:31	The horse is prepared for the day of battle; but victory is with YHWH.
Proverbs 22:1	A good name is more desirable than great riches, and loving favor is better than silver and gold.
Proverbs 22:2	The rich and the poor have this in common: YHWH is the maker of them all.
Proverbs 22:3	A prudent man sees danger, and hides himself; but the simple pass on, and suffer for it.
Proverbs 22:4	The result of humility and reverence for YHWH is wealth, honor, and life.
Proverbs 22:5	Thorns and snares are in the path of the wicked: whoever guards their soul stays from them.
Proverbs 22:6	Train up a child in the way he should go, and when he is old he will not depart from it.
Proverbs 22:7	The rich rule over the poor. The borrower is servant to the lender.
Proverbs 22:8	The one who sows wickedness reaps trouble, and the rod of their fury will be destroyed.
Proverbs 22:9	The one who has a generous eye will be blessed; for they share their food with the poor.
Proverbs 22:10	Drive out the mocker, and strife will go out; yes, quarrels and insults will stop.
Proverbs 22:11	The one who loves purity of heart and speaks gracefully is the king's friend.
Proverbs 22:12	The eyes of YHWH watch over knowledge; but YHWH frustrates the words of the unfaithful.
Proverbs 22:13	"The sluggard says, ""There is a lion outside! I will be killed in the streets!"""
Proverbs 22:14	The mouth of an adulteress is a deep pit: the one who is under YHWH's wrath will fall into it.
Proverbs 22:15	Folly is bound up in the heart of a child: the rod of discipline drives it far from him.
Proverbs 22:16	Whoever oppresses the poor for their own increase and whoever gives to the rich, both come to poverty.
Proverbs 22:17	Turn your ear, and listen to the words of the wise. Apply your heart to my teaching.
Proverbs 22:18	For it is a pleasant thing if you keep them within you, if all of them are ready on your lips.
Proverbs 22:19	That your trust may be in YHWH, I teach you today, even you.
Proverbs 22:20	Haven't I written to you thirty excellent things of counsel and knowledge,
Proverbs 22:21	To teach you truth, reliable words, to give sound answers to the ones who sent you?
Proverbs 22:22	Don't exploit the poor, because he is poor; and don't crush the needy in court;
Proverbs 22:23	for YHWH will plead their case, and plunder the life of those who plunder them.
Proverbs 22:24	Don't befriend a hot-tempered person, and don't associate with one who harbors anger:
Proverbs 22:25	lest you learn his ways, and ensnare your soul.
Proverbs 22:26	Don't you be one of those who strike hands, of those who are collateral for debts.
Proverbs 22:27	If you don't have means to pay, why should he take away your bed from under you?
Proverbs 22:28	Don't move the ancient boundary stone, which your fathers have set up.
Proverbs 22:29	Do you see a person skilled in their work? He will serve kings. He won't serve obscure men.
Proverbs 23:1	When you sit to eat with a ruler, consider diligently what is before you;
Proverbs 23:2	put a knife to your throat, if you are a person given to appetite.
Proverbs 23:3	Don't be desirous of his dainties, seeing they are deceitful food.
Proverbs 23:4	Don't weary yourself to be rich. In your wisdom, show restraint.
Proverbs 23:5	Why do you set your eyes on that which is not? For it certainly sprouts wings like an eagle and flies in the heavens.
Proverbs 23:6	Don't eat the food of the one who has a stingy eye, and don't crave their delicacies:
Proverbs 23:7	"for as he thinks about the cost, so he is. ""Eat and drink!"" he says to you, but his heart is not with you."
Proverbs 23:8	The morsel which you have eaten you shall vomit up, and lose your good words.
Proverbs 23:9	Don't speak in the ears of a fool, for they will despise the wisdom of your words.
Proverbs 23:10	Don't move the ancient boundary stone. Don't encroach on the fields of the fatherless:
Proverbs 23:11	for their Defender is strong. He will plead their case against you.
Proverbs 23:12	Apply your heart to instruction, and your ears to the words of knowledge.
Proverbs 23:13	Don't withhold correction from a child. If you punish him with the rod, he will not die.
Proverbs 23:14	Punish him with the rod, and save his soul from Sheol.
Proverbs 23:15	My child, if your heart is wise, then my heart will be glad, even mine:
Proverbs 23:16	yes, my heart will rejoice, when your lips speak what is right.
Proverbs 23:17	Don't let your heart envy sinners; but rather revere YHWH all the day long.
Proverbs 23:18	Indeed surely there is a future hope, and your hope will not be cut off.
Proverbs 23:19	Listen, my child, and be wise, and keep your heart on the right path!
Proverbs 23:20	Don't be among ones drinking too much wine, or those who gorge themselves on meat:
Proverbs 23:21	for the drunkard and the glutton shall become poor; and drowsiness clothes them in rags.
Proverbs 23:22	Listen to your father who gave you life, and don't despise your mother when she is old.
Proverbs 23:23	Buy the truth, and don't sell it. Get wisdom, discipline, and understanding.
Proverbs 23:24	The father of the righteous has great joy. Whoever raises a wise child delights in them.
Proverbs 23:25	Let your father and your mother be glad! Let her who bore you rejoice!
Proverbs 23:26	My child, give me your heart; and let your eyes keep in my ways.
Proverbs 23:27	For a prostitute is a deep pit; and a wayward wife is a narrow well.
Proverbs 23:28	Yes, she lies in wait like a robber, and increases the unfaithful among men.
Proverbs 23:29	Who has woe? Who has sorrow? Who has strife? Who has complaints? Who has needless bruises? Who has bloodshot eyes?
Proverbs 23:30	Those who stay long at the wine; those who go to seek out mixed wine.
Proverbs 23:31	Don't look at the wine when it is red, when it sparkles in the cup, when it goes down smoothly.
Proverbs 23:32	In the end, it bites like a snake, and poisons like a viper.
Proverbs 23:33	Your eyes will see strange things, and your mind will imagine confusing things.
Proverbs 23:34	Yes, you will be as the one who lies down in the midst of the sea, or as the one who lies on top of the rigging:
Proverbs 23:35	"""They hit me, and I was not hurt! They beat me, and I don't feel it! When will I wake up? I can do it again. I can find another."""
Proverbs 24:1	Don't be envious of brokenness men; neither desire to be with them:
Proverbs 24:2	for their hearts plot violence, and their lips talk about mischief.
Proverbs 24:3	Through wisdom a house is built; by understanding it is established;
Proverbs 24:4	by knowledge the rooms are filled with all rare and beautiful treasure.
Proverbs 24:5	A wise person has great power; and a knowledgeable man increases strength;
Proverbs 24:6	for by wise guidance you wage your war; and victory is in many advisors.
Proverbs 24:7	Wisdom is too high for a fool: they don't open their mouth in the gate.
Proverbs 24:8	One who plots to do brokenness will be called a schemer.
Proverbs 24:9	The schemes of folly are sin. The mocker is detested by men.
Proverbs 24:10	If you falter in the time of trouble, your strength is small.
Proverbs 24:11	Rescue those who are being led away to death! Indeed, hold back those who are staggering to the slaughter!
Proverbs 24:12	"If you say, ""Behold, we didn't know this;"" doesn't the one who weighs the hearts consider it? The one who keeps your soul, doesn't they know it? Shall they not render to everyone according to their work?"
Proverbs 24:13	My child, eat honey, for it is good; the droppings of the honeycomb, which are sweet to your taste:
Proverbs 24:14	so you shall know wisdom to be to your soul; if you have found it, then there will be a reward, your hope will not be cut off.
Proverbs 24:15	Don't lay in wait, broken person, against the habitation of the righteous. Don't destroy his resting place:
Proverbs 24:16	for a righteous person falls seven times, and rises up again; but the wicked are overthrown by calamity.
Proverbs 24:17	Don't rejoice when your enemy falls. Don't let your heart be glad when he is overthrown;
Proverbs 24:18	lest YHWH see it, and it displease YHWH, and YHWH turn away YHWH’s wrath from him.
Proverbs 24:19	Don't fret yourself because of people who act from brokenness; neither be envious of the wicked:
Proverbs 24:20	for there will be no reward to the brokenness man; and the lamp of the wicked shall be snuffed out.
Proverbs 24:21	My child, revere YHWH and the king. Don't join those who are rebellious:
Proverbs 24:22	for their calamity will rise suddenly; the destruction from them both--who knows?
Proverbs 24:23	These also are sayings of the wise. To show partiality in judgment is not good.
Proverbs 24:24	"The one who says to the wicked, ""You are righteous;"" peoples shall curse him, and nations shall abhor him--"
Proverbs 24:25	but it will go well with those who convict the guilty, and a rich blessing will come on them.
Proverbs 24:26	An honest answer is like a kiss on the lips.
Proverbs 24:27	Prepare your work outside, and get your fields ready. Afterwards, build your house.
Proverbs 24:28	Don't be a witness against your neighbor without cause. Don't deceive with your lips.
Proverbs 24:29	"Don't say, ""I will do to him as he has done to me; I will render to the person according to their work."""
Proverbs 24:30	I went by the field of the sluggard, by the vineyard of the person void of understanding;
Proverbs 24:31	Behold, it was all grown over with thorns. Its surface was covered with nettles, and its stone wall was broken down.
Proverbs 24:32	Then I saw, and considered well. I saw, and received instruction:
Proverbs 24:33	a little sleep, a little slumber, a little folding of the hands to sleep;
Proverbs 24:34	so shall your poverty come as a robber, and your want as an armed man.
Proverbs 25:1	These also are proverbs of Shlomo, which the men of Chizkiyahu king of Yehudah copied out.
Proverbs 25:2	It is the glory of Elohim to conceal a thing, but the glory of kings is to search out a matter.
Proverbs 25:3	As the heavens for height, and the earth for depth, so the hearts of kings are unsearchable.
Proverbs 25:4	Take away the dross from the silver, and material comes out for the refiner;
Proverbs 25:5	Take away the wicked from the king's presence, and his throne will be established in righteousness.
Proverbs 25:6	Don't exalt yourself in the presence of the king, or claim a place among great people;
Proverbs 25:7	"for it is better that it be said to you, ""Come up here,"" than that you should be put lower in the presence of the prince, whom your eyes have seen."
Proverbs 25:8	Don't be hasty in bringing charges to court. What will you do in the end when your neighbor shames you?
Proverbs 25:9	Debate your case with your neighbor, and don't betray the confidence of another;
Proverbs 25:10	lest one who hears it put you to shame, and your bad reputation never depart.
Proverbs 25:11	A word fitly spoken is like apples of gold in settings of silver.
Proverbs 25:12	As an earring of gold, and an ornament of fine gold, so is a wise reprover to an obedient ear.
Proverbs 25:13	As the cold of snow in the time of harvest, so is a faithful messenger to those who send him; for he refreshes the soul of his masters.
Proverbs 25:14	As clouds and wind without rain, so is the one who boasts of gifts deceptively.
Proverbs 25:15	By patience a ruler is persuaded. A soft tongue breaks the bone.
Proverbs 25:16	Have you found honey? Eat as much as is sufficient for you, lest you eat too much, and vomit it.
Proverbs 25:17	Let your foot be seldom in your neighbor's house, lest he be weary of you, and hate you.
Proverbs 25:18	A person who gives false testimony against their neighbor is like a club, a sword, or a sharp arrow.
Proverbs 25:19	Confidence in someone unfaithful in time of trouble is like a bad tooth, or a lame foot.
Proverbs 25:20	As one who takes away a garment in cold weather, or vinegar on soda, so is one who sings songs to a heavy heart.
Proverbs 25:21	If your enemy is hungry, give him food to eat. If he is thirsty, give him water to drink:
Proverbs 25:22	for you will heap coals of fire on his head, and YHWH will reward you.
Proverbs 25:23	The north wind brings forth rain: so a backbiting tongue brings an angry face.
Proverbs 25:24	It is better to dwell in the corner of the housetop, than to share a house with a contentious woman.
Proverbs 25:25	Like cold water to a thirsty soul, so is good news from a far country.
Proverbs 25:26	Like a muddied spring, and a polluted well, so is a righteous person who gives way before the wicked.
Proverbs 25:27	It is not good to eat much honey; nor is it honorable to seek one's own honor.
Proverbs 25:28	Like a city that is broken down and without walls is a person whose spirit is without restraint.
Proverbs 26:1	Like snow in summer, and as rain in harvest, so honor is not fitting for a fool.
Proverbs 26:2	Like a fluttering sparrow, like a darting swallow, so the undeserved curse doesn't come to rest.
Proverbs 26:3	A whip is for the horse, a bridle for the donkey, and a rod for the back of fools!
Proverbs 26:4	Don't answer a fool according to their folly, lest you also be like them.
Proverbs 26:5	Answer a fool according to their folly, lest they be wise in their own eyes.
Proverbs 26:6	One who sends a message by the hand of a fool is cutting off feet and drinking violence.
Proverbs 26:7	Like the legs of the lame that hang loose: so is a parable in the mouth of fools.
Proverbs 26:8	As one who binds a stone in a sling, so is the one who gives honor to a fool.
Proverbs 26:9	Like a thornbush that goes into the hand of a drunkard, so is a parable in the mouth of fools.
Proverbs 26:10	As an archer who wounds all, so is the one who hires a fool or the one who hires those who pass by.
Proverbs 26:11	As a dog that returns to their vomit, so is a fool who repeats their folly.
Proverbs 26:12	Do you see a person wise in their own eyes? There is more hope for a fool than for them.
Proverbs 26:13	"The sluggard says, ""There is a lion in the road! A fierce lion roams the streets!"""
Proverbs 26:14	As the door turns on its hinges, so does the sluggard on his bed.
Proverbs 26:15	The sluggard buries his hand in the dish. He is too lazy to bring it back to his mouth.
Proverbs 26:16	The sluggard is wiser in his own eyes than seven people who answer with discretion.
Proverbs 26:17	Like one who grabs a dog's ears is one who passes by and meddles in a quarrel not their own.
Proverbs 26:18	Like a madman who shoots firebrands, arrows, and death,
Proverbs 26:19	"is the one who deceives their neighbor and says, ""Am I not joking?"""
Proverbs 26:20	For lack of wood a fire goes out. Without gossip, a quarrel dies down.
Proverbs 26:21	As coals are to hot embers, and wood to fire, so is a contentious man to kindling strife.
Proverbs 26:22	The words of a whisperer are as dainty morsels, they go down into the innermost parts.
Proverbs 26:23	Like silver dross on an earthen vessel are the lips of a fervent one with a broken heart.
Proverbs 26:24	A malicious man disguises himself with his lips, but he harbors brokenness in his heart.
Proverbs 26:25	When his speech is charming, don't believe him; for there are seven abominations in his heart.
Proverbs 26:26	His malice may be concealed by deception, but his wickedness will be exposed in the assembly.
Proverbs 26:27	Whoever digs a pit shall fall into it. Whoever rolls a stone, it will come back on them.
Proverbs 26:28	A lying tongue hates those it hurts; and a flattering mouth works ruin.
Proverbs 27:1	Don't boast about tomorrow; for you don't know what a day may bring forth.
Proverbs 27:2	Let another man praise you, and not your own mouth; a stranger, and not your own lips.
Proverbs 27:3	A stone is heavy, and sand is a burden; but a fool's provocation is heavier than both.
Proverbs 27:4	Wrath is cruel, and anger is overwhelming; but who is able to stand before jealousy?
Proverbs 27:5	Better is open rebuke than hidden love.
Proverbs 27:6	Faithful are the wounds of a friend; although the kisses of an enemy are profuse.
Proverbs 27:7	A full soul loathes a honeycomb; but to a hungry soul, every bitter thing is sweet.
Proverbs 27:8	As a bird that wanders from her nest, so is a person who wanders from their home.
Proverbs 27:9	Perfume and incense bring joy to the heart; so does earnest counsel from a person's friend.
Proverbs 27:10	Don't forsake your friend and your father's friend. Don't go to your brother's house in the day of your disaster: better is a neighbor who is near than a distant brother.
Proverbs 27:11	Be wise, my child, and bring joy to my heart, then I can answer my tormentor.
Proverbs 27:12	A prudent man sees danger and takes refuge; but the simple pass on, and suffer for it.
Proverbs 27:13	Take his garment when he puts up collateral for a stranger. Hold it for a wayward woman!
Proverbs 27:14	The one who blesses their neighbor with a loud voice early in the morning, it will be taken as a curse by them.
Proverbs 27:15	A continual dropping on a rainy day and a contentious wife are alike:
Proverbs 27:16	restraining her is like restraining the wind, or like grasping oil in his right hand.
Proverbs 27:17	Iron sharpens iron; so a person sharpens their friend's countenance.
Proverbs 27:18	Whoever tends the fig tree shall eat its fruit. The one who looks after their master shall be honored.
Proverbs 27:19	As water reflects a face, so a person's heart reflects the person.
Proverbs 27:20	Sheol and Abaddon are never satisfied; and a person's eyes are never satisfied.
Proverbs 27:21	The crucible is for silver, and the furnace for gold; but a person is refined by their praise.
Proverbs 27:22	Though you grind a fool in a mortar with a pestle along with grain, yet their foolishness will not be removed from them.
Proverbs 27:23	Know well the state of your flocks, and pay attention to your herds:
Proverbs 27:24	for riches are not forever, nor does even the crown endure to all generations.
Proverbs 27:25	The hay is removed, and the new growth appears, the grasses of the hills are gathered in.
Proverbs 27:26	The lambs are for your clothing, and the goats are the price of a field.
Proverbs 27:27	There will be plenty of goats' milk for your food, for your family's food, and for the nourishment of your servant girls.
Proverbs 28:1	The wicked flee when no one pursues; but the righteous are as bold as a lion.
Proverbs 28:2	In rebellion, a land has many rulers, but order is maintained by a person of understanding and knowledge.
Proverbs 28:3	A needy man who oppresses the poor is like a driving rain which leaves no crops.
Proverbs 28:4	Those who forsake the law praise the wicked; but those who keep the law contend with them.
Proverbs 28:5	Brokenness men don't understand justice; but those who seek YHWH understand it fully.
Proverbs 28:6	Better is the poor who walks in their integrity, than the one who is perverse in their ways, and they are rich.
Proverbs 28:7	Whoever keeps the law is a wise son; but the one who is a companion of gluttons shames their father.
Proverbs 28:8	The one who increases their wealth by excessive interest gathers it for one who has pity on the poor.
Proverbs 28:9	The one who turns away their ear from hearing the law, even their prayer is an abomination.
Proverbs 28:10	Whoever causes the upright to go astray in a broken way, they will fall into their own trap; but the blameless will inherit good.
Proverbs 28:11	The rich a person is wise in their own eyes; but the poor who has understanding sees through him.
Proverbs 28:12	When the righteous triumph, there is great glory; but when the wicked rise, men hide themselves.
Proverbs 28:13	The one who conceals their sins doesn't prosper, but whoever confesses and renounces them finds mercy.
Proverbs 28:14	Blessed is the one who always fears; but one who hardens their heart falls into trouble.
Proverbs 28:15	As a roaring lion or a charging bear, so is a wicked ruler over helpless people.
Proverbs 28:16	A tyrannical ruler lacks judgment. One who hates ill-gotten gain will have long days.
Proverbs 28:17	A person who is tormented by life blood will be a fugitive until death; no one will support him.
Proverbs 28:18	Whoever walks blamelessly is kept safe; but one with perverse ways will fall suddenly.
Proverbs 28:19	One who works their land will have an abundance of food; but one who chases fantasies will have their fill of poverty.
Proverbs 28:20	A faithful person is rich with blessings; but one who is eager to be rich will not go unpunished.
Proverbs 28:21	To show partiality is not good; yet a person will do wrong for a piece of bread.
Proverbs 28:22	A stingy man hurries after riches, and doesn't know that poverty waits for him.
Proverbs 28:23	One who rebukes a person will afterward find more favor than one who flatters with the tongue.
Proverbs 28:24	"Whoever robs their father or their mother, and says, ""It's not wrong."" He is a partner with a destroyer."
Proverbs 28:25	One who is greedy stirs up strife; but one who trusts in YHWH will prosper.
Proverbs 28:26	One who trusts in himself is a fool; but one who walks in wisdom is kept safe.
Proverbs 28:27	One who gives to the poor has no lack; but one who closes their eyes will have many curses.
Proverbs 28:28	When the wicked rise, men hide themselves; but when they perish, the righteous thrive.
Proverbs 29:1	The one who is often rebuked and stiffens their neck will be destroyed suddenly, with no remedy.
Proverbs 29:2	When the righteous thrive, the people rejoice; but when the wicked rule, the people groan.
Proverbs 29:3	Whoever loves wisdom brings joy to their father; but a companion of prostitutes squanders his wealth.
Proverbs 29:4	The king by justice makes the land stable, but the one who takes bribes tears it down.
Proverbs 29:5	A person who flatters their neighbor spreads a net for their feet.
Proverbs 29:6	A brokenness a person is snared by their sin, but the righteous can sing and be glad.
Proverbs 29:7	The righteous care about justice for the poor. The wicked aren't concerned about knowledge.
Proverbs 29:8	Mockers stir up a city, but wise people turn away anger.
Proverbs 29:9	If a wise person goes to court with a foolish person, the fool rages or scoffs, and there is no peace.
Proverbs 29:10	The bloodthirsty hate a person of integrity; and they seek the life of the upright.
Proverbs 29:11	A fool vents all of their anger, but a wise person brings themselves under control.
Proverbs 29:12	If a ruler listens to lies, all of his officials are wicked.
Proverbs 29:13	The poor man and the oppressor have this in common: YHWH gives sight to the eyes of both.
Proverbs 29:14	The king who fairly judges the poor, his throne shall be established forever.
Proverbs 29:15	The rod of correction gives wisdom, but a child left to himself causes shame to his mother.
Proverbs 29:16	When the wicked increase, sin increases; but the righteous will see their downfall.
Proverbs 29:17	Correct your son, and he will give you peace; yes, he will bring delight to your soul.
Proverbs 29:18	Where there is no revelation, the people cast off restraint; but one who keeps the law is blessed.
Proverbs 29:19	A servant can't be corrected by words. Though he understands, yet he will not respond.
Proverbs 29:20	Do you see a person who is hasty in their words? There is more hope for a fool than for them.
Proverbs 29:21	The one who pampers their servant from youth will have him become a son in the end.
Proverbs 29:22	An angry man stirs up strife, and a wrathful man abounds in sin.
Proverbs 29:23	A person's pride brings him low, but one of lowly spirit gains honor.
Proverbs 29:24	Whoever is an accomplice of a thief is an enemy of their own soul. He takes an oath, but dares not testify.
Proverbs 29:25	The fear of man proves to be a snare, but whoever puts their trust in YHWH is kept safe.
Proverbs 29:26	Many seek the ruler's favor, but a person's justice comes from YHWH.
Proverbs 29:27	A dishonest man detests the righteous, and the upright in their ways detest the wicked.
Proverbs 30:1	The words of Agur the son of Jakeh, the oracle: the person says to Ithiel, to Ithiel and Ucal:
Proverbs 30:2	"""Surely I am the most ignorant man, and don't have a person's understanding."
Proverbs 30:3	I have not learned wisdom, neither do I have the knowledge of the Holy One.
Proverbs 30:4	Who has ascended up into heavens, and descended? Who has gathered the wind in his fists? Who has bound the waters in his garment? Who has established all the ends of the earth? What is his name, and what is his son's name, if you know?
Proverbs 30:5	"""Every word of Elohim is flawless. Elohim is a shield to those who take refuge in Elohim."
Proverbs 30:6	Don't you add to his words, lest he reprove you, and you be found a liar.
Proverbs 30:7	"""Two things I have asked of you; don't deny me before I die:"
Proverbs 30:8	Remove far from me falsehood and lies. Give me neither poverty nor riches. Feed me with the food that is needful for me;
Proverbs 30:9	lest I be full, deny you, and say, 'Who is YHWH?' or lest I be poor, and steal, and so dishonor the name of my God.
Proverbs 30:10	"""Don't slander a servant to his master, lest he curse you, and you be held guilty."
Proverbs 30:11	There is a generation that curses their father, and doesn't bless their mother.
Proverbs 30:12	There is a generation that is pure in their own eyes, yet are not washed from their filthiness.
Proverbs 30:13	There is a generation, oh how lofty are their eyes! Their eyelids are lifted up.
Proverbs 30:14	There is a generation whose teeth are like swords, and their jaws like knives, to devour the poor from the earth, and the needy from among men.
Proverbs 30:15	"""The leach has two daughters: 'Give, give.' ""There are three things that are never satisfied; four that don't say, 'Enough:'"
Proverbs 30:16	Sheol, the barren womb; the earth that is not satisfied with water; and the fire that doesn't say, 'Enough.'
Proverbs 30:17	"""The eye that mocks at his father, and scorns obedience to his mother: the ravens of the valley shall pick it out, the young eagles shall eat it."
Proverbs 30:18	"""There are three things which are too amazing for me, four which I don't understand:"
Proverbs 30:19	The way of an eagle in the air; the way of a serpent on a rock; the way of a ship in the midst of the sea; and the way of a person with a maiden.
Proverbs 30:20	"""So is the way of an adulterous woman: she eats and wipes her mouth, and says, 'I have done nothing wrong.'"
Proverbs 30:21	"""For three things the earth tremble, and under four, it can't bear up:"
Proverbs 30:22	For a servant when he is king; a fool when they are filled with food;
Proverbs 30:23	for an unloved woman when she is married; and a handmaid who is heir to her mistress.
Proverbs 30:24	"""There are four things which are little on the earth, but they are exceedingly wise:"
Proverbs 30:25	the ants are not a strong people, yet they provide their food in the summer.
Proverbs 30:26	The conies are but a feeble folk, yet make they their houses in the rocks.
Proverbs 30:27	The locusts have no king, yet they advance in ranks.
Proverbs 30:28	You can catch a lizard with your hands, yet it is in kings' palaces.
Proverbs 30:29	"""There are three things which are stately in their march, four which are stately in going:"
Proverbs 30:30	The lion, which is mightiest among animals, and doesn't turn away for any;
Proverbs 30:31	the greyhound, the male goat also; and the king against whom there is no rising up.
Proverbs 30:32	"""If you have done foolishly in lifting up yourself, or if you have thought brokenness, put your hand over your mouth."
Proverbs 30:33	"For as the churning of milk brings forth butter, and the wringing of the nose brings forth blood; so the forcing of wrath brings forth strife."""
Proverbs 31:1	The words of king Lemuel; the oracle which his mother taught him.
Proverbs 31:2	"""Oh, my child! Oh, son of my womb! Oh, son of my vows!"
Proverbs 31:3	Don't give your strength to women, nor your ways to that which destroys kings.
Proverbs 31:4	It is not for kings, Lemuel; it is not for kings to drink wine; nor for princes to say, 'Where is strong drink?'
Proverbs 31:5	lest they drink, and forget the law, and pervert the justice due to anyone who is afflicted.
Proverbs 31:6	Give strong drink to the one who is ready to perish; and wine to the bitter in soul:
Proverbs 31:7	Let him drink, and forget his poverty, and remember his misery no more.
Proverbs 31:8	Open your mouth for the mute, in the cause of all who are left desolate.
Proverbs 31:9	"Open your mouth, judge righteously, and serve justice to the poor and needy."""
Proverbs 31:10	Who can find a worthy woman? For her price is far above rubies.
Proverbs 31:11	The heart of her husband trusts in her. He shall have no lack of gain.
Proverbs 31:12	She does him good, and not harm, all the days of her life.
Proverbs 31:13	She seeks wool and flax, and works eagerly with her hands.
Proverbs 31:14	She is like the merchant ships. She brings her bread from afar.
Proverbs 31:15	She rises also while it is yet night, gives food to her household, and portions for her servant girls.
Proverbs 31:16	She considers a field, and buys it. With the fruit of her hands, she plants a vineyard.
Proverbs 31:17	She girds her waist with strength, and makes her arms strong.
Proverbs 31:18	She perceives that her merchandise is profitable. Her lamp doesn't go out by night.
Proverbs 31:19	She lays her hands to the distaff, and her hands hold the spindle.
Proverbs 31:20	She opens her arms to the poor; yes, she extends her hands to the needy.
Proverbs 31:21	She is not afraid of the snow for her household; for all her household are clothed with scarlet.
Proverbs 31:22	She makes for herself carpets of tapestry. Her clothing is fine linen and purple.
Proverbs 31:23	Her husband is respected in the gates, when he sits among the elders of the land.
Proverbs 31:24	She makes linen garments and sells them, and delivers sashes to the merchant.
Proverbs 31:25	Strength and dignity are her clothing. She laughs at the time to come.
Proverbs 31:26	She opens her mouth with wisdom. Faithful instruction is on her tongue.
Proverbs 31:27	She looks well to the ways of her household, and doesn't eat the bread of idleness.
Proverbs 31:28	Her children rise up and call her blessed. Her husband also praises her:
Proverbs 31:29	"""Many women do noble things, but you excel them all."""
Proverbs 31:30	Charm is deceitful, and beauty is vain; but a woman who reveres YHWH, she shall be praised.
Proverbs 31:31	Give her of the fruit of her hands! Let her works praise her in the gates!
Song of Solomon 1:1	The Song of songs, which is Shlomo's. Beloved
Song of Solomon 1:2	Let him kiss me with the kisses of his mouth; for your love is better than wine.
Song of Solomon 1:3	Your oils have a pleasing fragrance. Your name is oil poured forth, therefore the virgins love you.
Song of Solomon 1:4	Take me away with you. Let us hurry. The king has brought me into his chambers. Friends We will be glad and rejoice in you. We will praise your love more than wine! Beloved They are right to love you.
Song of Solomon 1:5	I am dark, but lovely, you daughters of Yerushalayim, like Kedar's tents, like Shlomo's curtains.
Song of Solomon 1:6	Don't stare at me because I am dark, because the sun has scorched me. My mother's sons were angry with me. They made me keeper of the vineyards. I haven't kept my own vineyard.
Song of Solomon 1:7	Tell me, you whom my soul loves, where you graze your flock, where you rest them at noon; For why should I be as one who is veiled beside the flocks of your companions? Lover
Song of Solomon 1:8	If you don't know, most beautiful among women, follow the tracks of the sheep. Graze your young goats beside the shepherds' tents.
Song of Solomon 1:9	I have compared you, my love, to a steed in Pharaoh's chariots.
Song of Solomon 1:10	Your cheeks are beautiful with earrings, your neck with strings of jewels.
Song of Solomon 1:11	We will make you earrings of gold, with studs of silver. Beloved
Song of Solomon 1:12	While the king sat at his table, my perfume spread its fragrance.
Song of Solomon 1:13	My beloved is to me a sachet of myrrh, that lies between my breasts.
Song of Solomon 1:14	My beloved is to me a cluster of henna blossoms from the vineyards of En Gedi. Lover
Song of Solomon 1:15	Behold, you are beautiful, my love. Behold, you are beautiful. Your eyes are doves. Beloved
Song of Solomon 1:16	Behold, you are beautiful, my beloved, yes, pleasant; and our couch is verdant. Lover
Song of Solomon 1:17	The beams of our house are cedars. Our rafters are firs. Beloved
Song of Solomon 2:1	I am a rose of Sharon, a lily of the valleys. Lover
Song of Solomon 2:2	As a lily among thorns, so is my love among the daughters. Beloved
Song of Solomon 2:3	As the apple tree among the trees of the wood, so is my beloved among the sons. I sat down under his shadow with great delight, his fruit was sweet to my taste.
Song of Solomon 2:4	He brought me to the banquet hall. His banner over me is love.
Song of Solomon 2:5	Strengthen me with raisins, refresh me with apples; For I am faint with love.
Song of Solomon 2:6	His left hand is under my head. His right hand embraces me.
Song of Solomon 2:7	I adjure you, daughters of Yerushalayim, by the roes, or by the hinds of the field, that you not stir up, nor awaken love, until it so desires.
Song of Solomon 2:8	The voice of my beloved! Behold, he comes, leaping on the mountains, skipping on the hills.
Song of Solomon 2:9	My beloved is like a roe or a young hart. Behold, he stands behind our wall! He looks in at the windows. He glances through the lattice.
Song of Solomon 2:10	"My beloved spoke, and said to me, ""Rise up, my love, my beautiful one, and come away."
Song of Solomon 2:11	For, behold, the winter is past. The rain is over and gone.
Song of Solomon 2:12	The flowers appear on the earth. The time of the singing has come, and the voice of the turtledove is heard in our land.
Song of Solomon 2:13	"The fig tree ripens her green figs. The vines are in blossom. They give forth their fragrance. Arise, my love, my beautiful one, and come away."" Lover"
Song of Solomon 2:14	My dove in the clefts of the rock, In the hiding places of the mountainside, Let me see your face. Let me hear your voice; for your voice is sweet, and your face is lovely.
Song of Solomon 2:15	Catch for us the foxes, the little foxes that spoil the vineyards; for our vineyards are in blossom. Beloved
Song of Solomon 2:16	My beloved is mine, and I am his. He browses among the lilies.
Song of Solomon 2:17	Until the day is cool, and the shadows flee away, turn, my beloved, and be like a roe or a young hart on the mountains of Bether.
Song of Solomon 3:1	By night on my bed, I sought the one whom my soul loves. I sought him, but I didn't find him.
Song of Solomon 3:2	I will get up now, and go about the city; in the streets and in the squares I will seek the one whom my soul loves. I sought him, but I didn't find him.
Song of Solomon 3:3	"The watchmen who go about the city found me; ""Have you seen the one whom my soul loves?"""
Song of Solomon 3:4	I had scarcely passed from them, when I found the one whom my soul loves. I held him, and would not let him go, until I had brought him into my mother's house, into the chamber of her who conceived me.
Song of Solomon 3:5	I adjure you, daughters of Yerushalayim, by the roes, or by the hinds of the field, that you not stir up, nor awaken love, until it so desires.
Song of Solomon 3:6	Who is this who comes up from the wilderness like pillars of smoke, perfumed with myrrh and frankincense, with all spices of the merchant?
Song of Solomon 3:7	Behold, it is Shlomo's carriage! Sixty mighty people are around it, of the mighty people of Israel.
Song of Solomon 3:8	They all handle the sword, and are expert in war. Everyone has their sword on their thigh, because of fear in the night.
Song of Solomon 3:9	King Shlomo made himself a carriage of the wood of Levanon.
Song of Solomon 3:10	He made its pillars of silver, its bottom of gold, its seat of purple, its midst being paved with love, from the daughters of Yerushalayim.
Song of Solomon 3:11	Go forth, you daughters of Tzion, and see king Shlomo, with the crown with which his mother has crowned him, in the day of his weddings, in the day of the gladness of his heart. Lover
Song of Solomon 4:1	Behold, you are beautiful, my love. Behold, you are beautiful. Your eyes are doves behind your veil. Your hair is as a flock of goats, that descend from Mount Gilead.
Song of Solomon 4:2	Your teeth are like a newly shorn flock, which have come up from the washing, where every one of them has twins. None is bereaved among them.
Song of Solomon 4:3	Your lips are like scarlet thread. Your mouth is lovely. Your temples are like a piece of a pomegranate behind your veil.
Song of Solomon 4:4	Your neck is like Dawid's tower built for an armory, whereon a thousand shields hang, all the shields of the mighty men.
Song of Solomon 4:5	Your two breasts are like two fawns that are twins of a roe, which feed among the lilies.
Song of Solomon 4:6	Until the day is cool, and the shadows flee away, I will go to the mountain of myrrh, to the hill of frankincense.
Song of Solomon 4:7	You are all beautiful, my love. There is no spot in you.
Song of Solomon 4:8	Come with me from Levanon, my bride, with me from Levanon. Look from the top of Amana, from the top of Senir and Hermon, from the lions' dens, from the mountains of the leopards.
Song of Solomon 4:9	You have ravished my heart, my sister, my bride. You have ravished my heart with one of your eyes, with one chain of your neck.
Song of Solomon 4:10	How beautiful is your love, my sister, my bride! How much better is your love than wine! The fragrance of your perfumes than all manner of spices!
Song of Solomon 4:11	Your lips, my bride, drip like the honeycomb. Honey and milk are under your tongue. The smell of your garments is like the smell of Levanon.
Song of Solomon 4:12	A locked up garden is my sister, my bride; a locked up spring, a sealed fountain.
Song of Solomon 4:13	Your shoots are an orchard of pomegranates, with precious fruits: henna with spikenard plants,
Song of Solomon 4:14	spikenard and saffron, calamus and cinnamon, with every kind of incense tree; myrrh and aloes, with all the best spices,
Song of Solomon 4:15	a fountain of gardens, a well of living waters, flowing streams from Levanon. Beloved
Song of Solomon 4:16	Awake, north wind; and come, you south! Blow on my garden, that its spices may flow out. Let my beloved come into his garden, and taste his precious fruits. Lover
Song of Solomon 5:1	I have come into my garden, my sister, my bride. I have gathered my myrrh with my spice; I have eaten my honeycomb with my honey; I have drunk my wine with my milk. Friends Eat, friends! Drink, yes, drink abundantly, beloved. Beloved
Song of Solomon 5:2	"I was asleep, but my heart was awake. It is the voice of my beloved who knocks: ""Open to me, my sister, my love, my dove, my undefiled; for my head is filled with dew, and my hair with the dampness of the night."""
Song of Solomon 5:3	I have taken off my robe. Indeed, must I put it on? I have washed my feet. Indeed, must I soil them?
Song of Solomon 5:4	My beloved thrust his hand in through the latch opening. My heart pounded for him.
Song of Solomon 5:5	I rose up to open for my beloved. My hands dripped with myrrh, my fingers with liquid myrrh, on the handles of the lock.
Song of Solomon 5:6	I opened to my beloved; but my beloved left; and had gone away. My heart went out when he spoke. I looked for him, but I didn't find him. I called him, but he didn't answer.
Song of Solomon 5:7	The watchmen who go about the city found me. They beat me. They bruised me. The keepers of the walls took my cloak away from me.
Song of Solomon 5:8	I adjure you, daughters of Yerushalayim, If you find my beloved, that you tell him that I am faint with love. Friends
Song of Solomon 5:9	How is your beloved better than another beloved, you fairest among women? How is your beloved better than another beloved, that you do so adjure us? Beloved
Song of Solomon 5:10	My beloved is white and ruddy. The best among ten thousand.
Song of Solomon 5:11	His head is like the purest gold. His hair is bushy, black as a raven.
Song of Solomon 5:12	His eyes are like doves beside the water brooks, washed with milk, mounted like jewels.
Song of Solomon 5:13	His cheeks are like a bed of spices with towers of perfumes. His lips are like lilies, dropping liquid myrrh.
Song of Solomon 5:14	His hands are like rings of gold set with beryl. His body is like ivory work overlaid with sapphires.
Song of Solomon 5:15	His legs are like pillars of marble set on sockets of fine gold. His appearance is like Levanon, excellent as the cedars.
Song of Solomon 5:16	His mouth is sweetness; yes, he is altogether lovely. This is my beloved, and this is my friend, daughters of Yerushalayim. Friends
Song of Solomon 6:1	Where has your beloved gone, you fairest among women? Where has your beloved turned, that we may seek him with you? Beloved
Song of Solomon 6:2	My beloved has gone down to his garden, to the beds of spices, to feed in the gardens, and to gather lilies.
Song of Solomon 6:3	I am my beloved's, and my beloved is mine. He browses among the lilies,
Song of Solomon 6:4	You are beautiful, my love, as Tirzah, lovely as Yerushalayim, awesome as an army with banners.
Song of Solomon 6:5	Turn away your eyes from me, for they have overcome me. Your hair is like a flock of goats, that lie along the side of Gilead.
Song of Solomon 6:6	Your teeth are like a flock of ewes, which have come up from the washing; of which every one has twins; none is bereaved among them.
Song of Solomon 6:7	Your temples are like a piece of a pomegranate behind your veil.
Song of Solomon 6:8	There are sixty queens, eighty concubines, and virgins without number.
Song of Solomon 6:9	My dove, my perfect one, is unique. She is her mother's only daughter. She is the favorite one of her who bore her. The daughters saw her, and called her blessed; the queens and the concubines, and they praised her.
Song of Solomon 6:10	Who is she who looks forth as the morning, beautiful as the moon, clear as the sun, and awesome as an army with banners?
Song of Solomon 6:11	I went down into the nut tree grove, to see the green plants of the valley, to see whether the vine budded, and the pomegranates were in flower.
Song of Solomon 6:12	Without realizing it, my desire set me with my royal people's chariots. Friends
Song of Solomon 6:13	Return, return, Shulammite! Return, return, that we may gaze at you. Lover Why do you desire to gaze at the Shulammite, as at the dance of Mahanaim?
Song of Solomon 7:1	How beautiful are your feet in sandals, prince's daughter! Your rounded thighs are like jewels, the work of the hands of a skillful workman.
Song of Solomon 7:2	Your body is like a round goblet, no mixed wine is wanting. Your waist is like a heap of wheat, set about with lilies.
Song of Solomon 7:3	Your two breasts are like two fawns, that are twins of a roe.
Song of Solomon 7:4	Your neck is like an ivory tower. Your eyes are like the pools in Heshbon by the gate of Bathrabbim. Your nose is like the tower of Levanon which looks toward Dammeseq.
Song of Solomon 7:5	Your head on you is like Carmel. The hair of your head like purple. The king is held captive in its tresses.
Song of Solomon 7:6	How beautiful and how pleasant you are, love, for delights!
Song of Solomon 7:7	This, your stature, is like a palm tree, your breasts like its fruit.
Song of Solomon 7:8	"I said, ""I will climb up into the palm tree. I will take hold of its fruit."" Let your breasts be like clusters of the vine, the smell of your breath like apples, Beloved"
Song of Solomon 7:9	Your mouth like the best wine, that goes down smoothly for my beloved, gliding through the lips of those who are asleep.
Song of Solomon 7:10	I am my beloved's. His desire is toward me.
Song of Solomon 7:11	Come, my beloved, let us go forth into the field. Let us lodge in the villages.
Song of Solomon 7:12	Let's go early up to the vineyards. Let's see whether the vine has budded, its blossom is open, and the pomegranates are in flower. There I will give you my love.
Song of Solomon 7:13	The mandrakes give forth fragrance. At our doors are all kinds of precious fruits, new and old, which I have stored up for you, my beloved.
Song of Solomon 8:1	Oh that you were like my brother, who sucked the breasts of my mother! If I found you outside, I would kiss you; yes, and no one would despise me.
Song of Solomon 8:2	I would lead you, bringing you into my mother's house, who would instruct me. I would have you drink spiced wine, of the juice of my pomegranate.
Song of Solomon 8:3	His left hand would be under my head. His right hand would embrace me.
Song of Solomon 8:4	I adjure you, daughters of Yerushalayim, that you not stir up, nor awaken love, until it so desires. Friends
Song of Solomon 8:5	Who is this who comes up from the wilderness, leaning on her beloved? Under the apple tree I aroused you. There your mother conceived you. There she was in labor and bore you.
Song of Solomon 8:6	Set me as a seal on your heart, as a seal on your arm; for love is strong as death. Jealousy is as cruel as Sheol. Its flashes are flashes of fire, a very flame of YHWH.
Song of Solomon 8:7	Many waters can't quench love, neither can floods drown it. If someone would give all the wealth of their house for love, they would be utterly scorned. Friends
Song of Solomon 8:8	We have a little sister. She has no breasts. What shall we do for our sister in the day when she is to be spoken for?
Song of Solomon 8:9	If she is a wall, we will build on her a turret of silver. if she is a door, we will enclose her with boards of cedar. Beloved
Song of Solomon 8:10	I am a wall, and my breasts like towers, then I was in their eyes like one who found peace.
Song of Solomon 8:11	Shlomo had a vineyard at Baal Hamon. He leased out the vineyard to keepers. Each was to bring a thousand shekels of silver for its fruit.
Song of Solomon 8:12	My own vineyard is before me. The thousand are for you, Shlomo; two hundred for those who tend its fruit. Lover
Song of Solomon 8:13	You who dwell in the gardens, with friends in attendance, let me hear your voice! Beloved
Song of Solomon 8:14	Come away, my beloved! Be like a gazelle or a young stag on the mountains of spices!
