reference	testament	book	same_verse_divine_marker	previous_verse_carry_candidate	already_in_2026_09_12_triage	current_text	previous_verse
Genesis 3:1	OT	Genesis	yes	no	no	Now the serpent was more subtle than any animal of the field which YHWH Elohim had made. He said to the woman, “Has Elohim really said, ‘You shall not eat of any tree of the garden’?”	
Genesis 3:8	OT	Genesis	yes	no	no	They heard the voice of YHWH Elohim walking in the garden in the wind of the day, and the man and his wife hid themselves from the face of YHWH Elohim among the trees of the garden.	Their eyes were opened, and they both knew that they were naked. They sewed fig leaves together, and made coverings for themselves.
Genesis 3:16	OT	Genesis	yes	no	no	To the woman YHWH Elohim said, “I will greatly multiply your pain in childbirth. You will bear children in pain. Your desire will be for your husband, and he will rule over you.”	I will put hostility between you and the woman, and between your offspring and her offspring. He will bruise your head, and you will bruise his heel.”
Genesis 3:21	OT	Genesis	yes	no	no	YHWH Elohim made garments of animal skins for Adam and for his wife, and clothed them.	The man named his wife Havvah, because she became the mother of all the living.
Genesis 4:1	OT	Genesis	yes	no	no	Adam knew Havvah his wife. She conceived, and gave birth to Qayin, and said, “I have gotten a person with YHWH’s help.”	
Genesis 4:4	OT	Genesis	yes	no	no	Hevel also brought some of the firstborn of his flock and of its fat. YHWH respected Hevel and his offering,	As time passed, Qayin brought an offering to YHWH from the fruit of the ground.
Genesis 4:5	OT	Genesis	yes	no	no	but YHWH didn’t respect Qayin and his offering. Qayin was very angry, and the expression on his face fell.	Hevel also brought some of the firstborn of his flock and of its fat. YHWH respected Hevel and his offering,
Genesis 4:9	OT	Genesis	yes	no	no	YHWH said to Qayin, “Where is Hevel, your brother?” He said, “I don’t know. Am I my brother’s keeper?”	Qayin said to Hevel, his brother, “Let’s go into the field.” While they were in the field, Qayin rose up against Hevel, his brother, and killed him.
Genesis 4:15	OT	Genesis	yes	no	no	YHWH said to him, “Therefore whoever slays Qayin, vengeance will be taken on him sevenfold.” YHWH appointed a sign for Qayin, so that anyone finding him would not strike him.	Look, you have driven me out today from the surface of the ground. I will be hidden from your face, and I will be a fugitive and a wanderer in the earth. Whoever finds me will kill me.”
Genesis 4:25	OT	Genesis	yes	no	no	Adam knew his wife again. She gave birth to a son, and named him Seth, saying, “for Elohim has given me another child instead of Hevel, for Qayin killed him.”	If Qayin will be avenged seven times, truly Lamech seventy-seven times.”
Genesis 4:26	OT	Genesis	yes	no	no	A son was also born to Seth, and he named him Enosh. At that time men began to call on YHWH’s name.	Adam knew his wife again. She gave birth to a son, and named him Seth, saying, “for Elohim has given me another child instead of Hevel, for Qayin killed him.”
Genesis 5:24	OT	Genesis	yes	no	no	Chanokh walked with Elohim, and he was not found, for Elohim took him.	All the days of Chanokh were three hundred sixty-five years.
Genesis 5:29	OT	Genesis	yes	no	no	He named him Noach, saying, “This one will comfort us in our work and in the toil of our hands, caused by the ground which YHWH has cursed.”	Lamech lived one hundred eighty-two years, then became the father of a son.
Genesis 6:22	OT	Genesis	yes	no	no	Thus Noach did. He did all that Elohim commanded him.	Take with you some of all food that is eaten, and gather it to yourself; and it will be for food for you, and for them.”
Genesis 7:5	OT	Genesis	yes	no	no	Noach did everything that YHWH commanded him.	In seven days, I will cause it to rain on the earth for forty days and forty nights. I will destroy every living thing that I have made from the surface of the ground.”
Genesis 8:1	OT	Genesis	yes	no	no	Elohim remembered Noach, all the animals, and all the livestock that were with him in the ship; and Elohim made a wind to pass over the earth. The waters subsided.	
Genesis 9:1	OT	Genesis	yes	no	no	Elohim blessed Noach and his sons, and said to them, “Be fruitful, multiply, and replenish the earth.	
Genesis 9:8	OT	Genesis	yes	no	no	Elohim spoke to Noach and to his sons with him, saying,	Be fruitful and multiply. Increase abundantly in the earth, and multiply in it.”
Genesis 9:26	OT	Genesis	yes	no	no	He said, “Blessed be YHWH, the God of Shem. Let Kena'an be his servant.	He said, “Kena'an is cursed. He will be a servant of servants to his brothers.”
Genesis 9:27	OT	Genesis	yes	no	no	May Elohim enlarge Japheth. Let him dwell in the tents of Shem. Let Kena'an be his servant.”	He said, “Blessed be YHWH, the God of Shem. Let Kena'an be his servant.
Genesis 10:9	OT	Genesis	yes	no	no	He was a mighty hunter before YHWH. Therefore it is said, “like Nimrod, a mighty hunter before YHWH”.	Cush became the father of Nimrod. He began to be a mighty one in the earth.
Genesis 12:4	OT	Genesis	yes	no	no	So Avram went, as YHWH had told him. Lot went with him. Avram was seventy-five years old when he departed from Haran.	I will bless those who bless you, and I will curse the one who treats you with contempt. All the families of the earth will be blessed through you.”
Genesis 12:7	OT	Genesis	yes	no	no	YHWH appeared to Avram and said, “I will give this land to your offspring.” He built an altar there to YHWH, who had appeared to him.	Avram passed through the land to the place of Shekhem, to the oak of Moreh. At that time, Canaanites were in the land.
Genesis 12:8	OT	Genesis	yes	yes	no	He left from there to go to the mountain on the east of Beit El and pitched his tent, having Beit El on the west, and Ai on the east. There he built an altar to YHWH and called on YHWH’s name.	YHWH appeared to Avram and said, “I will give this land to your offspring.” He built an altar there to YHWH, who had appeared to him.
Genesis 12:17	OT	Genesis	yes	no	no	YHWH afflicted Pharaoh and his house with great plagues because of Sarai, Avram’s wife.	He dealt well with Avram for her sake. He had sheep, cattle, male donkeys, male servants, female servants, female donkeys, and camels.
Genesis 13:4	OT	Genesis	yes	no	no	to the place of the altar, which he had made there at the first. There Avram called on YHWH’s name.	He went on his journeys from the South as far as Beit El, to the place where his tent had been at the beginning, between Beit El and Ai,
Genesis 13:10	OT	Genesis	yes	no	no	Lot lifted up his eyes, and saw all the plain of the Yarden, that it was well-watered everywhere, before YHWH destroyed Sedom and Amora, like the garden of YHWH, like the land of Mitzrayim, as you go to Zoar.	Isn’t the whole land before you? Please separate yourself from me. If you go to the left hand, then I will go to the right. Or if you go to the right hand, then I will go to the left.”
Genesis 13:14	OT	Genesis	yes	no	no	YHWH said to Avram, after Lot was separated from him, “Now, lift up your eyes, and look from the place where you are, northward and southward and eastward and westward,	Now the men of Sedom were exceedingly wicked and sinners against YHWH.
Genesis 13:18	OT	Genesis	yes	no	no	Avram moved his tent, and came and lived by the oaks of Mamre, which are in Chevron, and built an altar there to YHWH.	Arise, walk through the land in its length and in its width; for I will give it to you.”
Genesis 14:19	OT	Genesis	yes	no	no	He blessed him, and said, “Blessed be Avram of Elohim Most High, possessor of heaven and earth.	Malki-Tzedek king of Shalem brought out bread and wine. He was priest of El Elyon.
Genesis 14:20	OT	Genesis	yes	no	no	Blessed be Elohim Most High, who has delivered your enemies into your hand.” Avram gave him a tenth of all.	He blessed him, and said, “Blessed be Avram of Elohim Most High, possessor of heaven and earth.
Genesis 15:4	OT	Genesis	yes	no	no	Look, YHWH’s word came to him, saying, “This man will not be your heir, but the one who will come out of your own body will be your heir.”	Avram said, “Look, you have given no children to me: and, look, one born in my house is my heir.”
Genesis 15:5	OT	Genesis	yes	no	no	YHWH brought him outside, and said, “Look now toward the heavens, and count the stars, if you are able to count them.” YHWH said to Avram, “So your offspring will be.”	Look, YHWH’s word came to him, saying, “This man will not be your heir, but the one who will come out of your own body will be your heir.”
Genesis 15:6	OT	Genesis	yes	yes	no	He believed in YHWH, who credited it to him for righteousness.	YHWH brought him outside, and said, “Look now toward the heavens, and count the stars, if you are able to count them.” YHWH said to Avram, “So your offspring will be.”
Genesis 15:8	OT	Genesis	yes	yes	no	He said, “YHWH God, how will I know that I will inherit it?”	YHWH said to Avram, “I am YHWH who brought you out of Ur of the Chaldees, to give you this land to inherit it.”
Genesis 15:9	OT	Genesis	yes	no	no	YHWH said to him, “Bring me a heifer three years old, a female goat three years old, a ram three years old, a turtledove, and a young pigeon.”	He said, “YHWH God, how will I know that I will inherit it?”
Genesis 15:10	OT	Genesis	no	yes	no	He brought him all these, and divided them in the middle, and laid each half opposite the other; but he didn’t divide the birds.	YHWH said to him, “Bring me a heifer three years old, a female goat three years old, a ram three years old, a turtledove, and a young pigeon.”
Genesis 16:8	OT	Genesis	no	yes	no	He said, “Hagar, Sarai’s servant, where did you come from? Where are you going?” She said, “I am fleeing from the face of my mistress Sarai.”	YHWH’s messenger found her by a fountain of water in the wilderness, by the fountain on the way to Shur.
Genesis 16:11	OT	Genesis	yes	no	no	YHWH’s messenger said to her, “Look, you are with child, and will bear a son. You shall call his name Yishmael, because YHWH has heard your affliction.	YHWH’s messenger said to her, “I will greatly multiply your offspring, that they will not be counted for multitude.”
Genesis 16:12	OT	Genesis	no	yes	no	He will be like a wild donkey among men. Their hand will be against everyone, and everyone’s hand against him. He will live opposed to all of his brothers.”	YHWH’s messenger said to her, “Look, you are with child, and will bear a son. You shall call his name Yishmael, because YHWH has heard your affliction.
Genesis 17:1	OT	Genesis	yes	no	no	When Avram was ninety-nine years old, YHWH appeared to Avram and said to him, “I am El Shaddai. Walk before me, and be whole.”	
Genesis 17:3	OT	Genesis	yes	no	no	Avram fell on his face. Elohim talked with him, saying,	I will make my covenant between me and you, and will multiply you exceedingly.”
Genesis 17:19	OT	Genesis	yes	no	no	Elohim said, “No, but Sarah, your wife, will bear you a son. You shall call his name Yitzhak. I will establish my covenant with him for an everlasting covenant for his offspring after him.	Avraham said to Elohim, “Oh that Yishmael might live before you!”
Genesis 17:22	OT	Genesis	yes	no	no	When he finished talking with him, Elohim went up from Avraham.	But I will establish my covenant with Yitzhak, whom Sarah will bear to you at this set time next year.”
Genesis 17:23	OT	Genesis	yes	no	no	Avraham took Yishmael his son, all who were born in his house, and all who were bought with his money: every male among the men of Avraham’s house, and circumcised the flesh of their foreskin in the same day, as Elohim had said to him.	When he finished talking with him, Elohim went up from Avraham.
Genesis 18:1	OT	Genesis	yes	no	no	YHWH appeared to him by the oaks of Mamre, as he sat in the tent opening in the heat of the day.	
Genesis 18:2	OT	Genesis	no	yes	no	He lifted up his eyes and looked, and saw that three men stood near him. When he saw them, he ran to meet them from the tent door, and bowed himself to the earth,	YHWH appeared to him by the oaks of Mamre, as he sat in the tent opening in the heat of the day.
Genesis 18:19	OT	Genesis	yes	no	no	For I have known him, to the end that he may command his children and his household after him, that they may keep the way of YHWH, to do righteousness and justice; to the end that YHWH may bring on Avraham that which he has spoken of him.”	since Avraham will surely become a great and mighty nation, and all the nations of the earth will be blessed in him?
Genesis 18:30	OT	Genesis	yes	no	no	He said, “Oh don’t let YHWH be angry, and I will speak. What if there are thirty found there?” He said, “I will not do it if I find thirty there.”	He spoke to him yet again, and said, “What if there are forty found there?” He said, “I will not do it for the forty’s sake.”
Genesis 18:31	OT	Genesis	yes	yes	no	He said, “See now, I have taken it on myself to speak to YHWH. What if there are twenty found there?” He said, “I will not destroy it for the twenty’s sake.”	He said, “Oh don’t let YHWH be angry, and I will speak. What if there are thirty found there?” He said, “I will not do it if I find thirty there.”
Genesis 18:32	OT	Genesis	yes	yes	no	He said, “Oh don’t let YHWH be angry, and I will speak just once more. What if ten are found there?” He said, “I will not destroy it for the ten’s sake.”	He said, “See now, I have taken it on myself to speak to YHWH. What if there are twenty found there?” He said, “I will not destroy it for the twenty’s sake.”
Genesis 18:33	OT	Genesis	yes	no	no	YHWH departed as soon as YHWH had finished communing with Avraham, and Avraham returned to his place.	He said, “Oh don’t let YHWH be angry, and I will speak just once more. What if ten are found there?” He said, “I will not destroy it for the ten’s sake.”
Genesis 19:14	OT	Genesis	yes	no	no	Lot went out, and spoke to his sons-in-law, who were pledged to marry his daughters, and said, “Get up! Get out of this place, for YHWH will destroy the city!” But he seemed to his sons-in-law to be joking.	for we will destroy this place, because the outcry against them has grown so great before YHWH that YHWH has sent us to destroy it.”
Genesis 19:16	OT	Genesis	yes	no	no	But he lingered; and the men grabbed his hand, his wife’s hand, and his two daughters’ hands, YHWH being merciful to him; and they took him out, and set him outside of the city.	When the morning came, then the messengers hurried Lot, saying, “Get up! Take your wife and your two daughters who are here, lest you be consumed in the iniquity of the city.”
Genesis 19:27	OT	Genesis	yes	no	no	Avraham went up early in the morning to the place where he had stood before YHWH.	But Lot’s wife looked back from behind him, and she became a pillar of salt.
Genesis 19:28	OT	Genesis	no	yes	no	He looked toward Sedom and Amora, and toward all the land of the plain, and saw that the smoke of the land went up as the smoke of a furnace.	Avraham went up early in the morning to the place where he had stood before YHWH.
Genesis 19:29	OT	Genesis	yes	no	no	When Elohim destroyed the cities of the plain, Elohim remembered Avraham, and sent Lot out of the middle of the overthrow, when he overthrew the cities in which Lot lived.	He looked toward Sedom and Amora, and toward all the land of the plain, and saw that the smoke of the land went up as the smoke of a furnace.
Genesis 20:3	OT	Genesis	yes	no	no	But Elohim came to Abimelech in a dream of the night, and said to him, “Look, you are a dead man, because of the woman whom you have taken; for she is a person’s wife.”	Avraham said about Sarah his wife, “She is my sister.” Abimelech king of Gerar sent, and took Sarah.
Genesis 20:4	OT	Genesis	yes	no	no	Now Abimelech had not come near her. He said, “YHWH, will you kill even a righteous nation?	But Elohim came to Abimelech in a dream of the night, and said to him, “Look, you are a dead man, because of the woman whom you have taken; for she is a person’s wife.”
Genesis 20:6	OT	Genesis	yes	no	no	Elohim said to him in the dream, “Yes, I know that in the integrity of your heart you have done this, and I also withheld you from sinning against me. Therefore I didn’t allow you to touch her.	Didn’t he tell me, ‘She is my sister’? She, even she herself, said, ‘He is my brother.’ I have done this in the integrity of my heart and the innocence of my hands.”
Genesis 20:13	OT	Genesis	yes	no	no	When Elohim caused me to wander from my father’s house, I said to her, ‘This is your kindness which you shall show to me. Everywhere that we go, say of me, “He is my brother.” ’ ”	Besides, she is indeed my sister, the daughter of my father, but not the daughter of my mother; and she became my wife.
Genesis 20:17	OT	Genesis	yes	no	no	Avraham prayed to Elohim. So Elohim healed Abimelech, his wife, and his female servants, and they bore children.	To Sarah he said, “Look, I have given your brother a thousand pieces of silver. Look, it is for you a covering of the eyes to all that are with you. In front of all you are vindicated.”
Genesis 21:2	OT	Genesis	yes	no	no	Sarah conceived, and bore Avraham a son in his old age, at the set time of which Elohim had spoken to him.	YHWH visited Sarah as YHWH had said, and YHWH did to Sarah as YHWH had spoken.
Genesis 21:4	OT	Genesis	yes	no	no	Avraham circumcised his son, Yitzhak, when he was eight days old, as Elohim had commanded him.	Avraham called his son who was born to him, whom Sarah bore to him, Yitzhak.
Genesis 21:17	OT	Genesis	yes	no	no	Elohim heard the voice of the boy. The messenger of Elohim called to Hagar out of the heavens, and said to her, “What troubles you, Hagar? Don’t be afraid. For Elohim has heard the voice of the boy where he is.	She went and sat down opposite him, a good way off, about a bow shot away. For she said, “Don’t let me see the death of the child.” She sat opposite him, and lifted up her voice, and wept.
Genesis 21:20	OT	Genesis	yes	no	no	Elohim was with the boy, and he grew. He lived in the wilderness, and as he grew up, he became an archer.	Elohim opened her eyes, and she saw a well of water. She went, filled the container with water, and gave the boy a drink.
Genesis 21:21	OT	Genesis	no	yes	no	He lived in the wilderness of Paran. His mother got a wife for him out of the land of Mitzrayim.	Elohim was with the boy, and he grew. He lived in the wilderness, and as he grew up, he became an archer.
Genesis 21:22	OT	Genesis	yes	no	no	At that time, Abimelech and Phicol the captain of his army spoke to Avraham, saying, “Elohim is with you in all that you do.	He lived in the wilderness of Paran. His mother got a wife for him out of the land of Mitzrayim.
Genesis 21:33	OT	Genesis	yes	no	no	Avraham planted a tamarisk tree in Be'er Sheva, and there he called on the name of YHWH, the Everlasting Elohim.	So they cut a covenant at Be'er Sheva. Then Abimelech rose up with Phicol, the captain of his army, and they returned to the land of the Philistines.
Genesis 22:1	OT	Genesis	yes	no	no	After these things, Elohim tested Avraham, and said to him, “Avraham!” He said, “Here I am.”	
Genesis 22:2	OT	Genesis	no	yes	no	He said, “Take now your son, your only one, whom you love—Yitzhak—and go for yourself to the land of Moriah. Offer him there as an עולה upon one of the mountains that I will tell you of.”	After these things, Elohim tested Avraham, and said to him, “Avraham!” He said, “Here I am.”
Genesis 22:3	OT	Genesis	yes	no	no	Avraham rose early in the morning, and saddled his donkey; and took two of his young people with him, and Yitzhak his son. He split the wood for the burnt offering, and rose up, and went to the place of which Elohim had told him.	He said, “Take now your son, your only one, whom you love—Yitzhak—and go for yourself to the land of Moriah. Offer him there as an עולה upon one of the mountains that I will tell you of.”
Genesis 22:9	OT	Genesis	yes	no	no	They came to the place which Elohim had told him of. Avraham built the altar there, and laid the wood in order, bound Yitzhak his son, and laid him on the altar, on the wood.	Avraham said, “Elohim will provide the lamb for a burnt offering, my son.” So they both went together.
Genesis 22:11	OT	Genesis	yes	no	no	YHWH’s messenger called to him out of the heavens, and said, “Avraham, Avraham!” He said, “Here I am.”	Avraham stretched out his hand, and took the knife to kill his son.
Genesis 22:12	OT	Genesis	yes	yes	no	He said, “Don’t lay your hand on the boy or do anything to him. For now I know that you revere God, since you have not withheld your son, your only son, from me.”	YHWH’s messenger called to him out of the heavens, and said, “Avraham, Avraham!” He said, “Here I am.”
Genesis 23:6	OT	Genesis	yes	no	no	“Hear us, my lord. You are a prince of Elohim among us. Bury your dead in the best of our tombs. None of us will withhold from you his tomb. Bury your dead.”	The children of Heth answered Avraham, saying to him,
Genesis 24:12	OT	Genesis	yes	no	no	He said, “YHWH, the God of my master Avraham, please give me success today, and show kindness to my master Avraham.	He made the camels kneel down outside the city by the well of water at the time of evening, the time that women go out to draw water.
Genesis 24:27	OT	Genesis	yes	yes	no	He said, “Blessed be YHWH, the God of my master Avraham, who has not forsaken YHWH’s loving kindness and YHWH’s truth toward my master. As for me, YHWH has led me on the way to the house of my master’s relatives.”	The person bowed their head, and worshiped YHWH.
Genesis 24:31	OT	Genesis	yes	no	no	He said, “Come in, you blessed of YHWH. Why do you stand outside? For I have prepared the house, and room for the camels.”	When they saw the ring, and the bracelets on their sister’s hands, and when they heard the words of Rivqah their sister, saying, “This is what the person said to me,” they came to the person. Look, he was standing by the camels at the spring.
Genesis 24:35	OT	Genesis	yes	no	no	YHWH has blessed my master greatly. He has become great. YHWH has given him flocks and herds, silver and gold, male servants and female servants, and camels and donkeys.	He said, “I am Avraham’s servant.
Genesis 24:40	OT	Genesis	yes	no	no	He said to me, ‘YHWH, before whom I walk, will send YHWH’s messenger with you, and prosper your way. You shall take a wife for my son from my relatives, and of my father’s house.	I asked my master, ‘What if the woman will not follow me?’
Genesis 24:48	OT	Genesis	yes	no	no	I bowed my head, and worshiped YHWH, and blessed YHWH, the God of my master Avraham, who had led me in the right way to take my master’s brother’s daughter for his son.	I asked her, and said, ‘Whose daughter are you?’ She said, ‘The daughter of Bethuel, Nahor’s son, whom Milcah bore to him.’ I put the ring on her nose, and the bracelets on her hands.
Genesis 24:52	OT	Genesis	yes	no	no	When Avraham’s servant heard their words, he bowed himself down to the earth to YHWH.	Look, Rivqah is before you. Take her, and go, and let her be your master’s son’s wife, as YHWH has spoken.”
Genesis 24:56	OT	Genesis	yes	no	no	He said to them, “Don’t hinder me, since YHWH has prospered my way. Send me away that I may go to my master.”	Her brother and her mother said, “Let the young lady stay with us a few days, at least ten. After that she will go.”
Genesis 25:11	OT	Genesis	yes	no	no	After the death of Avraham, Elohim blessed Yitzhak, his son. Yitzhak lived by Beer Lahai Roi.	the field which Avraham purchased from the children of Heth. Avraham was buried there with Sarah, his wife.
Genesis 25:21	OT	Genesis	yes	no	no	Yitzhak entreated YHWH for his wife, because she was barren. YHWH was entreated by him, and Rivqah his wife conceived.	Yitzhak was forty years old when he took Rivqah, the daughter of Bethuel the Syrian of Paddan Aram, the sister of Lavan the Syrian, to be his wife.
Genesis 26:2	OT	Genesis	yes	no	no	YHWH appeared to him, and said, “Don’t go down into Mitzrayim. Live in the land I will tell you about.	There was a famine in the land, in addition to the first famine that was in the days of Avraham. Yitzhak went to Abimelech king of the Philistines, to Gerar.
Genesis 26:12	OT	Genesis	yes	no	no	Yitzhak sowed in that land, and reaped in the same year one hundred times what he planted. YHWH blessed him.	Abimelech commanded all the people, saying, “The one who touches this man or his wife will surely be put to death.”
Genesis 26:22	OT	Genesis	yes	no	no	He left that place, and dug another well. They didn’t argue over that one. So he called it Rehoboth. He said, “For now YHWH has made room for us, and we will be fruitful in the land.”	They dug another well, and they argued over that, also. So he called its name Sitnah.
Genesis 26:23	OT	Genesis	no	yes	no	He went up from there to Be'er Sheva.	He left that place, and dug another well. They didn’t argue over that one. So he called it Rehoboth. He said, “For now YHWH has made room for us, and we will be fruitful in the land.”
Genesis 26:24	OT	Genesis	yes	no	no	YHWH appeared to him the same night, and said, “I am the God of Avraham your father. Don’t be afraid, for I am with you, and will bless you, and multiply your offspring for my servant Avraham’s sake.”	He went up from there to Be'er Sheva.
Genesis 26:25	OT	Genesis	yes	yes	no	He built an altar there, and called on YHWH’s name, and pitched his tent there. There Yitzhak’s servants dug a well.	YHWH appeared to him the same night, and said, “I am the God of Avraham your father. Don’t be afraid, for I am with you, and will bless you, and multiply your offspring for my servant Avraham’s sake.”
Genesis 26:30	OT	Genesis	no	yes	no	He made them a feast, and they ate and drank.	that you will do us no harm, as we have not touched you, and as we have done to you nothing but good, and have sent you away in peace.’ You are now the blessed of YHWH.”
Genesis 27:20	OT	Genesis	yes	no	no	Yitzhak said to his son, “How is it that you have found it so quickly, my son?” He said, “Because YHWH your God gave me success.”	Yaakov said to his father, “I am Esav your firstborn. I have done what you asked me to do. Please arise, sit and eat of my venison, that your being may bless me.”
Genesis 27:27	OT	Genesis	yes	no	no	He came near and kissed him. He smelled the smell of his garments, and blessed him, and said, “See, the smell of my son is as the smell of a field that YHWH has blessed.”	His father Yitzhak said to him, “Come near now, and kiss me, my son.”
Genesis 28:12	OT	Genesis	yes	no	no	He dreamed, and look—a stairway was set up on the earth, and its top reached to the heavens. And look—messengers of Elohim were ascending and descending on it.	He came to a certain place, and stayed there all night, because the sun had set. He took one of the stones of the place, and put it under his head, and lay down in that place to sleep.
Genesis 28:16	OT	Genesis	yes	no	no	Yaakov awakened out of his sleep, and he said, “Surely YHWH is in this place, and I didn’t know it.”	Look, I am with you, and will keep you, wherever you go, and will bring you again into this land. For I will not leave you until I have done that which I have spoken of to you.”
Genesis 28:17	OT	Genesis	yes	yes	no	He was afraid, and said, “How awesome this place is! This is none other than Elohim’s house, and this is the gate of heaven.”	Yaakov awakened out of his sleep, and he said, “Surely YHWH is in this place, and I didn’t know it.”
Genesis 29:32	OT	Genesis	yes	no	no	Leah conceived and bore a son, and she called his name Reuven, for she said, “Because YHWH has looked upon my affliction. For now my husband will love me.”	YHWH saw that Leah was hated, and YHWH opened her womb, but Rakhel was barren.
Genesis 29:33	OT	Genesis	yes	no	no	She conceived again, and bore a son, and said, “Because YHWH has heard that I am hated, YHWH has therefore given me this son also.” She named him Shimon.	Leah conceived and bore a son, and she called his name Reuven, for she said, “Because YHWH has looked upon my affliction. For now my husband will love me.”
Genesis 29:35	OT	Genesis	yes	no	no	She conceived again, and bore a son. She said, “This time I will praise YHWH.” Therefore she named him Yehudah. Then she stopped bearing.	She conceived again, and bore a son. She said, “Now this time my husband will be joined to me, because I have borne him three sons.” Therefore his name was called Levi.
Genesis 30:2	OT	Genesis	yes	no	no	Yaakov’s anger burned against Rakhel, and he said, “Am I in Elohim’s place, who has withheld from you the fruit of the womb?”	When Rakhel saw that she bore Yaakov no children, Rakhel envied her sister. She said to Yaakov, “Give me children, or else I will die.”
Genesis 30:6	OT	Genesis	yes	no	no	Rakhel said, “Elohim has judged me, and has also heard my voice, and has given me a son.” Therefore she called his name Dan.	Bilhah conceived, and bore Yaakov a son.
Genesis 30:18	OT	Genesis	yes	no	no	Leah said, “Elohim has given me my hire, because I gave my servant to my husband.” She named him Yissakhar.	Elohim listened to Leah, and she conceived, and bore Yaakov a fifth son.
Genesis 30:20	OT	Genesis	yes	no	no	Leah said, “Elohim has endowed me with a good dowry. Now my husband will live with me, because I have borne him six sons.” She named him Zevulun.	Leah conceived again, and bore a sixth son to Yaakov.
Genesis 30:24	OT	Genesis	yes	no	no	She named him Yosef, saying, “May YHWH add another son to me.”	She conceived, bore a son, and said, “Elohim has taken away my reproach.”
Genesis 30:27	OT	Genesis	yes	no	no	Lavan said to him, “If now I have found favor in your eyes, stay here, for I have divined that YHWH has blessed me for your sake.”	Give me my wives and my children for whom I have served you, and let me go; for you know my service with which I have served you.”
Genesis 30:28	OT	Genesis	no	yes	no	He said, “Appoint me your wages, and I will give it.”	Lavan said to him, “If now I have found favor in your eyes, stay here, for I have divined that YHWH has blessed me for your sake.”
Genesis 31:7	OT	Genesis	yes	no	no	Your father has deceived me, and changed my wages ten times, but Elohim didn’t allow him to hurt me.	You know that I have served your father with all of my strength.
Genesis 31:12	OT	Genesis	no	yes	no	He said, ‘Now lift up your eyes, and look, all the male goats which leap on the flock are streaked, speckled, and grizzled, for I have seen all that Lavan does to you.	The messenger of Elohim said to me in the dream, ‘Yaakov,’ and I said, ‘Here I am.’
Genesis 31:24	OT	Genesis	yes	no	no	Elohim came to Lavan the Syrian in a dream of the night, and said to him, “Be careful that you don’t speak to Yaakov either good or bad.”	He took his relatives with him, and pursued him seven days’ journey. He overtook him in the mountain of Gilead.
Genesis 31:49	OT	Genesis	yes	no	no	and Mizpah, for he said, “YHWH watch between me and you, when we are absent one from another.	Lavan said, “This heap is witness between me and you today.” Therefore it was called Galeed,
Genesis 31:53	OT	Genesis	yes	no	no	The God of Avraham, and the God of Nahor, the God of their father, judge between us.” Then Yaakov swore by the fear of his father, Yitzhak.	May this heap be a witness, and the pillar be a witness, that I will not pass over this heap to you, and that you will not pass over this heap and this pillar to me, for harm.
Genesis 32:1	OT	Genesis	yes	no	no	Yaakov went on his way, and the messengers of Elohim met him.	
Genesis 32:2	OT	Genesis	yes	no	no	When he saw them, Yaakov said, “This is Elohim’s army.” He called the name of that place Mahanaim.	Yaakov went on his way, and the messengers of Elohim met him.
Genesis 32:28	OT	Genesis	yes	no	no	He said, “Your name shall no longer be called Yaakov, but Yisrael; for you have striven with Elohim and with humans, and have prevailed.”	He said to him, “What is your name?” He said, “Yaakov”.
Genesis 32:30	OT	Genesis	yes	no	no	Yaakov called the name of the place Peniel; for he said, “I have seen Elohim face to face, and my life is preserved.”	Yaakov asked him, “Please tell me your name.” He said, “Why is it that you ask what my name is?” So he blessed him there.
Genesis 33:11	OT	Genesis	yes	no	no	Please take the gift that I brought to you, because Elohim has dealt graciously with me, and because I have enough.” He urged him, and he took it.	Yaakov said, “Please, no, if I have now found favor in your sight, then receive my present at my hand, because I have seen your face, as one sees the face of Elohim, and you were pleased with me.
Genesis 35:7	OT	Genesis	yes	no	no	He built an altar there, and called the place El Beth El; because there Elohim was revealed to him, when he fled from the face of his brother.	So Yaakov came to Luz (that is, Beit El), which is in the land of Kena'an, he and all the people who were with him.
Genesis 35:9	OT	Genesis	yes	no	no	Elohim appeared to Yaakov again, when he came from Paddan Aram, and blessed him.	Devorah, Rivqah’s nurse, died, and she was buried below Beit El under the oak; and its name was called Allon Bacuth.
Genesis 35:10	OT	Genesis	yes	no	no	Elohim said to him, “Your name is Yaakov. Your name shall no longer be called Yaakov, but Yisrael shall be your name.” So he called his name Yisrael.	Elohim appeared to Yaakov again, when he came from Paddan Aram, and blessed him.
Genesis 35:11	OT	Genesis	yes	no	no	Elohim said to him, “I am Elohim Almighty. Be fruitful and multiply. A nation and a company of nations will be from you, and kings will come out of your body.	Elohim said to him, “Your name is Yaakov. Your name shall no longer be called Yaakov, but Yisrael shall be your name.” So he called his name Yisrael.
Genesis 35:13	OT	Genesis	yes	no	no	Elohim went up from him in the place where he spoke with him.	The land which I gave to Avraham and Yitzhak, I will give it to you, and to your offspring after you I will give the land.”
Genesis 35:15	OT	Genesis	yes	no	no	Yaakov called the name of the place where Elohim spoke with him “Beit El”.	Yaakov set up a pillar in the place where he spoke with him, a pillar of stone. He poured out a drink offering on it, and poured oil on it.
Genesis 38:7	OT	Genesis	yes	no	no	Er, Yehudah’s firstborn, was wicked in YHWH’s sight. So YHWH killed him.	Yehudah took a wife for Er, his firstborn, and her name was Tamar.
Genesis 38:10	OT	Genesis	yes	no	no	The thing which he did was wrong in YHWH’s sight, and YHWH killed him also.	Onan knew that the offspring wouldn’t be his; and when he went in to his brother’s wife, he spilled his semen on the ground, lest he should give offspring to his brother.
Genesis 39:2	OT	Genesis	yes	no	no	YHWH was with Yosef, and he was a prosperous man. He was in the house of his master the Egyptian.	Yosef was brought down to Mitzrayim. Potiphar, an officer of Pharaoh’s, the captain of the guard, an Egyptian, bought him from the hand of the Ishmaelites that had brought him down there.
Genesis 39:3	OT	Genesis	yes	yes	no	His master saw that YHWH was with him, and that YHWH made all that he did prosper in his hand.	YHWH was with Yosef, and he was a prosperous man. He was in the house of his master the Egyptian.
Genesis 39:5	OT	Genesis	yes	no	no	From the time that he made him overseer in his house, and over all that he had, YHWH blessed the Egyptian’s house for Yosef’s sake. YHWH’s blessing was on all that he had, in the house and in the field.	Yosef found favor in his sight. He ministered to him, and Potiphar made him overseer over his house, and all that he had he put into his hand.
Genesis 39:6	OT	Genesis	no	yes	no	He left all that he had in Yosef’s hand. He didn’t concern himself with anything, except for the food which he ate. Yosef was well-built and handsome.	From the time that he made him overseer in his house, and over all that he had, YHWH blessed the Egyptian’s house for Yosef’s sake. YHWH’s blessing was on all that he had, in the house and in the field.
Genesis 39:9	OT	Genesis	yes	no	no	No one is greater in this house than I am, and they have not kept back anything from me but you, because you are his wife. How then can I do this great wickedness, and sin against Elohim?”	But he refused, and said to his master’s wife, “Look, my master doesn’t know what is with me in the house, and he has put all that he has into my hand.
Genesis 39:21	OT	Genesis	yes	no	no	But YHWH was with Yosef, and showed kindness to him, and gave him favor in the sight of the keeper of the prison.	Yosef’s master took him, and put him into the prison, the place where the king’s prisoners were bound, and he was there in custody.
Genesis 39:23	OT	Genesis	yes	no	no	The keeper of the prison didn’t look after anything that was under his hand, because YHWH was with him; and that which he did, YHWH made it prosper.	The keeper of the prison committed to Yosef’s hand all the prisoners who were in the prison. Whatever they did there, he was responsible for it.
Genesis 40:8	OT	Genesis	yes	no	no	They said to him, “We have dreamed a dream, and there is no one who can interpret it.” Yosef said to them, “Don’t interpretations belong to Elohim? Please tell it to me.”	He asked Pharaoh’s officers who were with him in custody in his master’s house, saying, “Why do you look so sad today?”
Genesis 41:51	OT	Genesis	yes	no	no	Yosef called the name of the firstborn Menashe, “For”, he said, “Elohim has made me forget all my toil, and all my father’s house.”	To Yosef were born two sons before the year of famine came, whom Asenath, the daughter of Potiphera priest of On, bore to him.
Genesis 41:52	OT	Genesis	yes	no	no	The name of the second, he called Efrayim: “For Elohim has made me fruitful in the land of my affliction.”	Yosef called the name of the firstborn Menashe, “For”, he said, “Elohim has made me forget all my toil, and all my father’s house.”
Genesis 42:28	OT	Genesis	yes	no	no	He said to his brothers, “My money is restored! Look, it is in my sack!” Their hearts failed them, and they turned trembling to one another, saying, “What is this that Elohim has done to us?”	As one of them opened his sack to give his donkey food in the lodging place, he saw his money. Look, it was in the mouth of his sack.
Genesis 43:23	OT	Genesis	yes	no	no	He said, “Peace be to you. Don’t be afraid. your God, and the God of your father, has given you treasure in your sacks. I received your money.” He brought Shimon out to them.	We have brought down other money in our hand to buy food. We don’t know who put our money in our sacks.”
Genesis 43:29	OT	Genesis	yes	no	no	He lifted up his eyes, and saw Binyamin, his brother, his mother’s son, and said, “Is this your youngest brother, of whom you spoke to me?” He said, “Elohim be gracious to you, my son.”	They said, “Your servant, our father, is well. He is still alive.” They bowed down humbly.
Genesis 44:16	OT	Genesis	yes	no	no	Yehudah said, “What will we tell my lord? What will we speak? How will we clear ourselves? Elohim has found out the iniquity of your servants. Look, we are my lord’s slaves, both we and he also in whose hand the cup is found.”	Yosef said to them, “What deed is this that you have done? Don’t you know that such a person as I can indeed do divination?”
Genesis 44:17	OT	Genesis	no	yes	no	He said, “Far be it from me that I should do so. The person in whose hand the cup is found, they will be my slave; but as for you, go up in peace to your father.”	Yehudah said, “What will we tell my lord? What will we speak? How will we clear ourselves? Elohim has found out the iniquity of your servants. Look, we are my lord’s slaves, both we and he also in whose hand the cup is found.”
Genesis 45:8	OT	Genesis	yes	no	no	So now it wasn’t you who sent me here, but Elohim, and Elohim has made me a father to Pharaoh, lord of all his house, and ruler over all the land of Mitzrayim.	Elohim sent me before you to preserve for you a remnant in the earth, and to save you alive by a great deliverance.
Genesis 45:9	OT	Genesis	yes	no	no	Hurry, and go up to my father, and tell him, ‘This is what your son Yosef says, “Elohim has made me lord of all Mitzrayim. Come down to me. Don’t wait.	So now it wasn’t you who sent me here, but Elohim, and Elohim has made me a father to Pharaoh, lord of all his house, and ruler over all the land of Mitzrayim.
Genesis 46:1	OT	Genesis	yes	no	no	Yisrael traveled with all that he had, and came to Be'er Sheva, and offered sacrifices to the God of his father, Yitzhak.	
Genesis 46:2	OT	Genesis	yes	no	no	Elohim spoke to Yisrael in the visions of the night, and said, “Yaakov, Yaakov!” He said, “Here I am.”	Yisrael traveled with all that he had, and came to Be'er Sheva, and offered sacrifices to the God of his father, Yitzhak.
Genesis 48:9	OT	Genesis	yes	no	no	Yosef said to his father, “They are my sons, whom Elohim has given me here.” He said, “Please bring them to me, and I will bless them.”	Yisrael saw Yosef’s sons, and said, “Who are these?”
Genesis 48:15	OT	Genesis	yes	no	no	He blessed Yosef, and said, “The Elohim before whom my fathers Avraham and Yitzhak walked, Elohim, the one who has fed me all my life long to this day,	Yisrael stretched out his right hand, and laid it on Efrayim’s head, who was the younger, and his left hand on Menashe’s head, guiding his hands knowingly, for Menashe was the firstborn.
Genesis 48:20	OT	Genesis	yes	no	no	He blessed them that day, saying, “Yisrael will bless in your name, saying, ‘Elohim make you as Efrayim and as Menashe’ ” He set Efrayim before Menashe.	His father refused, and said, “I know, my son, I know. He also will become a people, and he also will be great. However, his younger brother will be greater than he, and his offspring will become a multitude of nations.”
Genesis 50:17	OT	Genesis	yes	no	no	‘You shall tell Yosef, “Now please forgive the disobedience of your brothers, and their sin, because they did wrong to you.” ’ Now, please forgive the disobedience of the servants of the God of your father.” Yosef wept when they spoke to him.	They sent a message to Yosef, saying, “Your father commanded before he died, saying,
Genesis 50:18	OT	Genesis	no	yes	no	His brothers also went and fell down before his face; and they said, “Look, we are your servants.”	‘You shall tell Yosef, “Now please forgive the disobedience of your brothers, and their sin, because they did wrong to you.” ’ Now, please forgive the disobedience of the servants of the God of your father.” Yosef wept when they spoke to him.
Genesis 50:24	OT	Genesis	yes	no	no	Yosef said to his brothers, “I am dying, but Elohim will surely visit you, and bring you up out of this land to the land which Elohim swore to Avraham, to Yitzhak, and to Yaakov.”	Yosef saw Efrayim’s children to the third generation. The children also of Machir, the son of Menashe, were born on Yosef’s knees.
Exodus 3:1	OT	Exodus	yes	no	no	Now Moshe was keeping the flock of Yitro, his father-in-law, the priest of Midian, and he led the flock to the back of the wilderness, and came to Elohim's mountain, to Horeb.	
Exodus 3:2	OT	Exodus	yes	no	yes	The angel of YHWH appeared to him in a flame of fire out of the midst of a bush. He looked, and behold, the bush burned with fire, and the bush was not consumed.	Now Moshe was keeping the flock of Yitro, his father-in-law, the priest of Midian, and he led the flock to the back of the wilderness, and came to Elohim's mountain, to Horeb.
Exodus 3:4	OT	Exodus	yes	no	yes	"When YHWH saw that he turned aside to see, Elohim called to him out of the midst of the bush, and said, ""Moshe! Moshe!"" He said, ""Here I am."""	"Moshe said, ""I will turn aside now, and see this great sight, why the bush is not burnt."""
Exodus 3:6	OT	Exodus	yes	no	no	"Moreover Elohim said, ""I am the God of your father, the God of Avraham, the God of Yitzhak, and the God of Ya'akov."" Moshe hid his face; for he was afraid to look at Elohim."	"Elohim said, ""Don't come close. Take your sandals off of your feet, for the place you are standing on is holy ground."""
Exodus 3:13	OT	Exodus	yes	no	yes	"Moshe said to Elohim, ""Behold, when I come to the children of Israel, and tell them, 'The God of your fathers has sent me to you;' and they ask me, 'What is his name?' What should I tell them?"""	"Elohim said, ""Certainly I will be with you. This will be the token to you, that I have sent you: when you have brought forth the people out of Mitzrayim, you shall serve Elohim on this mountain."""
Exodus 3:18	OT	Exodus	yes	no	yes	They will listen to your voice, and you shall come, you and the elders of Israel, to the king of Mitzrayim, and you shall tell him, 'YHWH, the God of the Hebrews, has met with us. Now please let us go three days' journey into the wilderness, that we may sacrifice to YHWH, our God.'	"and I have said, I will bring you up out of the affliction of Mitzrayim to the land of the Canaanite, the Hittite, the Amorite, the Perizzite, the Hivite, and the Jebusite, to a land flowing with milk and honey.""'"
Exodus 4:2	OT	Exodus	yes	no	no	"YHWH said to him, ""What is that in your hand?"" He said, ""A rod."""	"Moshe answered, ""But, behold, they will not believe me, nor listen to my voice; for they will say, 'YHWH has not appeared to you.'"""
Exodus 4:3	OT	Exodus	yes	no	no	"YHWH said, ""Throw it on the ground."" He threw it on the ground, and it became a snake; and Moshe ran away from it."	"YHWH said to him, ""What is that in your hand?"" He said, ""A rod."""
Exodus 4:4	OT	Exodus	yes	no	no	"YHWH said to Moshe, ""Put forth your hand, and take it by the tail."" He put forth his hand, and laid hold of it, and it became a rod in his hand."	"YHWH said, ""Throw it on the ground."" He threw it on the ground, and it became a snake; and Moshe ran away from it."
Exodus 4:6	OT	Exodus	yes	no	yes	"YHWH said furthermore to him, ""Now put your hand inside your cloak."" He put his hand inside his cloak, and when he took it out, behold, his hand was leprous, as white as snow."	"""That they may believe that YHWH, the God of their fathers, the God of Avraham, the God of Yitzhak, and the God of Ya'akov, has appeared to you."""
Exodus 4:7	OT	Exodus	yes	no	yes	"YHWH said, ""Put your hand inside your cloak again."" He put his hand inside his cloak again, and when he took it out of his cloak, behold, it had turned again as his other flesh."	"YHWH said furthermore to him, ""Now put your hand inside your cloak."" He put his hand inside his cloak, and when he took it out, behold, his hand was leprous, as white as snow."
Exodus 4:11	OT	Exodus	yes	no	no	"YHWH said to him, ""Who made a person's mouth? Or who makes one mute, or deaf, or seeing, or blind? Isn't it I, YHWH?"	"Moshe said to YHWH, ""Oh, YHWH, I am not eloquent, neither before now, nor since you have spoken to your servant; for I am slow of speech, and of a slow tongue."""
Exodus 4:14	OT	Exodus	yes	no	no	"The anger of YHWH was kindled against Moshe, and YHWH said, ""What about Aharon, your brother, the Levite? I know that he can speak well. Also, behold, he comes forth to meet you. When he sees you, he will be glad in his heart."	"They said, ""Oh, YHWH, please send someone else."""
Exodus 4:16	OT	Exodus	yes	no	yes	He will be your spokesman to the people; and it will happen, that he will be to you a mouth, and you will be to him as Elohim.	You shall speak to him, and put the words in his mouth. I will be with your mouth, and with his mouth, and will teach you what you shall do.
Exodus 4:20	OT	Exodus	yes	no	yes	Moshe took his wife and his sons, and set them on a donkey, and he returned to the land of Mitzrayim. Moshe took Elohim's rod in his hand.	"YHWH said to Moshe in Midian, ""Go, return into Mitzrayim; for all the people who sought your life are dead."""
Exodus 4:21	OT	Exodus	yes	no	no	"YHWH said to Moshe, ""When you go back into Mitzrayim, see that you do before Pharaoh all the wonders which I have put in your hand, but I will harden his heart and he will not let the people go."	Moshe took his wife and his sons, and set them on a donkey, and he returned to the land of Mitzrayim. Moshe took Elohim's rod in his hand.
Exodus 4:24	OT	Exodus	yes	no	no	It happened on the way at a lodging place, that YHWH met him and wanted to kill him.	"and I have said to you, ""Let my son go, that he may serve me;"" and you have refused to let him go. Behold, I will kill your son, your firstborn.'"""
Exodus 4:27	OT	Exodus	yes	no	yes	"YHWH said to Aharon, ""Go into the wilderness to meet Moshe."" He went, and met him on Elohim's mountain, and kissed him."	"So he let him alone. Then she said, ""You are a bridegroom of blood,"" because of the circumcision."
Exodus 4:28	OT	Exodus	yes	no	yes	Moshe told Aharon all the words of YHWH with which YHWH had sent him, and all the signs with which YHWH had charged him.	"YHWH said to Aharon, ""Go into the wilderness to meet Moshe."" He went, and met him on Elohim's mountain, and kissed him."
Exodus 5:17	OT	Exodus	yes	no	no	"But he said, ""You are idle! You are idle! Therefore you say, 'Let us go and sacrifice to YHWH.'"	"No straw is given to your servants, and they tell us, 'Make brick!' and behold, your servants are beaten; but the fault is in your own people."""
Exodus 5:21	OT	Exodus	yes	no	no	"and they said to them, ""May YHWH look at you, and judge, because you have made us a stench to be abhorred in the eyes of Pharaoh, and in the eyes of his servants, to put a sword in their hand to kill us."""	They met Moshe and Aharon, who stood in the way, as they came forth from Pharaoh:
Exodus 6:1	OT	Exodus	yes	no	no	"YHWH said to Moshe, ""Now you shall see what I will do to Pharaoh, for by a strong hand he shall let them go, and by a strong hand he shall drive them out of his land."""	
Exodus 6:2	OT	Exodus	yes	no	yes	"Elohim spoke to Moshe, and said to him, ""I am YHWH;"	"YHWH said to Moshe, ""Now you shall see what I will do to Pharaoh, for by a strong hand he shall let them go, and by a strong hand he shall drive them out of his land."""
Exodus 7:10	OT	Exodus	yes	no	no	Moshe and Aharon went in to Pharaoh, and they did so, as YHWH had commanded: and Aharon cast down his rod before Pharaoh and before his servants, and it became a serpent.	"""When Pharaoh speaks to you, saying, 'Perform a miracle!' then you shall tell Aharon, 'Take your rod, and cast it down before Pharaoh, that it become a serpent.'"""
Exodus 7:13	OT	Exodus	yes	no	no	Pharaoh's heart was hardened, and he didn't listen to them; as YHWH had spoken.	For they cast down everyone their rod, and they became serpents: but Aharon's rod swallowed up their rods.
Exodus 7:14	OT	Exodus	yes	no	no	"YHWH said to Moshe, ""Pharaoh's heart is stubborn. He refuses to let the people go."	Pharaoh's heart was hardened, and he didn't listen to them; as YHWH had spoken.
Exodus 7:16	OT	Exodus	yes	no	yes	"You shall tell him, 'YHWH, the God of the Hebrews, has sent me to you, saying, ""Let my people go, that they may serve me in the wilderness:"" and behold, until now you haven't listened."	Go to Pharaoh in the morning. Behold, he goes out to the water; and you shall stand by the river's bank to meet him; and the rod which was turned to a serpent you shall take in your hand.
Exodus 7:20	OT	Exodus	yes	no	yes	Moshe and Aharon did so, as YHWH commanded; and he lifted up the rod, and struck the waters that were in the river, in the sight of Pharaoh, and in the sight of his servants; and all the waters that were in the river were turned to blood.	"YHWH said to Moshe, ""Tell Aharon, 'Take your rod, and stretch out your hand over the waters of Mitzrayim, over their rivers, over their streams, and over their pools, and over all their ponds of water, that they may become blood; and there shall be blood throughout all the land of Mitzrayim, both in vessels of wood and in vessels of stone.'"""
Exodus 7:22	OT	Exodus	yes	no	no	The magicians of Mitzrayim did in like manner with their enchantments; and Pharaoh's heart was hardened, and he didn't listen to them; as YHWH had spoken.	The fish that were in the river died; and the river became foul, and the Egyptians couldn't drink water from the river; and the blood was throughout all the land of Mitzrayim.
Exodus 8:1	OT	Exodus	yes	no	yes	"YHWH spoke to Moshe, Go in to Pharaoh, and tell him, ""This is what YHWH says, 'Let my people go, that they may serve me."	
Exodus 8:10	OT	Exodus	yes	no	no	"He said, ""Tomorrow."" He said, ""Be it according to your word, that you may know that there is none like YHWH our God."	"Moshe said to Pharaoh, ""I give you the honor of setting the time that I should pray for you, and for your servants, and for your people, that the frogs be destroyed from you and your houses, and remain in the river only."""
Exodus 8:15	OT	Exodus	yes	no	no	But when Pharaoh saw that there was a respite, he hardened his heart, and didn't listen to them, as YHWH had spoken.	They gathered them together in heaps, and the land stank.
Exodus 8:19	OT	Exodus	yes	no	no	"Then the magicians said to Pharaoh, ""This is the finger of Elohim:"" and Pharaoh's heart was hardened, and he didn't listen to them; as YHWH had spoken."	The magicians tried with their enchantments to bring forth lice, but they couldn't. There were lice on man, and on animal.
Exodus 8:20	OT	Exodus	yes	no	yes	"YHWH said to Moshe, ""Rise up early in the morning, and stand before Pharaoh; behold, he comes forth to the water; and tell him, 'This is what YHWH says, ""Let my people go, that they may serve me."	"Then the magicians said to Pharaoh, ""This is the finger of Elohim:"" and Pharaoh's heart was hardened, and he didn't listen to them; as YHWH had spoken."
Exodus 8:24	OT	Exodus	yes	no	no	YHWH did so; and there came grievous swarms of flies into the house of Pharaoh, and into his servants' houses: and in all the land of Mitzrayim the land was corrupted by reason of the swarms of flies.	"I will put a division between my people and your people: by tomorrow shall this sign be.""'"""
Exodus 8:29	OT	Exodus	yes	no	no	"Moshe said, ""Behold, I go out from you, and I will pray to YHWH that the swarms of flies may depart from Pharaoh, from his servants, and from his people, tomorrow; only don't let Pharaoh deal deceitfully any more in not letting the people go to sacrifice to YHWH."""	"Pharaoh said, ""I will let you go, that you may sacrifice to YHWH your God in the wilderness, only you shall not go very far away. Pray for me."""
Exodus 8:31	OT	Exodus	yes	no	no	YHWH did according to the word of Moshe, and YHWH removed the swarms of flies from Pharaoh, from his servants, and from his people. There remained not one.	Moshe went out from Pharaoh, and prayed to YHWH.
Exodus 9:1	OT	Exodus	yes	no	yes	"Then YHWH said to Moshe, ""Go in to Pharaoh, and tell him, 'This is what YHWH, the God of the Hebrews, says: ""Let my people go, that they may serve me."	
Exodus 9:12	OT	Exodus	yes	no	no	YHWH hardened the heart of Pharaoh, and he didn't listen to them, as YHWH had spoken to Moshe.	The magicians couldn't stand before Moshe because of the boils; for the boils were on the magicians, and on all the Egyptians.
Exodus 9:13	OT	Exodus	yes	no	yes	"YHWH said to Moshe, ""Rise up early in the morning, and stand before Pharaoh, and tell him, 'This is what YHWH, the God of the Hebrews, says: ""Let my people go, that they may serve me."	YHWH hardened the heart of Pharaoh, and he didn't listen to them, as YHWH had spoken to Moshe.
Exodus 9:23	OT	Exodus	yes	no	no	Moshe stretched forth his rod toward the heavens, and YHWH sent thunder, hail, and lightning flashed down to the earth. YHWH rained hail on the land of Mitzrayim.	"YHWH said to Moshe, ""Stretch forth your hand toward the heavens, that there may be hail in all the land of Mitzrayim, on man, and on animal, and on every herb of the field, throughout the land of Mitzrayim."""
Exodus 9:29	OT	Exodus	yes	no	no	"Moshe said to him, ""As soon as I have gone out of the city, I will spread abroad my hands to YHWH. The thunders shall cease, neither shall there be any more hail; that you may know that the earth is YHWH's."	"Pray to YHWH; for there has been enough of mighty thunderings and hail. I will let you go, and you shall stay no longer."""
Exodus 9:33	OT	Exodus	yes	no	no	Moshe went out of the city from Pharaoh, and spread abroad his hands to YHWH; and the thunders and hail ceased, and the rain was not poured on the earth.	But the wheat and the spelt were not struck, for they had not grown up.
Exodus 9:35	OT	Exodus	yes	no	no	The heart of Pharaoh was hardened, and he didn't let the children of Israel go, just as YHWH had spoken through Moshe.	When Pharaoh saw that the rain and the hail and the thunders were ceased, he sinned yet more, and hardened his heart, he and his servants.
Exodus 10:1	OT	Exodus	yes	no	no	"YHWH said to Moshe, ""Go in to Pharaoh, for I have hardened his heart, and the heart of his servants, that I may show these my signs in the midst of them,"	
Exodus 10:3	OT	Exodus	yes	no	yes	"Moshe and Aharon went in to Pharaoh, and said to him, ""This is what YHWH, the God of the Hebrews, says: 'How long will you refuse to humble yourself before me? Let my people go, that they may serve me."	"and that you may tell in the hearing of your son, and of your son's son, what things I have done to Mitzrayim, and my signs which I have done among them; that you may know that I am YHWH."""
Exodus 10:7	OT	Exodus	yes	no	no	"Pharaoh's servants said to him, ""How long will this man be a snare to us? Let the men go, that they may serve YHWH, their God. Don't you yet know that Mitzrayim is destroyed?"""	"Your houses shall be filled, and the houses of all your servants, and the houses of all the Egyptians; as neither your fathers nor your fathers' fathers have seen, since the day that they were on the earth to this day.'"" He turned, and went out from Pharaoh."
Exodus 10:8	OT	Exodus	yes	no	no	"Moshe and Aharon were brought again to Pharaoh, and he said to them, ""Go, serve YHWH your God; but who are those who will go?"""	"Pharaoh's servants said to him, ""How long will this man be a snare to us? Let the men go, that they may serve YHWH, their God. Don't you yet know that Mitzrayim is destroyed?"""
Exodus 10:10	OT	Exodus	yes	yes	no	"He said to them, ""YHWH be with you if I will let you go with your little ones! See, trouble is clearly before you."	"Moshe said, ""We will go with our young and with our old; with our sons and with our daughters, with our flocks and with our herds will we go; for we must hold a feast to YHWH."""
Exodus 10:13	OT	Exodus	yes	no	no	Moshe stretched forth his rod over the land of Mitzrayim, and YHWH brought an east wind on the land all that day, and all the night; and when it was morning, the east wind brought the locusts.	"YHWH said to Moshe, ""Stretch out your hand over the land of Mitzrayim for the locusts, that they may come up on the land of Mitzrayim, and eat every herb of the land, even all that the hail has left."""
Exodus 10:16	OT	Exodus	yes	no	no	"Then Pharaoh called for Moshe and Aharon in haste, and he said, ""I have sinned against YHWH your God, and against you."	For they covered the surface of the whole earth, so that the land was darkened, and they ate every herb of the land, and all the fruit of the trees which the hail had left. There remained nothing green, either tree or herb of the field, through all the land of Mitzrayim.
Exodus 10:18	OT	Exodus	yes	yes	no	He went out from Pharaoh, and prayed to YHWH.	"Now therefore please forgive my sin again, and pray to YHWH your God, that YHWH may also take away from me this death."""
Exodus 10:20	OT	Exodus	yes	no	no	But YHWH hardened Pharaoh's heart, and he didn't let the children of Israel go.	YHWH turned an exceeding strong west wind, which took up the locusts, and drove them into the Red Sea. There remained not one locust in all the borders of Mitzrayim.
Exodus 10:27	OT	Exodus	yes	no	no	But YHWH hardened Pharaoh's heart, and he wouldn't let them go.	"Our livestock also shall go with us. There shall not a hoof be left behind, for of it we must take to serve YHWH our God; and we don't know with what we must serve YHWH, until we come there."""
Exodus 11:1	OT	Exodus	yes	no	no	"YHWH said to Moshe, ""Yet one plague more will I bring on Pharaoh, and on Mitzrayim; afterwards he will let you go. When he lets you go, he will surely thrust you out altogether."	
Exodus 11:10	OT	Exodus	yes	no	no	Moshe and Aharon did all these wonders before Pharaoh, and YHWH hardened Pharaoh's heart, and he didn't let the children of Israel go out of his land.	"YHWH said to Moshe, ""Pharaoh won't listen to you, that my wonders may be multiplied in the land of Mitzrayim."""
Exodus 12:23	OT	Exodus	yes	no	no	For YHWH will pass through to strike the Egyptians; and when he sees the blood on the lintel, and on the two doorposts, YHWH will pass over the door, and will not allow the destroyer to come in to your houses to strike you.	You shall take a bunch of hyssop, and dip it in the blood that is in the basin, and strike the lintel and the two doorposts with the blood that is in the basin; and none of you shall go out of the door of his house until the morning.
Exodus 12:27	OT	Exodus	yes	no	no	"that you shall say, 'It is the sacrifice of YHWH's Passover, who passed over the houses of the children of Israel in Mitzrayim, when he struck the Egyptians, and spared our houses.'"" The people bowed their heads and worshiped."	It will happen, when your children ask you, 'What do you mean by this service?'
Exodus 12:29	OT	Exodus	yes	no	no	It happened at midnight, that YHWH struck all the firstborn in the land of Mitzrayim, from the firstborn of Pharaoh who sat on his throne to the firstborn of the captive who was in the dungeon; and all the firstborn of livestock.	The children of Israel went and did so; as YHWH had commanded Moshe and Aharon, so they did.
Exodus 12:31	OT	Exodus	yes	no	no	"He called for Moshe and Aharon by night, and said, ""Rise up, get out from among my people, both you and the children of Israel; and go, serve YHWH, as you have said!"	Pharaoh rose up in the night, he, and all his servants, and all the Egyptians; and there was a great cry in Mitzrayim, for there was not a house where there was not one dead.
Exodus 12:48	OT	Exodus	yes	no	no	When a stranger shall live as a foreigner with you, and will keep the Passover to YHWH, let all his males be circumcised, and then let him come near and keep it; and they shall be as one who is born in the land: but no uncircumcised person shall eat of it.	All the congregation of Israel shall keep it.
Exodus 13:5	OT	Exodus	yes	no	no	It shall be, when YHWH shall bring you into the land of the Canaanite, and the Hittite, and the Amorite, and the Hivite, and the Jebusite, which he swore to your fathers to give you, a land flowing with milk and honey, that you shall keep this service in this month.	This day you go forth in the month Abib.
Exodus 13:14	OT	Exodus	yes	no	yes	It shall be, when your son asks you in time to come, saying, 'What is this?' that you shall tell him, 'By strength of hand YHWH brought us out from Mitzrayim, from the house of bondage;	Every firstborn of a donkey you shall redeem with a lamb; and if you will not redeem it, then you shall break its neck; and you shall redeem all the firstborn of man among your sons.
Exodus 13:19	OT	Exodus	yes	no	no	"Moshe took the bones of Yosef with him, for he had made the children of Israel swear, saying, ""Elohim will surely visit you, and you shall carry up my bones away from here with you."""	but Elohim led the people around by the way of the wilderness by the Red Sea; and the children of Israel went up armed out of the land of Mitzrayim.
Exodus 14:4	OT	Exodus	yes	no	no	"I will harden Pharaoh's heart, and he will follow after them; and I will get honor over Pharaoh, and over all his armies; and the Egyptians shall know that I am YHWH."" They did so."	Pharaoh will say of the children of Israel, 'They are entangled in the land. The wilderness has shut them in.'
Exodus 14:8	OT	Exodus	yes	no	no	YHWH hardened the heart of Pharaoh king of Mitzrayim, and he pursued after the children of Israel; for the children of Israel went out with a high hand.	and he took six hundred chosen chariots, and all the chariots of Mitzrayim, and captains over all of them.
Exodus 14:18	OT	Exodus	yes	no	no	"The Egyptians shall know that I am YHWH, when I have gotten myself honor over Pharaoh, over his chariots, and over his horsemen."""	I, behold, I will harden the hearts of the Egyptians, and they shall go in after them: and I will get myself honor over Pharaoh, and over all his armies, over his chariots, and over his horsemen.
Exodus 14:21	OT	Exodus	yes	no	no	Moshe stretched out his hand over the sea, and YHWH caused the sea to go back by a strong east wind all the night, and made the sea dry land, and the waters were divided.	It came between the camp of Mitzrayim and the camp of Israel; and there was the cloud and the darkness, yet gave it light by night: and the one didn't come near the other all the night.
Exodus 14:25	OT	Exodus	yes	yes	no	"He took off their chariot wheels, and they drove them heavily; so that the Egyptians said, ""Let's flee from the face of Israel, for YHWH fights for them against the Egyptians!"""	It happened in the morning watch, that YHWH looked out on the Egyptian army through the pillar of fire and of cloud, and confused the Egyptian army.
Exodus 14:27	OT	Exodus	yes	no	no	Moshe stretched out his hand over the sea, and the sea returned to its strength when the morning appeared; and the Egyptians fled against it. YHWH overthrew the Egyptians in the midst of the sea.	"YHWH said to Moshe, ""Stretch out your hand over the sea, that the waters may come again on the Egyptians, on their chariots, and on their horsemen."""
Exodus 15:1	OT	Exodus	yes	no	no	"Then Moshe and the children of Israel sang this song to YHWH, and said, ""I will sing to YHWH, for YHWH has triumphed gloriously. The horse and his rider he has thrown into the sea."	
Exodus 15:2	OT	Exodus	yes	no	yes	Yah is my strength and song. He has become my salvation. This is my God, and I will praise him; my father's Elohim, and I will exalt him.	"Then Moshe and the children of Israel sang this song to YHWH, and said, ""I will sing to YHWH, for YHWH has triumphed gloriously. The horse and his rider he has thrown into the sea."
Exodus 15:4	OT	Exodus	yes	no	no	YHWH has cast Pharaoh's chariots and his army into the sea. His chosen captains are sunk in the Red Sea.	YHWH is a warrior. YHWH is the name.
Exodus 15:19	OT	Exodus	yes	no	no	For the horses of Pharaoh went in with his chariots and with his horsemen into the sea, and YHWH brought back the waters of the sea on them; but the children of Israel walked on dry land in the midst of the sea.	"YHWH shall reign forever and ever."""
Exodus 15:21	OT	Exodus	yes	no	no	"Miryam answered them, ""Sing to YHWH, for YHWH has triumphed gloriously. The horse and his rider he has thrown into the sea."""	Miryam the prophetess, the sister of Aharon, took a tambourine in her hand; and all the women went out after her with tambourines and with dances.
Exodus 15:25	OT	Exodus	yes	no	yes	Then he cried to YHWH. YHWH showed him a tree, and he threw it into the waters, and the waters were made sweet. There he made a statute and an ordinance for them, and there he tested them;	"The people murmured against Moshe, saying, ""What shall we drink?"""
Exodus 15:26	OT	Exodus	yes	no	yes	"and YHWH said, ""If you will diligently listen to the voice of YHWH your God, and will do that which is right in his eyes, and will pay attention to YHWH’s commandments, and keep all YHWH’s statutes, I will put none of the diseases on you, which I have put on the Egyptians; for I am YHWH who heals you."""	Then he cried to YHWH. YHWH showed him a tree, and he threw it into the waters, and the waters were made sweet. There he made a statute and an ordinance for them, and there he tested them;
Exodus 16:7	OT	Exodus	yes	no	yes	"and in the morning, then you shall see the glory of YHWH; because he hears your murmurings against YHWH. Who are we, that you murmur against us?"""	"Moshe and Aharon said to all the children of Israel, ""At evening, then you shall know that YHWH has brought you out from the land of Mitzrayim;"
Exodus 16:8	OT	Exodus	yes	no	no	"Moshe said, ""Now YHWH shall give you meat to eat in the evening, and in the morning bread to satisfy you; because YHWH hears your murmurings which you murmur against him. And who are we? Your murmurings are not against us, but against YHWH."""	"and in the morning, then you shall see the glory of YHWH; because he hears your murmurings against YHWH. Who are we, that you murmur against us?"""
Exodus 16:23	OT	Exodus	yes	no	no	"He said to them, ""This is that which YHWH has spoken, 'Tomorrow is a solemn rest, a holy Sabbath to YHWH. Bake that which you want to bake, and boil that which you want to boil; and all that remains over lay up for yourselves to be kept until the morning.'"""	It happened that on the sixth day they gathered twice as much bread, two omers for each one, and all the rulers of the congregation came and told Moshe.
Exodus 17:7	OT	Exodus	yes	no	no	"He called the name of the place Massah, and Meribah, because the children of Israel quarreled, and because they tested YHWH, saying, ""Is YHWH among us, or not?"""	"Behold, I will stand before you there on the rock in Horeb. You shall strike the rock, and water will come out of it, that the people may drink."" Moshe did so in the sight of the elders of Israel."
Exodus 17:16	OT	Exodus	yes	yes	no	"He said, ""Yah has sworn: 'YHWH will have war with Amalek from generation to generation.'"""	Moshe built an altar, and called the name of it YHWH our Banner.
Exodus 18:1	OT	Exodus	yes	no	no	Now Yitro, the priest of Midian, Moshe' father-in-law, heard of all that Elohim had done for Moshe, and for Israel his people, how that YHWH had brought Israel out of Mitzrayim.	
Exodus 18:4	OT	Exodus	yes	no	no	"The name of the other was Eliezer, for he said, ""My father's Elohim was my help and delivered me from Pharaoh's sword."""	"and her two sons. The name of one son was Gershom, for Moshe said, ""I have lived as a foreigner in a foreign land""."
Exodus 18:5	OT	Exodus	yes	no	no	Yitro, Moshe' father-in-law, came with his sons and his wife to Moshe into the wilderness where he was encamped, at the Mountain of Elohim.	"The name of the other was Eliezer, for he said, ""My father's Elohim was my help and delivered me from Pharaoh's sword."""
Exodus 18:6	OT	Exodus	no	yes	no	He said to Moshe, I, your father-in-law Yitro, have come to you with your wife, and her two sons with her.	Yitro, Moshe' father-in-law, came with his sons and his wife to Moshe into the wilderness where he was encamped, at the Mountain of Elohim.
Exodus 18:8	OT	Exodus	yes	no	no	Moshe told his father-in-law all that YHWH had done to Pharaoh and to the Egyptians for Israel's sake, all the hardships that had come on them on the way, and how YHWH delivered them.	Moshe went out to meet his father-in-law, and bowed and kissed him. They asked each other of their welfare, and they came into the tent.
Exodus 18:15	OT	Exodus	yes	no	no	"Moshe said to his father-in-law, ""Because the people come to me to inquire of Elohim."	"When Moshe' father-in-law saw all that he did to the people, he said, ""What is this thing that you do for the people? Why do you sit alone, and all the people stand around you from morning to evening?"""
Exodus 19:3	OT	Exodus	yes	no	no	"Moshe went up to Elohim, and YHWH called to him out of the mountain, saying, ""This is what you shall tell the house of Ya'akov, and tell the children of Israel:"	When they had departed from Rephidim, and had come to the wilderness of Sinai, they encamped in the wilderness; and there Israel encamped before the mountain.
Exodus 19:7	OT	Exodus	yes	no	no	Moshe came and called for the elders of the people, and set before them all these words which YHWH commanded him.	"and you shall be to me a kingdom of priests, and a holy nation.' These are the words which you shall speak to the children of Israel."""
Exodus 19:19	OT	Exodus	yes	no	no	When the sound of the trumpet grew louder and louder, Moshe spoke, and Elohim answered him by a voice.	Mount Sinai, the whole of it, smoked, because YHWH descended on it in fire; and its smoke ascended like the smoke of a furnace, and the whole mountain quaked greatly.
Exodus 19:24	OT	Exodus	yes	no	no	"YHWH said to him, ""Go down and you shall bring Aharon up with you, but don't let the priests and the people break through to come up to YHWH, lest YHWH break forth on them."""	"Moshe said to YHWH, ""The people can't come up to Mount Sinai, for you charged us, saying, 'Set bounds around the mountain, and sanctify it.'"""
Exodus 20:7	OT	Exodus	yes	no	yes	"""You shall not take the name of YHWH your God in vain, for YHWH will not hold him guiltless who takes YHWH’s name in vain."	and showing loving kindness to thousands of those who love me and keep my commandments.
Exodus 21:6	OT	Exodus	yes	no	yes	then his master shall bring him to Elohim, and shall bring him to the door or to the doorpost, and his master shall bore his ear through with an awl, and he shall serve him for ever.	But if the servant shall plainly say, 'I love my master, my wife, and my children. I will not go out free;'
Exodus 21:13	OT	Exodus	yes	no	no	but not if it is unintentional, but Elohim allows it to happen: then I will appoint you a place where he shall flee.	"""One who strikes a person so that they die shall surely be put to death,"
Exodus 22:8	OT	Exodus	yes	no	yes	If the thief isn't found, then the master of the house shall come near to Elohim, to find out if he hasn't put his hand to his neighbor's goods.	"""If someone delivers to their neighbor money or stuff to keep, and it is stolen out of the person's house; if the thief is found, they shall pay double."
Exodus 22:9	OT	Exodus	yes	no	no	For every matter of trespass, whether it be for ox, for donkey, for sheep, for clothing, or for any kind of lost thing, about which one says, 'This is mine,' the cause of both parties shall come before Elohim. The one whom Elohim condemns shall pay double to his neighbor.	If the thief isn't found, then the master of the house shall come near to Elohim, to find out if he hasn't put his hand to his neighbor's goods.
Exodus 22:11	OT	Exodus	yes	no	yes	the oath of YHWH shall be between them both, whether he hasn't put his hand to his neighbor's goods; and the owner of it shall accept it, and he shall not make restitution.	"""If someone delivers to their neighbor a donkey, an ox, a sheep, or any animal to keep, and it dies or is injured, or driven away, no one seeing it;"
Exodus 24:1	OT	Exodus	yes	no	no	"He said to Moshe, ""Come up to YHWH, you, and Aharon, Nadab, and Abihu, and seventy of the elders of Israel; and worship from a distance."	
Exodus 24:2	OT	Exodus	yes	no	no	"Moshe alone shall come near to YHWH, but they shall not come near, neither shall the people go up with him."""	"He said to Moshe, ""Come up to YHWH, you, and Aharon, Nadab, and Abihu, and seventy of the elders of Israel; and worship from a distance."
Exodus 24:5	OT	Exodus	yes	yes	no	He sent young people of the children of Israel, who offered burnt offerings and sacrificed peace offerings of oxen to YHWH.	Moshe wrote all the words of YHWH, and rose up early in the morning, and built an altar under the mountain, and twelve pillars for the twelve tribes of Israel.
Exodus 24:7	OT	Exodus	yes	no	no	"He took the book of the covenant and read it in the hearing of the people, and they said, ""All that YHWH has spoken will we do, and be obedient."""	Moshe took half of the blood and put it in basins, and half of the blood he sprinkled on the altar.
Exodus 24:10	OT	Exodus	yes	no	no	They saw the God of Israel. Under his feet was like a paved work of sapphire stone, like the skies for clearness.	Then Moshe, Aharon, Nadab, Abihu, and seventy of the elders of Israel went up.
Exodus 24:13	OT	Exodus	yes	no	no	Moshe rose up with Yehoshua, his servant, and Moshe went up onto Elohim's Mountain.	"YHWH said to Moshe, ""Come up to me on the mountain, and stay here, and I will give you the tables of stone with the law and the commands that I have written, that you may teach them."""
Exodus 24:14	OT	Exodus	no	yes	no	"He said to the elders, ""Wait here for us, until we come again to you. Behold, Aharon and Hur are with you. Whoever is involved in a dispute can go to them."""	Moshe rose up with Yehoshua, his servant, and Moshe went up onto Elohim's Mountain.
Exodus 24:16	OT	Exodus	yes	no	no	The glory of YHWH settled on Mount Sinai, and the cloud covered it six days. The seventh day he called to Moshe out of the midst of the cloud.	Moshe went up on the mountain, and the cloud covered the mountain.
Exodus 27:21	OT	Exodus	yes	no	no	In the tent of meeting, outside the veil which is before the testimony, Aharon and his sons shall keep it in order from evening to morning before YHWH: it shall be a statute forever throughout their generations on the behalf of the children of Israel.	"""You shall command the children of Israel, that they bring to you pure olive oil beaten for the light, to cause a lamp to burn continually."
Exodus 28:12	OT	Exodus	yes	no	no	You shall put the two stones on the shoulder straps of the ephod, to be stones of memorial for the children of Israel: and Aharon shall bear their names before YHWH on his two shoulders for a memorial.	With the work of an engraver in stone, like the engravings of a signet, shall you engrave the two stones, according to the names of the children of Israel: you shall make them to be enclosed in settings of gold.
Exodus 28:29	OT	Exodus	yes	no	no	Aharon shall bear the names of the children of Israel in the breastplate of judgment on his heart, when he goes in to the holy place, for a memorial before YHWH continually.	They shall bind the breastplate by the rings of it to the rings of the ephod with a lace of blue, that it may be on the skillfully woven band of the ephod, and that the breastplate may not swing out from the ephod.
Exodus 28:30	OT	Exodus	yes	no	no	You shall put in the breastplate of judgment the Urim and the Thummim; and they shall be on Aharon's heart, when he goes in before YHWH: and Aharon shall bear the judgment of the children of Israel on his heart before YHWH continually.	Aharon shall bear the names of the children of Israel in the breastplate of judgment on his heart, when he goes in to the holy place, for a memorial before YHWH continually.
Exodus 28:35	OT	Exodus	yes	no	yes	It shall be on Aharon to minister: and the sound of it shall be heard when he goes in to the holy place before YHWH, and when he comes out, that he not die.	a golden bell and a pomegranate, a golden bell and a pomegranate, on the hem of the robe round about.
Exodus 28:38	OT	Exodus	yes	no	no	It shall be on Aharon's forehead, and Aharon shall bear the iniquity of the holy things, which the children of Israel shall make holy in all their holy gifts; and it shall be always on his forehead, that they may be accepted before YHWH.	You shall put it on a lace of blue, and it shall be on the sash; on the front of the sash it shall be.
Exodus 29:24	OT	Exodus	yes	no	no	You shall put all of this in Aharon's hands, and in his sons' hands, and shall wave them for a wave offering before YHWH.	and one loaf of bread, one cake of oiled bread, and one wafer out of the basket of unleavened bread that is before YHWH.
Exodus 29:28	OT	Exodus	yes	no	no	and it shall be for Aharon and his sons as their portion forever from the children of Israel; for it is a wave offering: and it shall be a wave offering from the children of Israel of the sacrifices of their peace offerings, even their wave offering to YHWH.	You shall sanctify the breast of the wave offering, and the thigh of the wave offering, which is waved, and which is heaved up, of the ram of consecration, even of that which is for Aharon, and of that which is for his sons:
Exodus 30:8	OT	Exodus	yes	no	no	When Aharon lights the lamps at evening, he shall burn it, a perpetual incense before YHWH throughout your generations.	Aharon shall burn incense of sweet spices on it every morning. When he tends the lamps, he shall burn it.
Exodus 30:10	OT	Exodus	yes	no	no	"Aharon shall make atonement on its horns once in the year; with the blood of the sin offering of atonement once in the year he shall make atonement for it throughout your generations. It is most holy to YHWH."""	You shall offer no strange incense on it, nor burnt offering, nor meal offering; and you shall pour no drink offering on it.
Exodus 31:3	OT	Exodus	yes	no	yes	and I have filled him with the Ruach of Elohim, in wisdom, and in understanding, and in knowledge, and in all manner of workmanship,	"""Behold, I have called by name Bezalel the son of Uri, the son of Hur, of the tribe of Yehudah:"
Exodus 31:18	OT	Exodus	yes	no	no	YHWH gave to Moshe, when YHWH finished speaking with him on Mount Sinai, the two tablets of the testimony, stone tablets, written with Elohim's finger.	"It is a sign between me and the children of Israel forever; for in six days YHWH made heavens and earth, and on the seventh day YHWH rested, and was refreshed.'"""
Exodus 32:5	OT	Exodus	yes	no	no	"When Aharon saw this, he built an altar before it; and Aharon made a proclamation, and said, ""Tomorrow shall be a feast to YHWH."""	"He received what they handed him, and fashioned it with an engraving tool, and made it a molten calf; and they said, ""These are your gods, Israel, which brought you up out of the land of Mitzrayim."""
Exodus 32:11	OT	Exodus	yes	no	no	"Moshe begged YHWH his God, and said, ""YHWH, why does your wrath burn hot against your people, that you have brought forth out of the land of Mitzrayim with great power and with a mighty hand?"	"Now therefore leave me alone, that my wrath may burn hot against them, and that I may consume them; and I will make of you a great nation."""
Exodus 32:26	OT	Exodus	yes	no	no	"then Moshe stood in the gate of the camp, and said, ""Whoever is on YHWH's side, come to me!"" All the sons of Levi gathered themselves together to him."	When Moshe saw that the people had broken loose, (for Aharon had let them loose for a derision among their enemies),
Exodus 32:29	OT	Exodus	yes	no	no	"Moshe said, ""Consecrate yourselves today to YHWH, yes, everyone against their son, and against their brother; that he may bestow on you a blessing this day."""	The sons of Levi did according to the word of Moshe: and there fell of the people that day about three thousand men.
Exodus 32:33	OT	Exodus	yes	no	no	"YHWH said to Moshe, ""Whoever has sinned against me, him will I blot out of my book."	"Yet now, if you will, forgive their sin--and if not, please blot me out of your book which you have written."""
Exodus 33:7	OT	Exodus	yes	no	no	"Now Moshe used to take the tent and to pitch it outside the camp, far away from the camp, and he called it ""The tent of meeting."" It happened that everyone who sought YHWH went out to the tent of meeting, which was outside the camp."	The children of Israel stripped themselves of their jewelry from Mount Horeb onward.
Exodus 33:11	OT	Exodus	yes	no	no	YHWH spoke to Moshe face to face, as a person speaks to their friend. He turned again into the camp, but his servant Yehoshua, the son of Nun, a young person, didn't depart out of the Tent.	All the people saw the pillar of cloud stand at the door of the Tent, and all the people rose up and worshiped, everyone at their tent door.
Exodus 33:18	OT	Exodus	no	yes	no	"He said, ""Please show me your glory."""	"YHWH said to Moshe, ""I will do this thing also that you have spoken; for you have found favor in my sight, and I know you by name."""
Exodus 33:19	OT	Exodus	yes	no	no	"He said, ""I will make all my goodness pass before you, and will proclaim the name of YHWH before you. I will be gracious to whom I will be gracious, and will show mercy on whom I will show mercy."""	"He said, ""Please show me your glory."""
Exodus 34:4	OT	Exodus	yes	no	yes	He chiseled two tablets of stone like the first; and Moshe rose up early in the morning, and went up to Mount Sinai, as YHWH had commanded him, and took in his hand two stone tablets.	"No one shall come up with you; neither let anyone be seen throughout all the mountain; neither let the flocks nor herds feed before that mountain."""
Exodus 34:5	OT	Exodus	yes	no	yes	YHWH descended in the cloud, and stood with him there, and proclaimed the name of YHWH.	He chiseled two tablets of stone like the first; and Moshe rose up early in the morning, and went up to Mount Sinai, as YHWH had commanded him, and took in his hand two stone tablets.
Exodus 34:6	OT	Exodus	yes	no	yes	"YHWH passed by before him, and proclaimed, ""YHWH! YHWH, a merciful and gracious Elohim, slow to anger, and abundant in loving kindness and truth,"	YHWH descended in the cloud, and stood with him there, and proclaimed the name of YHWH.
Exodus 34:9	OT	Exodus	yes	no	no	"He said, ""If now I have found favor in your sight, YHWH, please let YHWH go in the midst of us; although this is a stiff-necked people; pardon our iniquity and our sin, and take us for your inheritance."""	Moshe hurried and bowed his head toward the earth, and worshiped.
Exodus 34:28	OT	Exodus	yes	yes	yes	He was there with YHWH forty days and forty nights; he neither ate bread, nor drank water. He wrote on the tablets the words of the covenant, the ten commandments.	"YHWH said to Moshe, ""Write you these words: for in accordance with these words I have made a covenant with you and with Israel."""
Exodus 34:32	OT	Exodus	yes	no	no	Afterward all the children of Israel came near, and he gave them all of the commandments that YHWH had spoken with him on Mount Sinai.	Moshe called to them, and Aharon and all the rulers of the congregation returned to him; and Moshe spoke to them.
Exodus 34:34	OT	Exodus	yes	no	yes	But when Moshe went in before YHWH to speak with him, he took the veil off, until he came out; and he came out, and spoke to the children of Israel that which he was commanded.	When Moshe was done speaking with them, he put a veil on his face.
Exodus 35:5	OT	Exodus	yes	no	yes	'Take from among you an offering to YHWH. Whoever is of a willing heart, let him bring it, YHWH's offering: gold, silver, brass,	"Moshe spoke to all the congregation of the children of Israel, saying, ""This is the thing which YHWH commanded, saying,"
Exodus 35:21	OT	Exodus	yes	no	no	They came, everyone whose heart stirred him up, and everyone whom their spirit made willing, and brought YHWH's offering, for the work of the tent of meeting, and for all of its service, and for the holy garments.	All the congregation of the children of Israel departed from the presence of Moshe.
Exodus 35:31	OT	Exodus	yes	no	yes	YHWH has filled him with the Ruach of Elohim, in wisdom, in understanding, in knowledge, and in all manner of workmanship;	"Moshe said to the children of Israel, ""Behold, YHWH has called by name Bezalel the son of Uri, the son of Hur, of the tribe of Yehudah."
Exodus 36:2	OT	Exodus	yes	no	no	Moshe called Bezalel and Oholiab, and every wise-hearted man, in whose heart YHWH had put wisdom, even everyone whose heart stirred him up to come to the work to do it:	"""Bezalel and Oholiab shall work with every wise-hearted man, in whom YHWH has put wisdom and understanding to know how to work all the work for the service of the sanctuary, according to all that YHWH has commanded."""
Exodus 39:2	OT	Exodus	no	yes	no	He made the ephod of gold, blue, purple, scarlet, and fine twined linen.	Of the blue, purple, and scarlet, they made finely worked garments, for ministering in the holy place, and made the holy garments for Aharon; as YHWH commanded Moshe.
Exodus 39:7	OT	Exodus	yes	no	no	He put them on the shoulder straps of the ephod, to be stones of memorial for the children of Israel, as YHWH commanded Moshe.	They worked the onyx stones, enclosed in settings of gold, engraved with the engravings of a signet, according to the names of the children of Israel.
Exodus 39:8	OT	Exodus	no	yes	no	He made the breastplate, the work of a skillful workman, like the work of the ephod; of gold, of blue, purple, scarlet, and fine twined linen.	He put them on the shoulder straps of the ephod, to be stones of memorial for the children of Israel, as YHWH commanded Moshe.
Exodus 39:22	OT	Exodus	no	yes	no	He made the robe of the ephod of woven work, all of blue.	They bound the breastplate by its rings to the rings of the ephod with a lace of blue, that it might be on the skillfully woven band of the ephod, and that the breastplate might not come loose from the ephod, as YHWH commanded Moshe.
Exodus 40:16	OT	Exodus	yes	no	no	Moshe did so. According to all that YHWH commanded him, so he did.	"You shall anoint them, as you anointed their father, that they may minister to me in the priest's office. Their anointing shall be to them for an everlasting priesthood throughout their generations."""
Exodus 40:19	OT	Exodus	yes	no	no	He spread the covering over the tent, and put the roof of the tent above on it, as YHWH commanded Moshe.	Moshe raised up the tent, and laid its sockets, and set up the boards of it, and put in the bars of it, and raised up its pillars.
Exodus 40:20	OT	Exodus	no	yes	no	He took and put the testimony into the ark, and set the poles on the ark, and put the mercy seat above on the ark.	He spread the covering over the tent, and put the roof of the tent above on it, as YHWH commanded Moshe.
Exodus 40:21	OT	Exodus	yes	no	no	He brought the ark into the tent, and set up the veil of the screen, and screened the ark of the testimony, as YHWH commanded Moshe.	He took and put the testimony into the ark, and set the poles on the ark, and put the mercy seat above on the ark.
Exodus 40:22	OT	Exodus	no	yes	no	He put the table in the tent of meeting, on the side of the tent northward, outside of the veil.	He brought the ark into the tent, and set up the veil of the screen, and screened the ark of the testimony, as YHWH commanded Moshe.
Exodus 40:23	OT	Exodus	yes	no	no	He set the bread in order on it before YHWH, as YHWH commanded Moshe.	He put the table in the tent of meeting, on the side of the tent northward, outside of the veil.
Exodus 40:24	OT	Exodus	no	yes	no	He put the lampstand in the tent of meeting, opposite the table, on the side of the tent southward.	He set the bread in order on it before YHWH, as YHWH commanded Moshe.
Exodus 40:25	OT	Exodus	yes	no	no	He lit the lamps before YHWH, as YHWH commanded Moshe.	He put the lampstand in the tent of meeting, opposite the table, on the side of the tent southward.
Exodus 40:26	OT	Exodus	no	yes	no	He put the golden altar in the tent of meeting before the veil;	He lit the lamps before YHWH, as YHWH commanded Moshe.
Exodus 40:27	OT	Exodus	yes	no	no	and he burnt incense of sweet spices on it, as YHWH commanded Moshe.	He put the golden altar in the tent of meeting before the veil;
Exodus 40:28	OT	Exodus	no	yes	no	He put up the screen of the door to the tent.	and he burnt incense of sweet spices on it, as YHWH commanded Moshe.
Exodus 40:29	OT	Exodus	yes	no	no	He set the altar of burnt offering at the door of the tent of the tent of meeting, and offered on it the burnt offering and the meal offering, as YHWH commanded Moshe.	He put up the screen of the door to the tent.
Exodus 40:30	OT	Exodus	no	yes	no	He set the basin between the tent of meeting and the altar, and put water therein, with which to wash.	He set the altar of burnt offering at the door of the tent of the tent of meeting, and offered on it the burnt offering and the meal offering, as YHWH commanded Moshe.
Exodus 40:33	OT	Exodus	no	yes	no	He raised up the court around the tent and the altar, and set up the screen of the gate of the court. So Moshe finished the work.	When they went into the tent of meeting, and when they came near to the altar, they werehed, as YHWH commanded Moshe.
Leviticus 1:1	OT	Leviticus	yes	no	no	YHWH called to Moshe, and spoke to him out of the Tent of Meeting, saying,	
Leviticus 1:3	OT	Leviticus	yes	no	no	"""'If his offering is a burnt offering from the herd, he shall offer a male without blemish. He shall offer it at the door of the Tent of Meeting, that he may be accepted before YHWH."	"""Speak to the children of Israel, and tell them, 'When anyone of you offers an offering to YHWH, you shall offer your offering of the livestock, from the herd and from the flock."
Leviticus 1:4	OT	Leviticus	no	yes	no	He shall lay his hand on the head of the burnt offering, and it shall be accepted for him to make atonement for him.	"""'If his offering is a burnt offering from the herd, he shall offer a male without blemish. He shall offer it at the door of the Tent of Meeting, that he may be accepted before YHWH."
Leviticus 1:5	OT	Leviticus	yes	no	no	He shall kill the bull before YHWH. Aharon's sons, the priests, shall present the blood and sprinkle the blood around on the altar that is at the door of the Tent of Meeting.	He shall lay his hand on the head of the burnt offering, and it shall be accepted for him to make atonement for him.
Leviticus 1:6	OT	Leviticus	no	yes	no	He shall flay the burnt offering, and cut it into pieces.	He shall kill the bull before YHWH. Aharon's sons, the priests, shall present the blood and sprinkle the blood around on the altar that is at the door of the Tent of Meeting.
Leviticus 1:9	OT	Leviticus	yes	no	no	but its innards and its legs he shall wash with water. The priest shall burn the whole on the altar, for a burnt offering, an offering made by fire, of a sweet savor to YHWH.	and Aharon's sons, the priests, shall lay the pieces, the head, and the fat in order on the wood that is on the fire which is on the altar;
Leviticus 1:11	OT	Leviticus	yes	no	no	He shall kill it on the north side of the altar before YHWH. Aharon's sons, the priests, shall sprinkle its blood around on the altar.	"""'If his offering is from the flock, from the sheep, or from the goats, for a burnt offering, he shall offer a male without blemish."
Leviticus 1:12	OT	Leviticus	no	yes	no	He shall cut it into its pieces, with its head and its fat. The priest shall lay them in order on the wood that is on the fire which is on the altar,	He shall kill it on the north side of the altar before YHWH. Aharon's sons, the priests, shall sprinkle its blood around on the altar.
Leviticus 1:13	OT	Leviticus	yes	no	no	but the innards and the legs he shall wash with water. The priest shall offer the whole, and burn it on the altar. It is a burnt offering, an offering made by fire, of a sweet savor to YHWH.	He shall cut it into its pieces, with its head and its fat. The priest shall lay them in order on the wood that is on the fire which is on the altar,
Leviticus 1:14	OT	Leviticus	yes	no	no	"""'If his offering to YHWH is a burnt offering of birds, then he shall offer his offering of turtledoves, or of young pigeons."	but the innards and the legs he shall wash with water. The priest shall offer the whole, and burn it on the altar. It is a burnt offering, an offering made by fire, of a sweet savor to YHWH.
Leviticus 1:17	OT	Leviticus	yes	no	no	He shall tear it by its wings, but shall not divide it apart. The priest shall burn it on the altar, on the wood that is on the fire. It is a burnt offering, an offering made by fire, of a sweet savor to YHWH.	and he shall take away its crop with its filth, and cast it beside the altar on the east part, in the place of the ashes.
Leviticus 2:1	OT	Leviticus	yes	no	yes	"""'When anyone offers an offering of a meal offering to YHWH, their offering shall be of fine flour; and he shall pour oil on it, and put frankincense on it."	
Leviticus 2:2	OT	Leviticus	yes	yes	no	He shall bring it to Aharon's sons the priests; and he shall take his handful of its fine flour, and of its oil, with all its frankincense; and the priest shall burn the memorial of it on the altar, an offering made by fire, of a sweet savor to YHWH.	"""'When anyone offers an offering of a meal offering to YHWH, their offering shall be of fine flour; and he shall pour oil on it, and put frankincense on it."
Leviticus 2:3	OT	Leviticus	yes	no	no	That which is left of the meal offering shall be Aharon's and his sons'. It is a most holy thing of the offerings of YHWH made by fire.	He shall bring it to Aharon's sons the priests; and he shall take his handful of its fine flour, and of its oil, with all its frankincense; and the priest shall burn the memorial of it on the altar, an offering made by fire, of a sweet savor to YHWH.
Leviticus 2:8	OT	Leviticus	yes	no	no	You shall bring the meal offering that is made of these things to YHWH: and it shall be presented to the priest, and he shall bring it to the altar.	If your offering is a meal offering of the frying pan, it shall be made of fine flour with oil.
Leviticus 2:10	OT	Leviticus	yes	no	no	That which is left of the meal offering shall be Aharon's and his sons'. It is a thing most holy of the offerings of YHWH made by fire.	The priest shall take from the meal offering its memorial, and shall burn it on the altar, an offering made by fire, of a sweet savor to YHWH.
Leviticus 3:1	OT	Leviticus	yes	no	no	"""'If his offering is a sacrifice of peace offerings; if he offers it from the herd, whether male or female, he shall offer it without blemish before YHWH."	
Leviticus 3:2	OT	Leviticus	no	yes	no	He shall lay his hand on the head of his offering, and kill it at the door of the tent of meeting: and Aharon's sons the priests shall sprinkle the blood on the altar round about.	"""'If his offering is a sacrifice of peace offerings; if he offers it from the herd, whether male or female, he shall offer it without blemish before YHWH."
Leviticus 3:3	OT	Leviticus	yes	no	no	He shall offer of the sacrifice of peace offerings an offering made by fire to YHWH; the fat that covers the innards, and all the fat that is on the innards,	He shall lay his hand on the head of his offering, and kill it at the door of the tent of meeting: and Aharon's sons the priests shall sprinkle the blood on the altar round about.
Leviticus 3:6	OT	Leviticus	yes	no	yes	"""'If his offering for a sacrifice of peace offerings to YHWH is from the flock; male or female, he shall offer it without blemish."	Aharon's sons shall burn it on the altar on the burnt offering, which is on the wood that is on the fire: it is an offering made by fire, of a sweet savor to YHWH.
Leviticus 3:7	OT	Leviticus	yes	no	no	If he offers a lamb for his offering, then he shall offer it before YHWH;	"""'If his offering for a sacrifice of peace offerings to YHWH is from the flock; male or female, he shall offer it without blemish."
Leviticus 3:9	OT	Leviticus	yes	no	yes	He shall offer from the sacrifice of peace offerings an offering made by fire to YHWH; its fat, the entire tail fat, he shall take away close to the backbone; and the fat that covers the inwards, and all the fat that is on the inwards,	and he shall lay his hand on the head of his offering, and kill it before the tent of meeting: and Aharon's sons shall sprinkle its blood on the altar round about.
Leviticus 3:12	OT	Leviticus	yes	no	no	"""'If his offering is a goat, then he shall offer it before YHWH:"	The priest shall burn it on the altar: it is the food of the offering made by fire to YHWH.
Leviticus 3:14	OT	Leviticus	yes	no	no	He shall offer from it as his offering, an offering made by fire to YHWH; the fat that covers the innards, and all the fat that is on the innards,	and he shall lay his hand on its head, and kill it before the tent of meeting; and the sons of Aharon shall sprinkle its blood on the altar round about.
Leviticus 4:3	OT	Leviticus	yes	no	no	if the anointed priest sins so as to bring guilt on the people, then let him offer for his sin, which he has sinned, a young bull without blemish to YHWH for a sin offering.	"""Speak to the children of Israel, saying, 'If anyone sins unintentionally, in any of the things which YHWH has commanded not to be done, and does any one of them:"
Leviticus 4:4	OT	Leviticus	yes	yes	yes	He shall bring the bull to the door of the Tent of Meeting before YHWH; and he shall lay his hand on the head of the bull, and kill the bull before YHWH.	if the anointed priest sins so as to bring guilt on the people, then let him offer for his sin, which he has sinned, a young bull without blemish to YHWH for a sin offering.
Leviticus 4:6	OT	Leviticus	yes	no	no	The priest shall dip his finger in the blood, and sprinkle some of the blood seven times before YHWH, before the veil of the sanctuary.	The anointed priest shall take some of the blood of the bull, and bring it to the Tent of Meeting.
Leviticus 4:7	OT	Leviticus	yes	no	yes	The priest shall put some of the blood on the horns of the altar of sweet incense before YHWH, which is in the tent of meeting; and he shall pour out all of rest of the blood of the bull at the base of the altar of burnt offering, which is at the door of the Tent of Meeting.	The priest shall dip his finger in the blood, and sprinkle some of the blood seven times before YHWH, before the veil of the sanctuary.
Leviticus 4:8	OT	Leviticus	no	yes	no	He shall take all the fat of the bull of the sin offering off of it; the fat that covers the innards, and all the fat that is on the innards,	The priest shall put some of the blood on the horns of the altar of sweet incense before YHWH, which is in the tent of meeting; and he shall pour out all of rest of the blood of the bull at the base of the altar of burnt offering, which is at the door of the Tent of Meeting.
Leviticus 4:17	OT	Leviticus	yes	no	no	and the priest shall dip his finger in the blood, and sprinkle it seven times before YHWH, before the veil.	The anointed priest shall bring of the blood of the bull to the Tent of Meeting:
Leviticus 4:18	OT	Leviticus	yes	yes	no	He shall put some of the blood on the horns of the altar which is before YHWH, that is in the Tent of Meeting; and the rest of the blood he shall pour out at the base of the altar of burnt offering, which is at the door of the Tent of Meeting.	and the priest shall dip his finger in the blood, and sprinkle it seven times before YHWH, before the veil.
Leviticus 4:22	OT	Leviticus	yes	no	no	"""'When a ruler sins, and unwittingly does any one of all the things which YHWH his God has commanded not to be done, and is guilty;"	He shall carry forth the bull outside the camp, and burn it as he burned the first bull. It is the sin offering for the assembly.
Leviticus 4:24	OT	Leviticus	yes	no	no	He shall lay his hand on the head of the goat, and kill it in the place where they kill the burnt offering before YHWH. It is a sin offering.	if his sin, in which he has sinned, is made known to him, he shall bring as his offering a goat, a male without blemish.
Leviticus 4:31	OT	Leviticus	yes	no	no	All its fat he shall take away, like the fat is taken away from off of the sacrifice of peace offerings; and the priest shall burn it on the altar for a sweet savor to YHWH; and the priest shall make atonement for him, and he will be forgiven.	The priest shall take some of its blood with his finger, and put it on the horns of the altar of burnt offering; and the rest of its blood he shall pour out at the base of the altar.
Leviticus 4:35	OT	Leviticus	yes	no	no	All its fat he shall take away, like the fat of the lamb is taken away from the sacrifice of peace offerings; and the priest shall burn them on the altar, on the offerings of YHWH made by fire; and the priest shall make atonement for him concerning his sin that he has sinned, and he will be forgiven.	The priest shall take some of the blood of the sin offering with his finger, and put it on the horns of the altar of burnt offering; and all the rest of its blood he shall pour out at the base of the altar.
Leviticus 5:6	OT	Leviticus	yes	no	yes	and he shall bring his trespass offering to YHWH for his sin which he has sinned, a female from the flock, a lamb or a goat, for a sin offering; and the priest shall make atonement for him concerning his sin.	It shall be, when he is guilty of one of these, he shall confess that in which he has sinned:
Leviticus 5:7	OT	Leviticus	yes	no	no	"""'If he can't afford a lamb, then he shall bring his trespass offering for that in which he has sinned, two turtledoves, or two young pigeons, to YHWH; one for a sin offering, and the other for a burnt offering."	and he shall bring his trespass offering to YHWH for his sin which he has sinned, a female from the flock, a lamb or a goat, for a sin offering; and the priest shall make atonement for him concerning his sin.
Leviticus 5:8	OT	Leviticus	no	yes	no	He shall bring them to the priest, who shall first offer the one which is for the sin offering, and wring off its head from its neck, but shall not sever it completely.	"""'If he can't afford a lamb, then he shall bring his trespass offering for that in which he has sinned, two turtledoves, or two young pigeons, to YHWH; one for a sin offering, and the other for a burnt offering."
Leviticus 5:12	OT	Leviticus	yes	no	no	He shall bring it to the priest, and the priest shall take his handful of it as the memorial portion, and burn it on the altar, on the offerings of YHWH made by fire. It is a sin offering.	"""'But if he can't afford two turtledoves, or two young pigeons, then he shall bring his offering for that in which he has sinned, the tenth part of an ephah of fine flour for a sin offering. He shall put no oil on it, neither shall he put any frankincense on it, for it is a sin offering."
Leviticus 5:15	OT	Leviticus	yes	no	no	"""If anyone commits a trespass, and sins unwittingly, in the holy things of YHWH; then he shall bring his trespass offering to YHWH, a ram without blemish from the flock, according to your estimation in silver by shekels, after the shekel of the sanctuary, for a trespass offering."	YHWH spoke to Moshe, saying,
Leviticus 5:16	OT	Leviticus	no	yes	no	He shall make restitution for that which he has done wrong in the holy thing, and shall add a fifth part to it, and give it to the priest; and the priest shall make atonement for him with the ram of the trespass offering, and he will be forgiven.	"""If anyone commits a trespass, and sins unwittingly, in the holy things of YHWH; then he shall bring his trespass offering to YHWH, a ram without blemish from the flock, according to your estimation in silver by shekels, after the shekel of the sanctuary, for a trespass offering."
Leviticus 5:17	OT	Leviticus	yes	no	no	"""If anyone sins, and does any of the things which YHWH has commanded not to be done; though he didn't know it, yet he is guilty, and shall bear his iniquity."	He shall make restitution for that which he has done wrong in the holy thing, and shall add a fifth part to it, and give it to the priest; and the priest shall make atonement for him with the ram of the trespass offering, and he will be forgiven.
Leviticus 5:18	OT	Leviticus	no	yes	no	He shall bring a ram without blemish from of the flock, according to your estimation, for a trespass offering, to the priest; and the priest shall make atonement for him concerning the thing in which he sinned and didn't know it, and he will be forgiven.	"""If anyone sins, and does any of the things which YHWH has commanded not to be done; though he didn't know it, yet he is guilty, and shall bear his iniquity."
Leviticus 5:19	OT	Leviticus	yes	no	no	"It is a trespass offering. He is certainly guilty before YHWH."""	He shall bring a ram without blemish from of the flock, according to your estimation, for a trespass offering, to the priest; and the priest shall make atonement for him concerning the thing in which he sinned and didn't know it, and he will be forgiven.
Leviticus 6:6	OT	Leviticus	yes	no	no	He shall bring his trespass offering to YHWH, a ram without blemish from the flock, according to your estimation, for a trespass offering, to the priest.	or any thing about which he has sworn falsely; he shall restore it even in full, and shall add a fifth part more to it. To him to whom it belongs he shall give it, in the day of his being found guilty.
Leviticus 6:7	OT	Leviticus	yes	no	yes	"The priest shall make atonement for him before YHWH, and he will be forgiven concerning whatever he does to become guilty."""	He shall bring his trespass offering to YHWH, a ram without blemish from the flock, according to your estimation, for a trespass offering, to the priest.
Leviticus 6:15	OT	Leviticus	yes	yes	no	He shall take from there his handful of the fine flour of the meal offering, and of its oil, and all the frankincense which is on the meal offering, and shall burn it on the altar for a sweet savor, as its memorial, to YHWH.	"""'This is the law of the meal offering: the sons of Aharon shall offer it before YHWH, before the altar."
Leviticus 6:20	OT	Leviticus	yes	no	no	"""This is the offering of Aharon and of his sons, which they shall offer to YHWH in the day when he is anointed: the tenth part of an ephah of fine flour for a meal offering perpetually, half of it in the morning, and half of it in the evening."	YHWH spoke to Moshe, saying,
Leviticus 6:22	OT	Leviticus	yes	no	no	The anointed priest that will be in his place from among his sons shall offer it. By a statute forever, it shall be wholly burnt to YHWH.	It shall be made with oil in a baking pan. When it is soaked, you shall bring it in. You shall offer the meal offering in baked pieces for a sweet savor to YHWH.
Leviticus 6:25	OT	Leviticus	yes	no	no	"""Speak to Aharon and to his sons, saying, 'This is the law of the sin offering: in the place where the burnt offering is killed, the sin offering shall be killed before YHWH. It is most holy."	YHWH spoke to Moshe, saying,
Leviticus 7:14	OT	Leviticus	yes	no	no	Of it he shall offer one out of each offering for a heave offering to YHWH. It shall be the priest's who sprinkles the blood of the peace offerings.	With cakes of leavened bread he shall offer his offering with the sacrifice of his peace offerings for thanksgiving.
Leviticus 7:20	OT	Leviticus	yes	no	yes	but the soul who eats of the flesh of the sacrifice of peace offerings, that belongs to YHWH, having his uncleanness on him, that soul shall be cut off from his people.	"""'The flesh that touches any unclean thing shall not be eaten. It shall be burned with fire. As for the flesh, everyone who is clean may eat it;"
Leviticus 7:30	OT	Leviticus	yes	no	yes	With his own hands he shall bring the offerings of YHWH made by fire. He shall bring the fat with the breast, that the breast may be waved for a wave offering before YHWH.	"""Speak to the children of Israel, saying, 'The one who offers the sacrifice of their peace offerings to YHWH shall bring their offering to YHWH out of the sacrifice of their peace offerings."
Leviticus 7:35	OT	Leviticus	yes	no	no	This is the anointing portion of Aharon, and the anointing portion of his sons, out of the offerings of YHWH made by fire, in the day when he presented them to minister to YHWH in the priest's office;	"For the waved breast and the heaved thigh I have taken from the children of Israel out of the sacrifices of their peace offerings, and have given them to Aharon the priest and to his sons as their portion forever from the children of Israel.'"""
Leviticus 7:36	OT	Leviticus	yes	no	yes	which YHWH commanded to be given them of the children of Israel, in the day that he anointed them. It is their portion forever throughout their generations.	This is the anointing portion of Aharon, and the anointing portion of his sons, out of the offerings of YHWH made by fire, in the day when he presented them to minister to YHWH in the priest's office;
Leviticus 7:38	OT	Leviticus	yes	no	no	which YHWH commanded Moshe in Mount Sinai, in the day that he commanded the children of Israel to offer their offerings to YHWH, in the wilderness of Sinai.	This is the law of the burnt offering, of the meal offering, and of the sin offering, and of the trespass offering, and of the consecration, and of the sacrifice of peace offerings;
Leviticus 8:4	OT	Leviticus	yes	no	no	Moshe did as YHWH commanded him; and the congregation was assembled at the door of the Tent of Meeting.	"and assemble all the congregation at the door of the Tent of Meeting."""
Leviticus 8:9	OT	Leviticus	yes	no	no	He set the turban on his head; and on the turban, in front, he set the golden plate, the holy crown; as YHWH commanded Moshe.	He placed the breastplate on him; and in the breastplate he put the Urim and the Thummim.
Leviticus 8:14	OT	Leviticus	no	yes	no	He brought the bull of the sin offering, and Aharon and his sons laid their hands on the head of the bull of the sin offering.	Moshe brought Aharon's sons, and clothed them with coats, and tied sashes on them, and put headbands on them; as YHWH commanded Moshe.
Leviticus 8:17	OT	Leviticus	yes	no	no	But the bull, and its skin, and its flesh, and its dung, he burned with fire outside the camp; as YHWH commanded Moshe.	He took all the fat that was on the innards, and the cover of the liver, and the two kidneys, and their fat; and Moshe burned it on the altar.
Leviticus 8:18	OT	Leviticus	no	yes	no	He presented the ram of the burnt offering: and Aharon and his sons laid their hands on the head of the ram.	But the bull, and its skin, and its flesh, and its dung, he burned with fire outside the camp; as YHWH commanded Moshe.
Leviticus 8:21	OT	Leviticus	yes	no	no	He washed the innards and the legs with water; and Moshe burned the whole ram on the altar. It was a burnt offering for a sweet savor. It was an offering made by fire to YHWH; as YHWH commanded Moshe.	He cut the ram into its pieces; and Moshe burned the head, and the pieces, and the fat.
Leviticus 8:22	OT	Leviticus	no	yes	no	He presented the other ram, the ram of consecration: and Aharon and his sons laid their hands on the head of the ram.	He washed the innards and the legs with water; and Moshe burned the whole ram on the altar. It was a burnt offering for a sweet savor. It was an offering made by fire to YHWH; as YHWH commanded Moshe.
Leviticus 8:26	OT	Leviticus	yes	no	yes	and out of the basket of unleavened bread, that was before YHWH, he took one unleavened cake, and one cake of oiled bread, and one wafer, and placed them on the fat, and on the right thigh.	He took the fat, and the fat tail, and all the fat that was on the innards, and the cover of the liver, and the two kidneys, and their fat, and the right thigh;
Leviticus 8:27	OT	Leviticus	yes	yes	no	He put all these in Aharon's hands and in his sons' hands, and waved them for a wave offering before YHWH.	and out of the basket of unleavened bread, that was before YHWH, he took one unleavened cake, and one cake of oiled bread, and one wafer, and placed them on the fat, and on the right thigh.
Leviticus 8:36	OT	Leviticus	yes	no	no	Aharon and his sons did all the things which YHWH commanded by Moshe.	"At the door of the Tent of Meeting you shall stay day and night seven days, and keep the charge of YHWH, that you don't die: for so I am commanded."""
Leviticus 9:2	OT	Leviticus	yes	no	no	"and he said to Aharon, ""Take a calf from the herd for a sin offering, and a ram for a burnt offering, without blemish, and offer them before YHWH."	It happened on the eighth day, that Moshe called Aharon and his sons, and the elders of Israel;
Leviticus 9:10	OT	Leviticus	yes	no	no	but the fat, and the kidneys, and the cover from the liver of the sin offering, he burned upon the altar; as YHWH commanded Moshe.	The sons of Aharon presented the blood to him; and he dipped his finger in the blood, and put it on the horns of the altar, and poured out the blood at the base of the altar:
Leviticus 10:1	OT	Leviticus	yes	no	no	Nadab and Abihu, the sons of Aharon, each took his censer, and put fire in it, and laid incense on it, and offered strange fire before YHWH, which he had not commanded them.	
Leviticus 10:3	OT	Leviticus	yes	no	no	"Then Moshe said to Aharon, ""This is what YHWH spoke of, saying, 'I will show myself holy to those who come near me, and before all the people I will be glorified.'"" Aharon held his peace."	And fire came forth from before YHWH, and devoured them, and they died before YHWH.
Leviticus 10:6	OT	Leviticus	yes	no	no	"Moshe said to Aharon, and to Eleazar and to Ithamar, his sons, ""Don't let the hair of your heads go loose, neither tear your clothes; that you don't die, and that he not be angry with all the congregation: but let your brothers, the whole house of Israel, bewail the burning which YHWH has kindled."	So they drew near, and carried them in their coats out of the camp, as Moshe had said.
Leviticus 10:12	OT	Leviticus	yes	no	no	"Moshe spoke to Aharon, and to Eleazar and to Ithamar, his sons who were left, ""Take the meal offering that remains of the offerings of YHWH made by fire, and eat it without yeast beside the altar; for it is most holy;"	"and that you are to teach the children of Israel all the statutes which YHWH has spoken to them by Moshe."""
Leviticus 10:17	OT	Leviticus	yes	no	no	"""Why haven't you eaten the sin offering in the place of the sanctuary, seeing it is most holy, and he has given it you to bear the iniquity of the congregation, to make atonement for them before YHWH?"	Moshe diligently inquired about the goat of the sin offering, and, behold, it was burned: and he was angry with Eleazar and with Ithamar, the sons of Aharon who were left, saying,
Leviticus 12:7	OT	Leviticus	yes	no	no	"and he shall offer it before YHWH, and make atonement for her; and she shall be cleansed from the fountain of her blood. ""'This is the law for her who bears, whether a male or a female."	"""'When the days of her purification are completed, for a son, or for a daughter, she shall bring to the priest at the door of the Tent of Meeting, a year old lamb for a burnt offering, and a young pigeon, or a turtledove, for a sin offering:"
Leviticus 14:11	OT	Leviticus	yes	no	no	The priest who cleanses him shall set the one who is to be cleansed, and those things, before YHWH, at the door of the Tent of Meeting.	"""On the eighth day he shall take two male lambs without blemish, and one ewe lamb a year old without blemish, and three tenths of an ephah of fine flour for a meal offering, mingled with oil, and one log of oil."
Leviticus 14:12	OT	Leviticus	yes	no	no	"""The priest shall take one of the male lambs, and offer him for a trespass offering, with the log of oil, and wave them for a wave offering before YHWH."	The priest who cleanses him shall set the one who is to be cleansed, and those things, before YHWH, at the door of the Tent of Meeting.
Leviticus 14:13	OT	Leviticus	no	yes	no	He shall kill the male lamb in the place where they kill the sin offering and the burnt offering, in the place of the sanctuary; for as the sin offering is the priest's, so is the trespass offering. It is most holy.	"""The priest shall take one of the male lambs, and offer him for a trespass offering, with the log of oil, and wave them for a wave offering before YHWH."
Leviticus 14:16	OT	Leviticus	yes	no	no	The priest shall dip his right finger in the oil that is in his left hand, and shall sprinkle some of the oil with his finger seven times before YHWH.	The priest shall take some of the log of oil, and pour it into the palm of his own left hand.
Leviticus 14:23	OT	Leviticus	yes	no	no	"""On the eighth day he shall bring them for his cleansing to the priest, to the door of the Tent of Meeting, before YHWH."	and two turtledoves, or two young pigeons, such as he is able to afford; and the one shall be a sin offering, and the other a burnt offering.
Leviticus 14:25	OT	Leviticus	no	yes	no	He shall kill the lamb of the trespass offering. The priest shall take some of the blood of the trespass offering and put it on the tip of the right ear of the one who is to be cleansed, and on the thumb of their right hand, and on the big toe of their right foot.	The priest shall take the lamb of the trespass offering, and the log of oil, and the priest shall wave them for a wave offering before YHWH.
Leviticus 14:27	OT	Leviticus	yes	no	no	and the priest shall sprinkle with his right finger some of the oil that is in his left hand seven times before YHWH.	The priest shall pour some of the oil into the palm of his own left hand;
Leviticus 14:30	OT	Leviticus	no	yes	no	He shall offer one of the turtledoves, or of the young pigeons, such as he is able to afford,	The rest of the oil that is in the priest's hand they shall put on the head of the one who is to be cleansed, to make atonement for them before YHWH.
Leviticus 14:31	OT	Leviticus	yes	no	no	"even such as he is able to afford, the one for a sin offering, and the other for a burnt offering, with the meal offering. The priest shall make atonement for the one who is to be cleansed before YHWH."""	He shall offer one of the turtledoves, or of the young pigeons, such as he is able to afford,
Leviticus 15:14	OT	Leviticus	yes	no	no	"""'On the eighth day he shall take two turtledoves, or two young pigeons, and come before YHWH to the door of the Tent of Meeting, and give them to the priest:"	"""'When the one who has a discharge is cleansed of their discharge, then they shall count to themselves seven days for their cleansing, and wash their clothes; and he shall bathe his flesh in running water, and shall be clean."
Leviticus 15:15	OT	Leviticus	yes	no	yes	and the priest shall offer them, the one for a sin offering, and the other for a burnt offering. The priest shall make atonement for him before YHWH for his discharge.	"""'On the eighth day he shall take two turtledoves, or two young pigeons, and come before YHWH to the door of the Tent of Meeting, and give them to the priest:"
Leviticus 16:2	OT	Leviticus	yes	no	no	"and YHWH said to Moshe, ""Tell Aharon your brother, not to come at all times into the Most Holy Place within the veil, before the mercy seat which is on the ark; lest he die: for I will appear in the cloud on the mercy seat."	YHWH spoke to Moshe, after the death of the two sons of Aharon, when they drew near before YHWH, and died;
Leviticus 16:7	OT	Leviticus	yes	no	no	He shall take the two goats, and set them before YHWH at the door of the Tent of Meeting.	"""Aharon shall offer the bull of the sin offering, which is for himself, and make atonement for himself and for his house."
Leviticus 16:9	OT	Leviticus	yes	no	no	Aharon shall present the goat on which the lot fell for YHWH, and offer him for a sin offering.	Aharon shall cast lots for the two goats; one lot for YHWH, and the other lot for the scapegoat.
Leviticus 16:10	OT	Leviticus	yes	no	no	But the goat, on which the lot fell for the scapegoat, shall be presented alive before YHWH, to make atonement for him, to send him away for the scapegoat into the wilderness.	Aharon shall present the goat on which the lot fell for YHWH, and offer him for a sin offering.
Leviticus 16:12	OT	Leviticus	yes	no	no	He shall take a censer full of coals of fire from off the altar before YHWH, and two handfuls of sweet incense beaten small, and bring it within the veil:	"""Aharon shall present the bull of the sin offering, which is for himself, and shall make atonement for himself and for his house, and shall kill the bull of the sin offering which is for himself."
Leviticus 16:13	OT	Leviticus	yes	no	yes	and he shall put the incense on the fire before YHWH, that the cloud of the incense may cover the mercy seat that is on the testimony, so that he will not die.	He shall take a censer full of coals of fire from off the altar before YHWH, and two handfuls of sweet incense beaten small, and bring it within the veil:
Leviticus 16:14	OT	Leviticus	no	yes	no	He shall take some of the blood of the bull, and sprinkle it with his finger on the mercy seat on the east; and before the mercy seat he shall sprinkle some of the blood with his finger seven times.	and he shall put the incense on the fire before YHWH, that the cloud of the incense may cover the mercy seat that is on the testimony, so that he will not die.
Leviticus 16:18	OT	Leviticus	yes	no	no	"""He shall go out to the altar that is before YHWH and make atonement for it, and shall take some of the bull's blood, and some of the goat's blood, and put it on the horns of the altar round about."	There shall be no one in the Tent of Meeting when they enters to make atonement in the Holy Place, until they come out, and has made atonement for themselves and for their household, and for all the assembly of Israel.
Leviticus 16:19	OT	Leviticus	no	yes	no	He shall sprinkle some of the blood on it with his finger seven times, and cleanse it, and make it holy from the uncleanness of the children of Israel.	"""He shall go out to the altar that is before YHWH and make atonement for it, and shall take some of the bull's blood, and some of the goat's blood, and put it on the horns of the altar round about."
Leviticus 17:2	OT	Leviticus	yes	no	no	"""Speak to Aharon, and to his sons, and to all the children of Israel, and say to them: 'This is the thing which YHWH has commanded,"	YHWH spoke to Moshe, saying,
Leviticus 17:4	OT	Leviticus	yes	no	no	and hasn't brought it to the door of the Tent of Meeting, to offer it as an offering to YHWH before the tabernacle of YHWH: blood shall be imputed to that man. He has shed blood; and that man shall be cut off from among his people.	Whatever man there is of the house of Israel, who kills an ox, or lamb, or goat, in the camp, or who kills it outside the camp,
Leviticus 17:9	OT	Leviticus	yes	no	no	and doesn't bring it to the door of the Tent of Meeting, to sacrifice it to YHWH; that man shall be cut off from his people.	"""You shall say to them, 'Anyone there is of the house of Israel, or of the strangers who live as foreigners among them, who offers a burnt offering or sacrifice,"
Leviticus 19:3	OT	Leviticus	yes	no	no	"""'Each one of you shall respect his mother and his father. You shall keep my Sabbaths. I am YHWH your God."	"""Speak to all the congregation of the children of Israel, and tell them, 'You shall be holy; for I YHWH your God am holy."
Leviticus 19:21	OT	Leviticus	yes	no	no	He shall bring his trespass offering to YHWH, to the door of the Tent of Meeting, even a ram for a trespass offering.	"""'If someone lies carnally with a woman who is a slave girl, pledged to be married to another man, and not ransomed, or given her freedom; they shall be punished. They shall not be put to death, because she was not free."
Leviticus 19:22	OT	Leviticus	yes	no	yes	The priest shall make atonement for him with the ram of the trespass offering before YHWH for his sin which he has committed: and the sin which he has committed shall be forgiven him.	He shall bring his trespass offering to YHWH, to the door of the Tent of Meeting, even a ram for a trespass offering.
Leviticus 19:34	OT	Leviticus	yes	no	no	The stranger who lives as a foreigner with you shall be to you as the native-born among you, and you shall love him as yourself; for you lived as foreigners in the land of Mitzrayim. I am YHWH your God.	"""'If a stranger lives as a foreigner with you in your land, you shall not do him wrong."
Leviticus 21:1	OT	Leviticus	yes	no	no	"YHWH said to Moshe, ""Speak to the priests, the sons of Aharon, and say to them, 'A priest shall not defile himself for the dead among his people;"	
Leviticus 21:7	OT	Leviticus	yes	no	no	"""'They shall not marry a woman who is a prostitute, or profane; neither shall they marry a woman divorced from her husband: for he is holy to his God."	They shall be holy to their God, and not profane the name of their God; for they offer the offerings of YHWH made by fire, the bread of their God; therefore they shall be holy.
Leviticus 21:8	OT	Leviticus	yes	no	yes	You shall sanctify him therefore; for he offers the bread of your God: he shall be holy to you: for I YHWH, who sanctify you, am holy.	"""'They shall not marry a woman who is a prostitute, or profane; neither shall they marry a woman divorced from her husband: for he is holy to his God."
Leviticus 21:12	OT	Leviticus	yes	no	no	neither shall he go out of the sanctuary, nor profane the sanctuary of his God; for the crown of the anointing oil of his God is upon him. I am YHWH.	neither shall he go in to any dead body, nor defile himself for his father, or for his mother;
Leviticus 21:13	OT	Leviticus	no	yes	no	"""'He shall take a wife in her virginity."	neither shall he go out of the sanctuary, nor profane the sanctuary of his God; for the crown of the anointing oil of his God is upon him. I am YHWH.
Leviticus 21:15	OT	Leviticus	yes	no	no	"He shall not profane his seed among his people: for I am YHWH who sanctifies him.'"""	A widow, or one divorced, or a woman who has been defiled, or a prostitute, these he shall not marry: but a virgin of his own people shall he take as a wife.
Leviticus 21:17	OT	Leviticus	yes	no	no	"""Say to Aharon, 'None of your seed throughout their generations who has a blemish, may approach to offer the bread of his God."	YHWH spoke to Moshe, saying,
Leviticus 21:21	OT	Leviticus	yes	no	no	no one of the seed of Aharon the priest, who has a blemish, shall come near to offer the offerings of YHWH made by fire. Since has a blemish, he shall not come near to offer the bread of his God.	or hunchbacked, or a dwarf, or one who has a defect in their eye, or an itching disease, or scabs, or who has damaged testicles;
Leviticus 21:22	OT	Leviticus	yes	yes	no	He shall eat the bread of his God, both of the most holy, and of the holy.	no one of the seed of Aharon the priest, who has a blemish, shall come near to offer the offerings of YHWH made by fire. Since has a blemish, he shall not come near to offer the bread of his God.
Leviticus 21:23	OT	Leviticus	yes	yes	no	"He shall not come near to the veil, nor come near to the altar, because he has a blemish; that he may not profane my sanctuaries, for I am YHWH who sanctifies them.'"""	He shall eat the bread of his God, both of the most holy, and of the holy.
Leviticus 22:2	OT	Leviticus	yes	no	no	"""Tell Aharon and his sons to separate themselves from the holy things of the children of Israel, which they make holy to me, and that they not profane my holy name. I am YHWH."	YHWH spoke to Moshe, saying,
Leviticus 22:3	OT	Leviticus	yes	no	no	"""Tell them, 'If anyone of all your seed throughout your generations approaches the holy things, which the children of Israel make holy to YHWH, having their uncleanness on him, that soul shall be cut off from before me. I am YHWH."	"""Tell Aharon and his sons to separate themselves from the holy things of the children of Israel, which they make holy to me, and that they not profane my holy name. I am YHWH."
Leviticus 22:8	OT	Leviticus	yes	no	no	That which dies of itself, or is torn by animals, he shall not eat, defiling himself by it. I am YHWH.	When the sun is down, he shall be clean; and afterward he shall eat of the holy things, because it is his bread.
Leviticus 23:11	OT	Leviticus	yes	no	no	and he shall wave the sheaf before YHWH, to be accepted for you. On the next day after the Sabbath the priest shall wave it.	"""Speak to the children of Israel, and tell them, 'When you have come into the land which I give to you, and shall reap its the harvest, then you shall bring the sheaf of the first fruits of your harvest to the priest:"
Leviticus 24:4	OT	Leviticus	yes	yes	no	He shall keep in order the lamps on the pure gold lampstand before YHWH continually.	Outside of the veil of the Testimony, in the Tent of Meeting, shall Aharon keep it in order from evening to morning before YHWH continually: it shall be a statute forever throughout your generations.
Leviticus 24:8	OT	Leviticus	yes	no	no	Every Sabbath day he shall set it in order before YHWH continually. It is on the behalf of the children of Israel an everlasting covenant.	You shall put pure frankincense on each row, that it may be to the bread for a memorial, even an offering made by fire to YHWH.
Leviticus 24:9	OT	Leviticus	yes	no	yes	"It shall be for Aharon and his sons; and they shall eat it in a holy place: for it is most holy to him of the offerings of YHWH made by fire by a perpetual statute."""	Every Sabbath day he shall set it in order before YHWH continually. It is on the behalf of the children of Israel an everlasting covenant.
Leviticus 24:12	OT	Leviticus	yes	no	yes	They put him in custody, until the will of YHWH should be declared to them.	The son of the Israelite woman blasphemed the Name, and cursed; and they brought him to Moshe. His mother's name was Shelomith, the daughter of Dibri, of the tribe of Dan.
Leviticus 24:16	OT	Leviticus	yes	no	no	The one who blasphemes the name of YHWH, they shall surely be put to death; all the congregation shall certainly stone him: the foreigner as well as the native-born, when he blasphemes the Name, shall be put to death.	You shall speak to the children of Israel, saying, 'Whoever curses their God shall bear their sin.
Leviticus 24:23	OT	Leviticus	yes	no	no	Moshe spoke to the children of Israel; and they brought forth the one who had cursed out of the camp, and stoned him with stones. The children of Israel did as YHWH commanded Moshe.	"You shall have one kind of law, for the foreigner as well as the native-born: for I am YHWH your God.'"""
Leviticus 25:36	OT	Leviticus	yes	no	yes	Take no interest from him or profit, but revere your God; that your brother may live among you.	"""'If your brother has become poor, and his hand can't support him among you; then you shall uphold him. As a stranger and a sojourner he shall live with you."
Leviticus 25:43	OT	Leviticus	yes	no	yes	You shall not rule over him with harshness, but shall revere your God.	For they are my servants, whom I brought forth out of the land of Mitzrayim. They shall not be sold as slaves.
Leviticus 26:46	OT	Leviticus	yes	no	no	These are the statutes, ordinances and laws, which YHWH made between him and the children of Israel in Mount Sinai by Moshe.	"but I will for their sake remember the covenant of their ancestors, whom I brought forth out of the land of Mitzrayim in the sight of the nations, that I might be their God. I am YHWH.'"""
Leviticus 27:10	OT	Leviticus	no	yes	no	He shall not alter it, nor change it, a good for a bad, or a bad for a good: and if he shall at all change animal for animal, then both it and that for which it is changed shall be holy.	"""'If it is an animal, of which men offer an offering to YHWH, all that anyone gives of such to YHWH becomes holy."
Leviticus 27:11	OT	Leviticus	yes	no	no	If it is any unclean animal, of which they do not offer as an offering to YHWH, then he shall set the animal before the priest;	He shall not alter it, nor change it, a good for a bad, or a bad for a good: and if he shall at all change animal for animal, then both it and that for which it is changed shall be holy.
Leviticus 27:22	OT	Leviticus	yes	no	no	"""'If he dedicates to YHWH a field which he has bought, which is not of the field of his possession,"	but the field, when it goes out in the Jubilee, shall be holy to YHWH, as a field devoted; it shall be owned by the priests.
Leviticus 27:23	OT	Leviticus	yes	no	no	then the priest shall reckon to him the worth of your valuation up to the Year of Jubilee; and he shall give your valuation on that day, as a holy thing to YHWH.	"""'If he dedicates to YHWH a field which he has bought, which is not of the field of his possession,"
Leviticus 27:33	OT	Leviticus	no	yes	no	"He shall not search whether it is good or bad, neither shall he change it: and if he changes it at all, then both it and that for which it is changed shall be holy. It shall not be redeemed.'"""	All the tithe of the herds or the flocks, whatever passes under the rod, the tenth shall be holy to YHWH.
Numbers 1:19	OT	Numbers	yes	no	no	As YHWH commanded Moshe, so he numbered them in the wilderness of Sinai.	They assembled all the congregation together on the first day of the second month; and they declared their ancestry by their families, by their fathers' houses, according to the number of the names, from twenty years old and upward, one by one.
Numbers 3:16	OT	Numbers	yes	no	no	Moshe numbered them according to the word of YHWH, as he was commanded.	"""Number the children of Levi by their fathers' houses, by their families: every male from a month old and upward shall you number."""
Numbers 3:42	OT	Numbers	yes	no	no	Moshe numbered, as YHWH commanded him, all the firstborn among the children of Israel.	"You shall take the Levites for me (I am YHWH) instead of all the firstborn among the children of Israel; and the livestock of the Levites instead of all the firstborn among the livestock of the children of Israel."""
Numbers 3:51	OT	Numbers	yes	no	no	and Moshe gave the redemption money to Aharon and to his sons, according to the word of YHWH, as YHWH commanded Moshe.	from the firstborn of the children of Israel he took the money, one thousand three hundred sixty-five shekels, after the shekel of the sanctuary:
Numbers 4:49	OT	Numbers	yes	no	yes	According to the commandment of YHWH they were numbered by Moshe, everyone according to their service, and according to their burden. Thus were they numbered by him, as YHWH commanded Moshe.	even those who were numbered of them, were eight thousand five hundred eighty.
Numbers 5:8	OT	Numbers	yes	no	no	But if the person has no kinsman to whom restitution may be made for the guilt, the restitution for guilt which is made to YHWH shall be the priest's; besides the ram of the atonement, by which atonement shall be made for him.	then he shall confess his sin which he has done, and he shall make restitution for his guilt in full, and add to it the fifth part of it, and give it to him in respect of whom he has been guilty.
Numbers 5:18	OT	Numbers	yes	no	no	The priest shall set the woman before YHWH, and let the hair of the woman's head go loose, and put the meal offering of memorial in her hands, which is the meal offering of jealousy. The priest shall have in his hand the water of bitterness that brings a curse.	and the priest shall take holy water in an earthen vessel; and of the dust that is on the floor of the tabernacle the priest shall take, and put it into the water.
Numbers 5:30	OT	Numbers	yes	no	no	or when the spirit of jealousy comes on a man, and he is jealous of his wife; then he shall set the woman before YHWH, and the priest shall execute on her all this law.	"""This is the law of jealousy, when a wife, being under her husband, goes astray, and is defiled;"
Numbers 6:2	OT	Numbers	yes	no	no	"""Speak to the children of Israel, and tell them: When either man or woman shall make a special vow, the vow of a Nazirite, to separate himself to YHWH,"	YHWH spoke to Moshe, saying,
Numbers 6:5	OT	Numbers	yes	no	yes	"""All the days of his vow of separation there shall no razor come on his head, until the days are fulfilled, in which he separates himself to YHWH. He shall be holy. He shall let the locks of the hair of his head grow long."	All the days of his separation he shall eat nothing that is made of the grapevine, from the seeds even to the skins.
Numbers 6:6	OT	Numbers	yes	no	no	"""All the days that he separates himself to YHWH he shall not go near a dead body."	"""All the days of his vow of separation there shall no razor come on his head, until the days are fulfilled, in which he separates himself to YHWH. He shall be holy. He shall let the locks of the hair of his head grow long."
Numbers 6:7	OT	Numbers	yes	yes	no	He shall not make himself unclean for his father, or for his mother, for his brother, or for his sister, when they die; because his separation to Elohim is on his head.	"""All the days that he separates himself to YHWH he shall not go near a dead body."
Numbers 6:8	OT	Numbers	yes	no	no	All the days of his separation he is holy to YHWH.	He shall not make himself unclean for his father, or for his mother, for his brother, or for his sister, when they die; because his separation to Elohim is on his head.
Numbers 6:12	OT	Numbers	yes	no	no	He shall separate to YHWH the days of his separation, and shall bring a male lamb a year old for a trespass offering; but the former days shall be void, because his separation was defiled.	The priest shall offer one for a sin offering, and the other for a burnt offering, and make atonement for him, because he sinned by reason of the dead, and shall make his head holy that same day.
Numbers 6:14	OT	Numbers	yes	no	no	and he shall offer his offering to YHWH, one male lamb a year old without blemish for a burnt offering, and one ewe lamb a year old without blemish for a sin offering, and one ram without blemish for peace offerings,	"""This is the law of the Nazirite: when the days of his separation are fulfilled, he shall be brought to the door of the Tent of Meeting,"
Numbers 6:16	OT	Numbers	yes	no	yes	The priest shall present them before YHWH, and shall offer his sin offering, and his burnt offering.	and a basket of unleavened bread, cakes of fine flour mixed with oil, and unleavened wafers anointed with oil, and their meal offering, and their drink offerings.
Numbers 6:17	OT	Numbers	yes	yes	no	He shall offer the ram for a sacrifice of peace offerings to YHWH, with the basket of unleavened bread. The priest shall offer also its meal offering, and its drink offering.	The priest shall present them before YHWH, and shall offer his sin offering, and his burnt offering.
Numbers 6:21	OT	Numbers	yes	no	yes	"""This is the law of the Nazirite who vows, and of his offering to YHWH for his separation, besides that which he is able to get. According to his vow which he vows, so he must do after the law of his separation."""	and the priest shall wave them for a wave offering before YHWH. This is holy for the priest, together with the breast that is waved and the thigh that is offered. After that the Nazirite may drink wine.
Numbers 7:11	OT	Numbers	yes	no	no	"YHWH said to Moshe, ""They shall offer their offering, each prince on his day, for the dedication of the altar."""	The princes gave offerings for the dedication of the altar in the day that it was anointed, even the princes gave their offerings before the altar.
Numbers 7:89	OT	Numbers	yes	no	yes	When Moshe went into the Tent of Meeting to speak with YHWH, he heard YHWH’s voice speaking to him from above the mercy seat that was on the ark of the Testimony, from between the two cherubim: and he spoke to him.	and all the oxen for the sacrifice of peace offerings twenty-four bulls, the rams sixty, the male goats sixty, the male lambs a year old sixty. This was the dedication of the altar, after it was anointed.
Numbers 8:3	OT	Numbers	yes	no	no	Aharon did so. He lit its lamps to light the area in front of the lampstand, as YHWH commanded Moshe.	"""Speak to Aharon, and tell him, 'When you light the lamps, the seven lamps shall give light in front of the lampstand.'"""
Numbers 8:4	OT	Numbers	yes	no	no	This was the workmanship of the lampstand, beaten work of gold. From its base to its flowers, it was beaten work: according to the pattern which YHWH had shown Moshe, so he made the lampstand.	Aharon did so. He lit its lamps to light the area in front of the lampstand, as YHWH commanded Moshe.
Numbers 8:13	OT	Numbers	yes	no	no	You shall set the Levites before Aharon, and before his sons, and offer them as a wave offering to YHWH.	The Levites shall lay their hands on the heads of the bulls, and you shall offer the one for a sin offering, and the other for a burnt offering to YHWH, to make atonement for the Levites.
Numbers 8:22	OT	Numbers	yes	no	no	After that, the Levites went in to do their service in the Tent of Meeting before Aharon, and before his sons: as YHWH had commanded Moshe concerning the Levites, so they did to them.	The Levites purified themselves from sin, and they werehed their clothes; and Aharon offered them for a wave offering before YHWH; and Aharon made atonement for them to cleanse them.
Numbers 9:7	OT	Numbers	yes	no	no	"Those men said to him, ""We are unclean because of the dead body of a person. Why are we kept back, that we may not offer the offering of YHWH in its appointed season among the children of Israel?"""	There were certain men, who were unclean because of the dead body of a person, so that they could not keep the Passover on that day, and they came before Moshe and before Aharon on that day.
Numbers 9:13	OT	Numbers	yes	no	no	But the one who is clean, and is not on a journey, and fails to keep the Passover, that soul shall be cut off from their people. Because he didn't offer the offering of YHWH in its appointed season, that man shall bear his sin.	They shall leave none of it until the morning, nor break a bone of it. According to all the statute of the Passover they shall keep it.
Numbers 9:14	OT	Numbers	yes	no	no	"If a foreigner lives among you, and desires to keep the Passover to YHWH; according to the statute of the Passover, and according to its ordinance, so shall he do. You shall have one statute, both for the foreigner, and for the one who is born in the land.'"""	But the one who is clean, and is not on a journey, and fails to keep the Passover, that soul shall be cut off from their people. Because he didn't offer the offering of YHWH in its appointed season, that man shall bear his sin.
Numbers 10:30	OT	Numbers	no	yes	no	He said to him, I will not go; but I will depart to my own land, and to my relatives.	Moshe said to Hobab, the son of Reuel the Midianite, Moshe' father-in-law, We are journeying to the place of which YHWH said, I will give it to you: come you with us, and we will do you good; for YHWH has spoken good concerning Israel.
Numbers 10:36	OT	Numbers	yes	no	no	When it rested, he said, Return, YHWH, to the ten thousands of the thousands of Israel.	It happened, when the ark set forward, that Moshe said, Rise up, YHWH, and let your enemies be scattered; and let those who hate you flee before you.
Numbers 11:20	OT	Numbers	yes	no	no	but a whole month, until it come out at your nostrils, and it be loathsome to you; because that you have rejected YHWH who is among you, and have wept before him, saying, Why came we forth out of Mitzrayim?	You shall not eat one day, nor two days, nor five days, neither ten days, nor twenty days,
Numbers 11:24	OT	Numbers	yes	no	yes	Moshe went out, and told the people the words of YHWH: and he gathered seventy men of the elders of the people, and set them round about the Tent.	YHWH said to Moshe, Has YHWH's hand grown short? now shall you see whether my word shall happen to you or not.
Numbers 11:25	OT	Numbers	yes	no	no	YHWH came down in the cloud, and spoke to him, and took of the Ruach that was on him, and put it on the seventy elders: and it happened that when the Ruach rested on them, they prophesied, but they did so no more.	Moshe went out, and told the people the words of YHWH: and he gathered seventy men of the elders of the people, and set them round about the Tent.
Numbers 11:29	OT	Numbers	yes	no	no	Moshe said to him, Are you jealous for my sake? I wish that all YHWH's people were prophets, that YHWH would put YHWH’s Ruach on them!	Yehoshua the son of Nun, the minister of Moshe, one of his chosen men, answered, My lord Moshe, forbid them.
Numbers 12:2	OT	Numbers	yes	no	no	They said, Has YHWH indeed spoken only with Moshe? Hasn't he spoken also with us? YHWH heard it.	Miryam and Aharon spoke against Moshe because of the Cushite woman whom he had married; for he had married a Cushite woman.
Numbers 12:6	OT	Numbers	yes	no	no	YHWH said, Hear now my words: if there be a prophet among you, I YHWH will make myself known to him in a vision, I will speak with him in a dream.	YHWH came down in a pillar of cloud, and stood at the door of the Tent, and called Aharon and Miryam; and they both came forth.
Numbers 12:8	OT	Numbers	yes	no	no	with him will I speak mouth to mouth, even manifestly, and not in dark speeches; and the form of YHWH shall he see: why then were you not afraid to speak against my servant, against Moshe?	My servant Moshe is not so; he is faithful in all my house:
Numbers 12:9	OT	Numbers	yes	no	yes	The anger of YHWH was kindled against them; and he departed.	with him will I speak mouth to mouth, even manifestly, and not in dark speeches; and the form of YHWH shall he see: why then were you not afraid to speak against my servant, against Moshe?
Numbers 15:14	OT	Numbers	yes	no	no	If a stranger lives as a foreigner with you, or whoever may be among you throughout your generations, and will offer an offering made by fire, of a sweet savor to YHWH; as you do, so he shall do.	All who are native-born shall do these things after this manner, in offering an offering made by fire, of a sweet savor to YHWH.
Numbers 15:28	OT	Numbers	yes	no	yes	The priest shall make atonement for the soul who errs, when he sins unwittingly, before YHWH, to make atonement for him; and he shall be forgiven.	If one person sins unwittingly, then he shall offer a female goat a year old for a sin offering.
Numbers 15:30	OT	Numbers	yes	no	yes	But the soul who does anything with a high hand, whether he is native-born or a foreigner, the same blasphemes YHWH; and that soul shall be cut off from among his people.	You shall have one law for the one who does anything unwittingly, for the one who is native-born among the children of Israel, and for the stranger who lives as a foreigner among them.
Numbers 15:31	OT	Numbers	yes	no	yes	Because he has despised the word of YHWH, and has broken his commandment, that soul shall utterly be cut off; his iniquity shall be on him.	But the soul who does anything with a high hand, whether he is native-born or a foreigner, the same blasphemes YHWH; and that soul shall be cut off from among his people.
Numbers 15:35	OT	Numbers	yes	no	no	YHWH said to Moshe, The person shall surely be put to death: all the congregation shall stone him with stones outside of the camp.	They put him in custody, because it had not been declared what should be done to him.
Numbers 15:36	OT	Numbers	yes	no	yes	All the congregation brought him outside of the camp, and stoned him to death with stones; as YHWH commanded Moshe.	YHWH said to Moshe, The person shall surely be put to death: all the congregation shall stone him with stones outside of the camp.
Numbers 16:5	OT	Numbers	yes	no	no	and he spoke to Korah and to all his company, saying, In the morning YHWH will show who are his, and who is holy, and will cause him to come near to him: even the one whom he shall choose he will cause to come near to him.	When Moshe heard it, he fell on his face:
Numbers 16:9	OT	Numbers	yes	no	no	[seems it but] a small thing to you, that the God of Israel has separated you from the congregation of Israel, to bring you near to himself, to do the service of the tent of YHWH, and to stand before the congregation to minister to them;	Moshe said to Korah, Hear now, you sons of Levi:
Numbers 16:11	OT	Numbers	yes	no	no	Therefore you and all your company are gathered together against YHWH: and Aharon, what is the one who you murmur against him?	and that he has brought you near, and all your brothers the sons of Levi with you? and seek you the priesthood also?
Numbers 16:17	OT	Numbers	yes	no	no	and take everyone their censer, and put incense on them, and bring you before YHWH everyone their censer, two hundred fifty censers; you also, and Aharon, each his censer.	Moshe said to Korah, You and all your company go before YHWH, you, and they, and Aharon, tomorrow:
Numbers 16:40	OT	Numbers	yes	no	yes	to be a memorial to the children of Israel, to the end that no stranger, who isn't of the seed of Aharon, comes near to burn incense before YHWH; that he not be as Korah, and as his company: as YHWH spoke to him by Moshe.	Eleazar the priest took the bronze censers, which those who were burnt had offered; and they beat them out for a covering of the altar,
Numbers 17:11	OT	Numbers	yes	no	no	Thus did Moshe: as YHWH commanded him, so did he.	YHWH said to Moshe, Put back the rod of Aharon before the testimony, to be kept for a token against the children of rebellion; that you may make an end of their murmurings against me, that they not die.
Numbers 19:13	OT	Numbers	yes	no	yes	Whoever touches a dead person, the body of a person who has died, and doesn't purify themselves, defiles the tent of YHWH; and that soul shall be cut off from Israel: because the water for impurity was not sprinkled on him, he shall be unclean; his uncleanness is yet on him.	the same shall purify himself therewith on the third day, and on the seventh day he shall be clean: but if he doesn't purify himself the third day, then the seventh day he shall not be clean.
Numbers 19:20	OT	Numbers	yes	no	yes	But the one who shall be unclean, and shall not purify themselves, that soul shall be cut off from the midst of the assembly, because they have defiled the sanctuary of YHWH: the water for impurity has not been sprinkled on him; he is unclean.	and the clean person shall sprinkle on the unclean on the third day, and on the seventh day: and on the seventh day he shall purify him; and he shall wash his clothes, and bathe himself in water, and shall be clean at even.
Numbers 20:9	OT	Numbers	yes	no	no	Moshe took the rod from before YHWH, as he commanded him.	Take the rod, and assemble the congregation, you, and Aharon your brother, and speak you to the rock before their eyes, that it give forth its water; and you shall bring forth to them water out of the rock; so you shall give the congregation and their livestock drink.
Numbers 21:34	OT	Numbers	yes	no	no	YHWH said to Moshe, Don't fear him: for I have delivered him into your hand, and all his people, and his land; and you shall do to him as you did to Sihon king of the Amorites, who lived at Heshbon.	They turned and went up by the way of Bashan: and Og the king of Bashan went out against them, he and all his people, to battle at Edrei.
Numbers 22:8	OT	Numbers	yes	no	no	He said to them, Lodge here this night, and I will bring you word again, as YHWH shall speak to me: and the princes of Moab abode with Bil'am.	The elders of Moab and the elders of Midian departed with the rewards of divination in their hand; and they came to Bil'am, and spoke to him the words of Balak.
Numbers 22:18	OT	Numbers	yes	no	no	Bil'am answered the servants of Balak, If Balak would give me his house full of silver and gold, I can't go beyond the word of YHWH my God, to do less or more.	for I will promote you to very great honor, and whatever you say to me I will do. Please come therefore, and curse this people for me.
Numbers 22:20	OT	Numbers	yes	no	no	Elohim came to Bil'am at night, and said to him, If the people are come to call you, rise up, go with them; but only the word which I speak to you, that shall you do.	Now therefore, please wait also here this night, that I may know what YHWH will speak to me more.
Numbers 22:22	OT	Numbers	yes	no	yes	Elohim's anger was kindled because he went; and the angel of YHWH placed himself in the way for an adversary against him. Now he was riding on his donkey, and his two servants were with him.	Bil'am rose up in the morning, and saddled his donkey, and went with the princes of Moab.
Numbers 22:23	OT	Numbers	yes	no	yes	The donkey saw the angel of YHWH standing in the way, with his sword drawn in his hand; and the donkey turned aside out of the way, and went into the field: and Bil'am struck the donkey, to turn her into the way.	Elohim's anger was kindled because he went; and the angel of YHWH placed himself in the way for an adversary against him. Now he was riding on his donkey, and his two servants were with him.
Numbers 22:25	OT	Numbers	yes	no	yes	The donkey saw the angel of YHWH, and she thrust herself to the wall, and crushed Bil'am's foot against the wall: and he struck her again.	Then the angel of YHWH stood in a narrow path between the vineyards, a wall being on this side, and a wall on that side.
Numbers 22:27	OT	Numbers	yes	no	yes	The donkey saw the angel of YHWH, and she lay down under Bil'am: and Bil'am's anger was kindled, and he struck the donkey with his staff.	The angel of YHWH went further, and stood in a narrow place, where was no way to turn either to the right hand or to the left.
Numbers 22:31	OT	Numbers	yes	no	yes	Then YHWH opened the eyes of Bil'am, and he saw the angel of YHWH standing in the way, with his sword drawn in his hand; and he bowed his head, and fell on his face.	The donkey said to Bil'am, Am I not your donkey, on which you have ridden all your life long to this day? was I ever wont to do so to you? and he said, No.
Numbers 22:32	OT	Numbers	yes	no	no	The angel of YHWH said to him, Why have you struck your donkey these three times? behold, I am come forth for an adversary, because your way is perverse before me:	Then YHWH opened the eyes of Bil'am, and he saw the angel of YHWH standing in the way, with his sword drawn in his hand; and he bowed his head, and fell on his face.
Numbers 23:3	OT	Numbers	yes	no	yes	Bil'am said to Balak, Stand by your burnt offering, and I will go: perhaps YHWH will come to meet me; and whatever he shows me I will tell you. He went to a bare height.	Balak did as Bil'am had spoken; and Balak and Bil'am offered on every altar a bull and a ram.
Numbers 23:4	OT	Numbers	yes	no	yes	Elohim met Bil'am: and he said to him, I have prepared the seven altars, and I have offered up a bull and a ram on every altar.	Bil'am said to Balak, Stand by your burnt offering, and I will go: perhaps YHWH will come to meet me; and whatever he shows me I will tell you. He went to a bare height.
Numbers 23:6	OT	Numbers	no	yes	no	He returned to him, and behold, he was standing by his burnt offering, he, and all the princes of Moab.	YHWH put a word in Bil'am's mouth, and said, Return to Balak, and thus you shall speak.
Numbers 23:12	OT	Numbers	yes	no	no	He answered and said, Must I not take heed to speak that which YHWH puts in my mouth?	Balak said to Bil'am, What have you done to me? I took you to curse my enemies, and behold, you have blessed them altogether.
Numbers 23:15	OT	Numbers	yes	no	no	He said to Balak, Stand here by your burnt offering, while I meet [YHWH] yonder.	He took him into the field of Zophim, to the top of Pisgah, and built seven altars, and offered up a bull and a ram on every altar.
Numbers 23:16	OT	Numbers	yes	no	no	YHWH met Bil'am, and put a word in his mouth, and said, Return to Balak, and thus shall you speak.	He said to Balak, Stand here by your burnt offering, while I meet [YHWH] yonder.
Numbers 23:17	OT	Numbers	yes	yes	yes	He came to him, and behold, he was standing by his burnt offering, and the princes of Moab with him. Balak said to him, What has YHWH spoken?	YHWH met Bil'am, and put a word in his mouth, and said, Return to Balak, and thus shall you speak.
Numbers 23:18	OT	Numbers	no	yes	no	He took up his parable, and said, Rise up, Balak, and hear! Listen to me, you son of Zippor.	He came to him, and behold, he was standing by his burnt offering, and the princes of Moab with him. Balak said to him, What has YHWH spoken?
Numbers 23:21	OT	Numbers	yes	no	no	Elohim has not seen iniquity in Ya'akov. Neither has Elohim seen perverseness in Israel. YHWH his God is with him. The shout of a king is among them.	Behold, I have received a command to bless. Elohim has blessed, and I can't reverse it.
Numbers 24:1	OT	Numbers	yes	no	yes	When Bil'am saw that it pleased YHWH to bless Israel, he didn't go, as at the other times, to meet with enchantments, but he set his face toward the wilderness.	
Numbers 24:2	OT	Numbers	yes	no	no	Bil'am lifted up his eyes, and he saw Israel dwelling according to their tribes; and the Ruach of Elohim came on him.	When Bil'am saw that it pleased YHWH to bless Israel, he didn't go, as at the other times, to meet with enchantments, but he set his face toward the wilderness.
Numbers 24:4	OT	Numbers	yes	no	yes	he says, who hears the words of Elohim, who sees the vision of the Almighty, falling down, and having his eyes open:	They took up their parable, and said, Bil'am the son of Beor says, the person whose eye was closed says;
Numbers 24:8	OT	Numbers	yes	no	yes	Elohim brings him out of Mitzrayim. He has as it were the strength of the wild ox. He shall eat up the nations his adversaries, shall break their bones in pieces, and pierce them with his arrows.	Water shall flow from his buckets. His seed shall be in many waters. His king shall be higher than Agag. His kingdom shall be exalted.
Numbers 24:9	OT	Numbers	no	yes	no	He couched, he lay down as a lion, as a lioness; who shall rouse him up? Everyone who blesses you is blessed. Everyone who curses you is cursed.	Elohim brings him out of Mitzrayim. He has as it were the strength of the wild ox. He shall eat up the nations his adversaries, shall break their bones in pieces, and pierce them with his arrows.
Numbers 24:13	OT	Numbers	yes	no	no	If Balak would give me his house full of silver and gold, I can't go beyond the word of YHWH, to do either good or bad of my own mind; what YHWH speaks, that will I speak?	Bil'am said to Balak, Didn't I also tell your messengers who you sent to me, saying,
Numbers 24:16	OT	Numbers	yes	no	yes	he says, who hears the words of Elohim, knows the knowledge of the Most High, and who sees the vision of the Almighty, Falling down, and having his eyes open:	They took up their parable, and said, Bil'am the son of Beor says, the person whose eye was closed says;
Numbers 24:23	OT	Numbers	yes	no	no	He took up his parable, and said, Alas, who shall live when Elohim does this?	Nevertheless Kain shall be wasted, until Asshur carries you away captive.
Numbers 25:3	OT	Numbers	yes	no	no	Israel joined himself to Baal Peor: and the anger of YHWH was kindled against Israel.	for they called the people to the sacrifices of their gods; and the people ate, and bowed down to their gods.
Numbers 25:13	OT	Numbers	yes	no	no	and it shall be to him, and to his seed after him, the covenant of an everlasting priesthood; because he was jealous for his God, and made atonement for the children of Israel.	Therefore say, Behold, I give to him my covenant of peace:
Numbers 27:3	OT	Numbers	yes	no	yes	Our father died in the wilderness, and he was not among the company of those who gathered themselves together against YHWH in the company of Korah: but he died in his own sin; and he had no sons.	They stood before Moshe, and before Eleazar the priest, and before the princes and all the congregation, at the door of the tent of meeting, saying,
Numbers 27:11	OT	Numbers	yes	no	no	If his father have no brothers, then you shall give his inheritance to his kinsman who is next to him of his family, and he shall possess it: and it shall be to the children of Israel a statute [and] ordinance, as YHWH commanded Moshe.	If he have no brothers, then you shall give his inheritance to his father's brothers.
Numbers 27:18	OT	Numbers	yes	no	no	YHWH said to Moshe, Take Yehoshua the son of Nun, a person in whom is the Ruach, and lay your hand on him;	who may go out before them, and who may come in before them, and who may lead them out, and who may bring them in; that the congregation of YHWH not be as sheep which have no shepherd.
Numbers 27:21	OT	Numbers	yes	no	yes	He shall stand before Eleazar the priest, who shall inquire for him by the judgment of the Urim before YHWH: at his word shall they go out, and at his word they shall come in, both he, and all the children of Israel with him, even all the congregation.	You shall put of your honor on him, that all the congregation of the children of Israel may obey.
Numbers 27:22	OT	Numbers	yes	no	yes	Moshe did as YHWH commanded him; and he took Yehoshua, and set him before Eleazar the priest, and before all the congregation:	He shall stand before Eleazar the priest, who shall inquire for him by the judgment of the Urim before YHWH: at his word shall they go out, and at his word they shall come in, both he, and all the children of Israel with him, even all the congregation.
Numbers 27:23	OT	Numbers	yes	no	yes	and he laid his hands on him, and gave him a charge, as YHWH spoke by Moshe.	Moshe did as YHWH commanded him; and he took Yehoshua, and set him before Eleazar the priest, and before all the congregation:
Numbers 30:2	OT	Numbers	yes	no	yes	When someone vows a vow to YHWH, or swears an oath to bind their soul with a bond, they shall not break their word; he shall do according to all that proceeds out of his mouth.	Moshe spoke to the heads of the tribes of the children of Israel, saying, This is the thing which YHWH has commanded.
Numbers 30:5	OT	Numbers	yes	no	no	But if her father disallow her in the day that he hears, none of her vows, or of her bonds with which she has bound her soul, shall stand: and YHWH will forgive her, because her father disallowed her.	and her father hears her vow, and her bond with which she has bound her soul, and her father holds his peace at her; then all her vows shall stand, and every bond with which she has bound her soul shall stand.
Numbers 30:8	OT	Numbers	yes	no	no	But if her husband disallow her in the day that he hears it, then he shall make void her vow which is on her, and the rash utterance of her lips, with which she has bound her soul: and YHWH will forgive her.	and her husband hear it, and hold his peace at her in the day that he hears it; then her vows shall stand, and her bonds with which she has bound her soul shall stand.
Numbers 30:12	OT	Numbers	yes	no	no	But if her husband made them null and void in the day that he heard them, then whatever proceeded out of her lips concerning her vows, or concerning the bond of her soul, shall not stand: her husband has made them void; and YHWH will forgive her.	and her husband heard it, and held his peace at her, and didn't disallow her; then all her vows shall stand, and every bond with which she bound her soul shall stand.
Numbers 30:16	OT	Numbers	yes	no	no	These are the statutes, which YHWH commanded Moshe, between a husband and his wife, between a father and his daughter, being in her youth, in her father's house.	But if he shall make them null and void after that he has heard them, then he shall bear her iniquity.
Numbers 36:2	OT	Numbers	yes	no	no	and they said, YHWH commanded my lord to give the land for inheritance by lot to the children of Israel: and my lord was commanded by YHWH to give the inheritance of Zelophehad our brother to his daughters.	The heads of the fathers' [houses] of the family of the children of Gilead, the son of Machir, the son of Menashe, of the families of the sons of Yosef, came near, and spoke before Moshe, and before the princes, the heads of the fathers' [houses] of the children of Israel:
Deuteronomy 1:3	OT	Deuteronomy	yes	no	no	It happened in the fortieth year, in the eleventh month, on the first day of the month, that Moshe spoke to the children of Israel, according to all that YHWH had given him in commandment to them;	It is eleven days' [journey] from Horeb by the way of Mount Seir to Kadesh Barnea.
Deuteronomy 1:36	OT	Deuteronomy	yes	no	no	save Kalev the son of Jephunneh: he shall see it; and to him will I give the land that he has trodden on, and to his children, because he has wholly followed YHWH.	Surely there shall not one of these men of this broken generation see the good land, which I swore to give to your fathers,
Deuteronomy 2:9	OT	Deuteronomy	yes	no	yes	YHWH said to me, Don't bother Moab, neither contend with them in battle; for I will not give you of his land for a possession; because I have given Ar to the children of Lot for a possession.	So we passed by from our brothers the children of Esav, who dwell in Seir, from the way of the Arabah from Elath and from Ezion Geber. We turned and passed by the way of the wilderness of Moab.
Deuteronomy 2:12	OT	Deuteronomy	yes	no	no	The Horites also lived in Seir before, but the children of Esav succeeded them; and they destroyed them from before them, and lived in their place; as Israel did to the land of his possession, which YHWH gave to them.)	these also are accounted Rephaim, as the Anakim; but the Moabites call them Emim.
Deuteronomy 2:30	OT	Deuteronomy	yes	no	yes	But Sihon king of Heshbon would not let us pass by him; for YHWH your God hardened his spirit, and made his heart obstinate, that he might deliver him into your hand, as at this day.	as the children of Esav who dwell in Seir, and the Moabites who dwell in Ar, did to me; until I shall pass over the Yarden into the land which YHWH our God gives us.
Deuteronomy 2:31	OT	Deuteronomy	yes	no	yes	YHWH said to me, Behold, I have begun to deliver up Sihon and his land before you: begin to possess, that you may inherit his land.	But Sihon king of Heshbon would not let us pass by him; for YHWH your God hardened his spirit, and made his heart obstinate, that he might deliver him into your hand, as at this day.
Deuteronomy 2:33	OT	Deuteronomy	yes	no	yes	YHWH our God delivered him up before us; and we struck him, and his sons, and all his people.	Then Sihon came out against us, he and all his people, to battle at Jahaz.
Deuteronomy 3:2	OT	Deuteronomy	yes	no	yes	YHWH said to me, Don't fear him; for I have delivered him, and all his people, and his land, into your hand; and you shall do to him as you did to Sihon king of the Amorites, who lived at Heshbon.	Then we turned, and went up the way to Bashan: and Og the king of Bashan came out against us, he and all his people, to battle at Edrei.
Deuteronomy 3:3	OT	Deuteronomy	yes	no	no	So YHWH our God delivered into our hand Og also, the king of Bashan, and all his people: and we struck him until none was left to him remaining.	YHWH said to me, Don't fear him; for I have delivered him, and all his people, and his land, into your hand; and you shall do to him as you did to Sihon king of the Amorites, who lived at Heshbon.
Deuteronomy 4:7	OT	Deuteronomy	yes	no	yes	For what great nation is there, that has a god so near to them, as YHWH our God is whenever we call on him?	Keep therefore and do them; for this is your wisdom and your understanding in the sight of the peoples, who shall hear all these statutes, and say, Surely this great nation is a wise and understanding people.
Deuteronomy 4:20	OT	Deuteronomy	yes	no	no	But YHWH has taken you, and brought you forth out of the iron furnace, out of Mitzrayim, to be to him a people of inheritance, as at this day.	and lest you lift up your eyes to the heavens, and when you see the sun and the moon and the stars, even all the army of the heavens, you are drawn away and worship them, and serve them, which YHWH your God has allotted to all the peoples under the whole heavens.
Deuteronomy 4:25	OT	Deuteronomy	yes	no	yes	When you shall father children, and children's children, and you shall have been long in the land, and shall corrupt yourselves, and make an engraved image in the form of anything, and shall do that which is wrong in the sight of YHWH your God, to provoke him to anger;	For YHWH your God is a devouring fire, a jealous Elohim.
Deuteronomy 4:34	OT	Deuteronomy	yes	no	no	Or has Elohim tried to go and take him a nation from the midst of [another] nation, by trials, by signs, and by wonders, and by war, and by a mighty hand, and by an outstretched arm, and by great terrors, according to all that YHWH your God did for you in Mitzrayim before your eyes?	Did ever a people hear the voice of Elohim speaking out of the midst of the fire, as you have heard, and live?
Deuteronomy 5:11	OT	Deuteronomy	yes	no	yes	"""You shall not take the name of YHWH your God in vain: for YHWH will not hold him guiltless who takes YHWH’s name in vain."	and showing loving kindness to thousands of those who love me and keep my commandments.
Deuteronomy 5:24	OT	Deuteronomy	yes	no	no	and you said, Behold, YHWH our God has shown us YHWH’s glory and YHWH’s greatness, and we have heard YHWH’s voice out of the midst of the fire: we have seen this day that Elohim does speak with man, and he lives.	It happened, when you heard the voice out of the midst of the darkness, while the mountain was burning with fire, that you came near to me, even all the heads of your tribes, and your elders;
Deuteronomy 6:16	OT	Deuteronomy	yes	no	no	You shall not tempt YHWH your God, as you tempted him in Massah.	for YHWH your God in the midst of you is a jealous Elohim; lest the anger of YHWH your God be kindled against you, and YHWH destroy you from off the face of the earth.
Deuteronomy 6:22	OT	Deuteronomy	yes	no	no	and YHWH showed great and awesome signs and wonders on Mitzrayim, on Pharaoh, and on all his house, before our eyes;	then you shall tell your son, We were Pharaoh's bondservants in Mitzrayim: and YHWH brought us out of Mitzrayim with a mighty hand;
Deuteronomy 7:4	OT	Deuteronomy	yes	no	yes	For he will turn away your son from following me, that they may serve other gods: so will the anger of YHWH be kindled against you, and he will destroy you quickly.	neither shall you make marriages with them; your daughter you shall not give to his son, nor his daughter shall you take to your son.
Deuteronomy 9:18	OT	Deuteronomy	yes	no	yes	I fell down before YHWH, as at the first, forty days and forty nights; I did neither eat bread nor drink water; because of all your sin which you sinned, in doing what was broken in the sight of YHWH, to provoke him to anger.	I took hold of the two tables, and cast them out of my two hands, and broke them before your eyes.
Deuteronomy 9:20	OT	Deuteronomy	yes	no	no	YHWH was very angry with Aharon to destroy him: and I prayed for Aharon also at the same time.	For I was afraid of the anger and hot displeasure, with which YHWH was angry against you to destroy you. But YHWH listened to me that time also.
Deuteronomy 10:4	OT	Deuteronomy	yes	no	no	He wrote on the tables, according to the first writing, the ten commandments, which YHWH spoke to you on the mountain out of the midst of the fire in the day of the assembly: and YHWH gave them to me.	So I made an ark of acacia wood, and hewed two tables of stone like the first, and went up onto the mountain, having the two tables in my hand.
Deuteronomy 10:9	OT	Deuteronomy	yes	no	no	Therefore Levi has no portion nor inheritance with his brothers; YHWH is his inheritance, according as YHWH your God spoke to him.)	At that time YHWH set apart the tribe of Levi, to bear the ark of the covenant of YHWH, to stand before YHWH to minister to YHWH, and to bless in YHWH’s name, to this day.
Deuteronomy 10:18	OT	Deuteronomy	yes	no	no	YHWH does execute justice for the fatherless and widow, and loves the foreigner, in giving him food and clothing.	For YHWH your God, is God of gods, and Sovereign over sovereigns, the great Elohim, the mighty, and the awesome, who doesn't regard persons, nor takes reward.
Deuteronomy 11:4	OT	Deuteronomy	yes	no	no	and what he did to the army of Mitzrayim, to their horses, and to their chariots; how he made the water of the Red Sea to overflow them as they pursued after you, and how YHWH has destroyed them to this day;	and his signs, and his works, which he did in the midst of Mitzrayim to Pharaoh the king of Mitzrayim, and to all his land;
Deuteronomy 12:12	OT	Deuteronomy	yes	no	no	You shall rejoice before YHWH your God, you, and your sons, and your daughters, and your male servants, and your female servants, and the Levite who is within your gates, because he has no portion nor inheritance with you.	then it shall happen that to the place which YHWH your God shall choose, to cause YHWH’s name to dwell there, there shall you bring all that I command you: your burnt offerings, and your sacrifices, your tithes, and the wave offering of your hand, and all your choice vows which you vow to YHWH.
Deuteronomy 13:5	OT	Deuteronomy	yes	no	no	That prophet, or that dreamer of dreams, shall be put to death, because he has spoken rebellion against YHWH your God, who brought you out of the land of Mitzrayim, and redeemed you out of the house of bondage, to draw you aside out of the way which YHWH your God commanded you to walk in. So shall you put away the brokenness from the midst of you.	You shall walk after YHWH your God, and revere YHWH, and keep YHWH’s commandments, and obey YHWH’s voice, and you shall serve YHWH, and cleave to YHWH.
Deuteronomy 13:10	OT	Deuteronomy	yes	no	no	You shall stone him to death with stones, because he has sought to draw you away from YHWH your God, who brought you out of the land of Mitzrayim, out of the house of bondage.	but you shall surely kill him; your hand shall be first on him to put him to death, and afterwards the hand of all the people.
Deuteronomy 14:21	OT	Deuteronomy	yes	no	no	You shall not eat of anything that dies of itself: you may give it to the foreigner living among you who is within your gates, that he may eat it; or you may sell it to a foreigner: for you are a holy people to YHWH your God. You shall not boil a kid in its mother's milk.	Of all clean birds you may eat.
Deuteronomy 14:29	OT	Deuteronomy	yes	no	no	and the Levite, because he has no portion nor inheritance with you, and the foreigner living among you, and the fatherless, and the widow, who are within your gates, shall come, and shall eat and be satisfied; that YHWH your God may bless you in all the work of your hand which you do.	At the end of every three years you shall bring forth all the tithe of your increase in the same year, and shall lay it up within your gates:
Deuteronomy 15:2	OT	Deuteronomy	yes	no	no	This is the manner of the release: every creditor shall release that which he has lent to his neighbor; he shall not exact it of his neighbor and his brother; because YHWH's release has been proclaimed.	At the end of every seven years you shall make a release.
Deuteronomy 15:9	OT	Deuteronomy	yes	no	yes	Beware that there not be a base thought in your heart, saying, The seventh year, the year of release, is at hand; and your eye be harm against your poor brother, and you give him nothing; and he cry to YHWH against you, and it be sin to you.	but you shall surely open your hand to him, and shall surely lend him sufficient for his need [in that] which he wants.
Deuteronomy 15:10	OT	Deuteronomy	yes	no	yes	You shall surely give him, and your heart shall not be grieved when you give to him; because that for this thing YHWH your God will bless you in all your work, and in all that you put your hand to.	Beware that there not be a base thought in your heart, saying, The seventh year, the year of release, is at hand; and your eye be harm against your poor brother, and you give him nothing; and he cry to YHWH against you, and it be sin to you.
Deuteronomy 15:14	OT	Deuteronomy	yes	no	no	you shall furnish him liberally out of your flock, and out of your threshing floor, and out of your winepress; as YHWH your God has blessed you, you shall give to him.	When you let him go free from you, you shall not let him go empty:
Deuteronomy 15:18	OT	Deuteronomy	yes	no	no	It shall not seem hard to you, when you let him go free from you; for to the double of the hire of a hireling has he served you six years: and YHWH your God will bless you in all that you do.	then you shall take an awl, and thrust it through his ear to the door, and he shall be your servant forever. Also to your female servant you shall do likewise.
Deuteronomy 17:15	OT	Deuteronomy	yes	no	yes	you shall surely set him king over you, whom YHWH your God shall choose: one from among your brothers shall you set king over you; you may not put a foreigner over you, who is not your brother.	When you are come to the land which YHWH your God gives you, and shall possess it, and shall dwell therein, and shall say, I will set a king over me, like all the nations that are round about me;
Deuteronomy 17:16	OT	Deuteronomy	yes	no	no	Only he shall not multiply horses to himself, nor cause the people to return to Mitzrayim, to the end that he may multiply horses; because YHWH has said to you, You shall henceforth return no more that way.	you shall surely set him king over you, whom YHWH your God shall choose: one from among your brothers shall you set king over you; you may not put a foreigner over you, who is not your brother.
Deuteronomy 17:19	OT	Deuteronomy	yes	no	no	and it shall be with him, and he shall read therein all the days of his life; that he may learn to revere YHWH his God, to keep all the words of this law and these statutes, to do them;	It shall be, when he sits on the throne of his kingdom, that he shall write him a copy of this law in a book, out of [that which is] before the priests the Levites:
Deuteronomy 18:1	OT	Deuteronomy	yes	no	yes	The priests the Levites, [even] all the tribe of Levi, shall have no portion nor inheritance with Israel: they shall eat the offerings of YHWH made by fire, and his inheritance.	
Deuteronomy 18:5	OT	Deuteronomy	yes	no	yes	For YHWH your God has chosen him out of all your tribes, to stand to minister in the name of YHWH, him and his sons for ever.	The first fruits of your grain, of your new wine, and of your oil, and the first of the fleece of your sheep, shall you give him.
Deuteronomy 18:6	OT	Deuteronomy	yes	no	no	If a Levite comes from any of your gates out of all Israel, where he lives as a foreigner, and comes with all the desire of his soul to the place which YHWH shall choose;	For YHWH your God has chosen him out of all your tribes, to stand to minister in the name of YHWH, him and his sons for ever.
Deuteronomy 18:7	OT	Deuteronomy	yes	no	no	then he shall minister in the name of YHWH his God, as all his brothers the Levites do, who stand there before YHWH.	If a Levite comes from any of your gates out of all Israel, where he lives as a foreigner, and comes with all the desire of his soul to the place which YHWH shall choose;
Deuteronomy 18:15	OT	Deuteronomy	yes	no	no	YHWH your God will raise up to you a prophet from the midst of you, of your brothers, like me; to him you shall listen;	For these nations, that you shall dispossess, listen to those who practice sorcery, and to diviners; but as for you, YHWH your God has not allowed you so to do.
Deuteronomy 18:22	OT	Deuteronomy	yes	no	no	when a prophet speaks in the name of YHWH, if the thing doesn't follow, nor happen, that is the thing which YHWH has not spoken: the prophet has spoken it presumptuously, you shall not be afraid of him.	If you say in your heart, How shall we know the word which YHWH has not spoken?
Deuteronomy 21:1	OT	Deuteronomy	yes	no	no	If one be found slain in the land which YHWH your God gives you to possess it, lying in the field, and it isn't known who has struck him;	
Deuteronomy 21:5	OT	Deuteronomy	yes	no	yes	The priests the sons of Levi shall come near; for them YHWH your God has chosen to minister to him, and to bless in the name of YHWH; and according to their word shall every controversy and every stroke be.	and the elders of that city shall bring down the heifer to a valley with running water, which is neither plowed nor sown, and shall break the heifer's neck there in the valley.
Deuteronomy 21:23	OT	Deuteronomy	yes	no	no	his body shall not remain all night on the tree, but you shall surely bury him the same day; for the one who is hanged is accursed of Elohim; that you don't defile your land which YHWH your God gives you for an inheritance.	If someone has committed a sin worthy of death, and they are put to death, and you hang them on a tree;
Deuteronomy 23:2	OT	Deuteronomy	yes	no	no	A bastard shall not enter into the assembly of YHWH; even to the tenth generation shall none of his enter into the assembly of YHWH.	The one who is wounded in the stones, or has their privy member cut off, shall not enter into the assembly of YHWH.
Deuteronomy 23:14	OT	Deuteronomy	yes	no	no	for YHWH your God walks in the midst of your camp, to deliver you, and to give up your enemies before you; therefore shall your camp be holy, that he may not see an unclean thing in you, and turn away from you.	and you shall have a paddle among your weapons; and it shall be, when you sit down abroad, you shall dig therewith, and shall turn back and cover that which comes from you:
Deuteronomy 24:4	OT	Deuteronomy	yes	no	no	her former husband, who sent her away, may not take her again to be his wife, after that she is defiled; for that is abomination before YHWH: and you shall not cause the land to sin, which YHWH your God gives you for an inheritance.	If the latter husband hate her, and write her a bill of divorce, and give it in her hand, and send her out of his house; or if the latter husband die, who took her to be his wife;
Deuteronomy 24:13	OT	Deuteronomy	yes	no	no	you shall surely restore to him the pledge when the sun goes down, that he may sleep in his garment, and bless you: and it shall be righteousness to you before YHWH your God.	If he be a poor man, you shall not sleep with his pledge;
Deuteronomy 24:15	OT	Deuteronomy	yes	no	no	in his day you shall give him his hire, neither shall the sun go down on it; for he is poor, and sets his heart on it: lest he cry against you to YHWH, and it be sin to you.	You shall not oppress a hired servant who is poor and needy, whether he be of your brothers, or of your foreigners who are in your land within your gates:
Deuteronomy 25:18	OT	Deuteronomy	yes	no	no	how he met you by the way, and struck the hindmost of you, all who were feeble behind you, when you were faint and weary; and he didn't revere God.	Remember what Amalek did to you by the way as you came forth out of Mitzrayim;
Deuteronomy 26:3	OT	Deuteronomy	yes	no	yes	You shall come to the priest who shall be in those days, and tell him, I profess this day to YHWH your God, that I am come to the land which YHWH swore to our fathers to give us.	that you shall take of the first of all the fruit of the ground, which you shall bring in from your land that YHWH your God gives you; and you shall put it in a basket, and shall go to the place which YHWH your God shall choose, to cause YHWH’s name to dwell there.
Deuteronomy 26:5	OT	Deuteronomy	yes	no	no	You shall answer and say before YHWH your God, A Syrian ready to perish was my father; and he went down into Mitzrayim, and sojourned there, few in number; and he became there a nation, great, mighty, and populous.	The priest shall take the basket out of your hand, and set it down before the altar of YHWH your God.
Deuteronomy 28:48	OT	Deuteronomy	yes	no	yes	therefore shall you serve your enemies whom YHWH shall send against you, in hunger, and in thirst, and in nakedness, and in want of all things: and he shall put a yoke of iron on your neck, until he have destroyed you.	Because you didn't serve YHWH your God with joyfulness, and with gladness of heart, by reason of the abundance of all things;
Deuteronomy 29:2	OT	Deuteronomy	yes	no	no	Moshe called to all Israel, and said to them, You have seen all that YHWH did before your eyes in the land of Mitzrayim to Pharaoh, and to all his servants, and to all his land;	These are the words of the covenant which YHWH commanded Moshe to make with the children of Israel in the land of Moab, besides the covenant which YHWH made with them in Horeb.
Deuteronomy 29:20	OT	Deuteronomy	yes	no	yes	YHWH will not pardon him, but then the anger of YHWH and YHWH’s jealousy will smoke against that man, and all the curse that is written in this book shall lie on him, and YHWH will blot out his name from under the heavens.	and it happen, when he hears the words of this curse, that he bless himself in his heart, saying, I shall have peace, though I walk in the stubbornness of my heart, to destroy the moist with the dry.
Deuteronomy 29:21	OT	Deuteronomy	yes	no	no	YHWH will set him apart for calamity out of all the tribes of Israel, according to all the curses of the covenant that is written in this book of the law.	YHWH will not pardon him, but then the anger of YHWH and YHWH’s jealousy will smoke against that man, and all the curse that is written in this book shall lie on him, and YHWH will blot out his name from under the heavens.
Deuteronomy 31:2	OT	Deuteronomy	yes	no	no	He said to them, I am one hundred twenty years old this day; I can no more go out and come in: and YHWH has said to me, You shall not go over this Yarden.	Moshe went and spoke these words to all Israel.
Deuteronomy 31:3	OT	Deuteronomy	yes	no	no	YHWH your God, YHWH will go over before you; YHWH will destroy these nations from before you, and you shall dispossess them: [and] Yehoshua, he shall go over before you, as YHWH has spoken.	He said to them, I am one hundred twenty years old this day; I can no more go out and come in: and YHWH has said to me, You shall not go over this Yarden.
Deuteronomy 31:7	OT	Deuteronomy	yes	no	no	Moshe called to Yehoshua, and said to him in the sight of all Israel, Be strong and of good courage: for you shall go with this people into the land which YHWH has sworn to their fathers to give them; and you shall cause them to inherit it.	Be strong and of good courage, don't be afraid, nor be scared of them: for YHWH your God goes with you; YHWH will not fail you, nor forsake you.
Deuteronomy 31:14	OT	Deuteronomy	yes	no	no	YHWH said to Moshe, Behold, your days approach that you must die: call Yehoshua, and present yourselves in the tent of meeting, that I may give him a charge. Moshe and Yehoshua went, and presented themselves in the tent of meeting.	and that their children, who have not known, may hear, and learn to revere YHWH your God, as long as you live in the land where you go over the Yarden to possess it.
Deuteronomy 31:29	OT	Deuteronomy	yes	no	yes	For I know that after my death you will utterly corrupt yourselves, and turn aside from the way which I have commanded you; and disaster will happen to you in the latter days; because you will do that which is wrong in the sight of YHWH, to provoke him to anger through the work of your hands.	Assemble to me all the elders of your tribes, and your officers, that I may speak these words in their ears, and call heavens and earth to witness against them.
Deuteronomy 32:10	OT	Deuteronomy	yes	no	yes	YHWH found him in a desert land, in the waste howling wilderness. YHWH surrounded him. YHWH cared for him. YHWH kept him as the apple of YHWH’s eye.	For YHWH's portion is YHWH’s people. Ya'akov is the lot of YHWH’s inheritance.
Deuteronomy 32:12	OT	Deuteronomy	yes	no	no	YHWH alone led him. There was no foreign god with him.	As an eagle that stirs up her nest, that flutters over her young, he spread abroad his wings, he took them, he bore them on his feathers.
Deuteronomy 32:13	OT	Deuteronomy	yes	no	yes	YHWH made him ride on the high places of the earth. He ate the increase of the field. YHWH caused him to suck honey out of the rock, oil out of the flinty rock;	YHWH alone led him. There was no foreign god with him.
Deuteronomy 32:15	OT	Deuteronomy	yes	no	no	But Jeshurun grew fat, and kicked. You have grown fat. You have grown thick. You have become sleek. Then he forsook Elohim, the one who made him, and lightly esteemed the Rock of his salvation.	Butter of the herd, and milk of the flock, with fat of lambs, rams of the breed of Bashan, and goats, with the finest of the wheat. Of the blood of the grape you drank wine.
Deuteronomy 32:43	OT	Deuteronomy	yes	no	no	Rejoice, you nations, [with] YHWH’s people, for YHWH will avenge the blood of YHWH’s servants. He will render vengeance to YHWH’s adversaries, And will make expiation for YHWH’s land, for YHWH’s people.	I will make my arrows drunk with blood. My sword shall devour flesh with the blood of the slain and the captives, from the head of the leaders of the enemy.
Deuteronomy 33:2	OT	Deuteronomy	yes	yes	no	He said, YHWH came from Sinai, And rose from Seir to them. YHWH shone forth from Mount Paran. YHWH came from the ten thousands of holy ones. At YHWH’s right hand was a fiery law for them.	This is the blessing, with which Moshe the person of Elohim blessed the children of Israel before their death.
Deuteronomy 33:7	OT	Deuteronomy	yes	no	yes	This is [the blessing] of Yehudah: and he said, Hear, YHWH, the voice of Yehudah. Bring him in to his people. With his hands he contended for himself. You shall be a help against his adversaries.	Let Reuven live, and not die; Nor let his men be few.
Deuteronomy 33:11	OT	Deuteronomy	yes	no	no	YHWH, bless his substance. Accept the work of his hands. Strike through the hips of those who rise up against him, of those who hate him, that they not rise again.	They shall teach Ya'akov your ordinances, and Israel your law. They shall put incense before you, and whole burnt offering on your altar.
Deuteronomy 33:12	OT	Deuteronomy	yes	no	yes	Of Binyamin he said, The beloved of YHWH shall dwell in safety by him. He covers him all the day long. He dwells between his shoulders.	YHWH, bless his substance. Accept the work of his hands. Strike through the hips of those who rise up against him, of those who hate him, that they not rise again.
Deuteronomy 33:13	OT	Deuteronomy	yes	no	no	Of Yosef he said, His land is blessed by YHWH, for the precious things of the heavens, for the dew, for the deep that couches beneath,	Of Binyamin he said, The beloved of YHWH shall dwell in safety by him. He covers him all the day long. He dwells between his shoulders.
Deuteronomy 33:21	OT	Deuteronomy	yes	no	yes	He provided the first part for himself, for there was the lawgiver's portion reserved. He came [with] the heads of the people. He executed the righteousness of YHWH, His ordinances with Israel.	Of Gad they said, The one who enlarges Gad is blessed. He dwells as a lioness, and tears the arm, yes, the crown of the head.
Deuteronomy 33:23	OT	Deuteronomy	yes	no	no	Of Naphtali he said, Naphtali, satisfied with favor, full of the blessing of YHWH, Possess the west and the south.	Of Dan he said, Dan is a lion's cub that leaps out of Bashan.
Deuteronomy 33:26	OT	Deuteronomy	yes	no	no	There is none like Elohim, Jeshurun, who rides on the heavens for your help, In his excellency on the skies.	Your bars shall be iron and brass. As your days, so shall your strength be.
Deuteronomy 34:1	OT	Deuteronomy	yes	no	no	Moshe went up from the plains of Moab to Mount Nebo, to the top of Pisgah, that is over against Yericho. YHWH showed him all the land of Gilead, to Dan,	
Deuteronomy 34:4	OT	Deuteronomy	yes	no	no	YHWH said to him, This is the land which I swore to Avraham, to Yitzhak, and to Ya'akov, saying, I will give it to your seed: I have caused you to see it with your eyes, but you shall not go over there.	and the South, and the Plain of the valley of Yericho the city of palm trees, to Zoar.
Deuteronomy 34:9	OT	Deuteronomy	yes	no	yes	Yehoshua the son of Nun was full of the spirit of wisdom; for Moshe had laid his hands on him: and the children of Israel listened to him, and did as YHWH commanded Moshe.	The children of Israel wept for Moshe in the plains of Moab thirty days: so the days of weeping in the mourning for Moshe were ended.
Deuteronomy 34:11	OT	Deuteronomy	yes	no	no	in all the signs and the wonders, which YHWH sent him to do in the land of Mitzrayim, to Pharaoh, and to all his servants, and to all his land,	There has not arisen a prophet since in Israel like Moshe, whom YHWH knew face to face,
Joshua 3:10	OT	Joshua	yes	no	yes	"Yehoshua said, ""Hereby you shall know that the living Elohim is among you, and that he will without fail drive the Canaanite, and the Hittite, and the Hivite, and the Perizzite, and the Girgashite, and the Amorite, and the Jebusite out from before you."	"Yehoshua said to the children of Israel, ""Come here, and hear the words of YHWH your God."""
Joshua 4:14	OT	Joshua	yes	no	no	On that day, YHWH magnified Yehoshua in the sight of all Israel; and they feared him, as they feared Moshe, all the days of his life.	About forty thousand men, ready and armed for war passed over before YHWH to battle, to the plains of Yericho.
Joshua 5:14	OT	Joshua	yes	no	no	"He said, ""No; but I have come now as commander of YHWH's army."" Yehoshua fell on his face to the earth, and worshipped, and said to him, ""What does my lord say to his servant?"""	"It happened, when Yehoshua was by Yericho, that they lifted up their eyes and looked, and behold, a person stood in front of him with their sword drawn in their hand. Yehoshua went to him, and said to him, ""Are you for us, or for our adversaries?"""
Joshua 6:11	OT	Joshua	yes	no	no	So he caused the ark of YHWH to go around the city, going about it once. Then they came into the camp, and lodged in the camp.	"Yehoshua commanded the people, saying, ""You shall not shout, nor let your voice be heard, neither shall any word proceed out of your mouth, until the day I tell you to shout. Then you shall shout."""
Joshua 6:26	OT	Joshua	yes	no	no	"Yehoshua charged them with an oath at that time, saying, ""Cursed be the person before YHWH, who rises up and builds this city Yericho. With the loss of his firstborn shall he lay its foundation, and with the loss of his youngest son shall he set up its gates."""	But Rahab the prostitute, her father's household, and all that she had, Yehoshua saved alive. She lived in the midst of Israel to this day, because she hid the messengers, whom Yehoshua sent to spy out Yericho.
Joshua 6:27	OT	Joshua	yes	no	no	So YHWH was with Yehoshua; and his fame was in all the land.	"Yehoshua charged them with an oath at that time, saying, ""Cursed be the person before YHWH, who rises up and builds this city Yericho. With the loss of his firstborn shall he lay its foundation, and with the loss of his youngest son shall he set up its gates."""
Joshua 7:6	OT	Joshua	yes	no	yes	Yehoshua tore his clothes, and fell to the earth on his face before the ark of YHWH until the evening, he and the elders of Israel; and they put dust on their heads.	The men of Ai struck of them about thirty-six men; and they chased them [from] before the gate even to Shebarim, and struck them at the descent; and the hearts of the people melted, and became as water.
Joshua 7:15	OT	Joshua	yes	no	yes	It shall be, that the one who is taken with the devoted thing shall be burnt with fire, they and all that they have; because he has transgressed the covenant of YHWH, and because he has done folly in Israel.	In the morning therefore you shall be brought near by your tribes: and it shall be, that the tribe which YHWH takes shall come near by families; and the family which YHWH shall take shall come near by households; and the household which YHWH shall take shall come near man by man.
Joshua 7:19	OT	Joshua	yes	no	no	Yehoshua said to Achan, My son, please give glory to YHWH, the God of Israel, and make confession to him; and tell me now what you have done; don't hide it from me.	and he brought near his household man by man; and Achan, the son of Carmi, the son of Zabdi, the son of Zerach, of the tribe of Yehudah, was taken.
Joshua 7:25	OT	Joshua	yes	no	no	Yehoshua said, Why have you troubled us? YHWH shall trouble you this day. All Israel stoned him with stones; and they burned them with fire, and stoned them with stones.	Yehoshua, and all Israel with him, took Achan the son of Zerach, and the silver, and the mantle, and the wedge of gold, and his sons, and his daughters, and his oxen, and his donkeys, and his sheep, and his tent, and all that he had: and they brought them up to the valley of Achor.
Joshua 7:26	OT	Joshua	yes	no	yes	"They raised over him a great heap of stones, to this day; and YHWH turned from the fierceness of YHWH’s anger. Therefore the name of that place was called ""The valley of Achor"" to this day."	Yehoshua said, Why have you troubled us? YHWH shall trouble you this day. All Israel stoned him with stones; and they burned them with fire, and stoned them with stones.
Joshua 8:1	OT	Joshua	yes	no	no	YHWH said to Yehoshua, Don't be afraid, neither be dismayed: take all the people of war with you, and arise, go up to Ai; behold, I have given into your hand the king of Ai, and his people, and his city, and his land;	
Joshua 8:18	OT	Joshua	yes	no	no	YHWH said to Yehoshua, Stretch out the javelin that is in your hand toward Ai; for I will give it into your hand. Yehoshua stretched out the javelin that was in his hand toward the city.	There was not a person left in Ai or Beth El, who didn't go out after Israel: and they left the city open, and pursued after Israel.
Joshua 8:32	OT	Joshua	no	yes	no	He wrote there on the stones a copy of the law of Moshe, which he wrote, in the presence of the children of Israel.	as Moshe the servant of YHWH commanded the children of Israel, as it is written in the book of the law of Moshe, an altar of uncut stones, on which no one had lifted up any iron: and they offered thereon burnt offerings to YHWH, and sacrificed peace offerings.
Joshua 9:9	OT	Joshua	yes	no	yes	They said to him, From a very far country your servants are come because of the name of YHWH your God: for we have heard the fame of him, and all that he did in Mitzrayim,	They said to Yehoshua, We are your servants. Yehoshua said to them, Who are you? and from whence come you?
Joshua 9:27	OT	Joshua	yes	no	no	That day Yehoshua made those wood cutters and drawers of water for the congregation, and for the altar of YHWH, to this day, in the place which he should choose.	So did he to them, and delivered them out of the hand of the children of Israel, that they didn't kill them.
Joshua 10:12	OT	Joshua	yes	no	yes	Then spoke Yehoshua to YHWH in the day when YHWH delivered up the Amorites before the children of Israel; and he said in the sight of Israel, Sun, stand you still on Gibeon; You, Moon, in the valley of Aijalon.	It happened, as they fled from before Israel, while they were at the descent of Beit Horon, that YHWH cast down great stones from the heavens on them to Azekah, and they died: they were more who died with the hailstones than they whom the children of Israel killed with the sword.
Joshua 10:30	OT	Joshua	yes	no	no	and YHWH delivered it also, and the king of it, into the hand of Israel; and he struck it with the edge of the sword, and all the souls who were therein; he left none remaining in it; and he did to the king of it as he had done to the king of Yericho.	Yehoshua passed from Makkedah, and all Israel with him, to Libnah, and fought against Libnah:
Joshua 10:32	OT	Joshua	yes	no	yes	and YHWH delivered Lachish into the hand of Israel; and he took it on the second day, and struck it with the edge of the sword, and all the souls who were therein, according to all that he had done to Libnah.	Yehoshua passed from Libnah, and all Israel with him, to Lachish, and encamped against it, and fought against it:
Joshua 10:39	OT	Joshua	yes	no	no	and YHWH delivered it, and the king of it, and all the cities of it; and they struck them with the edge of the sword, and utterly destroyed all the souls who were therein; he left none remaining: as he had done to Chevron, so he did to Debir, and to the king of it; as he had done also to Libnah, and to the king of it.	Yehoshua returned, and all Israel with him, to Debir, and fought against it:
Joshua 10:40	OT	Joshua	yes	no	no	So Yehoshua struck all the land, the hill country, and the South, and the lowland, and the slopes, and all their kings: he left none remaining, but he utterly destroyed all that breathed, as YHWH, the God of Israel, commanded.	and YHWH delivered it, and the king of it, and all the cities of it; and they struck them with the edge of the sword, and utterly destroyed all the souls who were therein; he left none remaining: as he had done to Chevron, so he did to Debir, and to the king of it; as he had done also to Libnah, and to the king of it.
Joshua 11:9	OT	Joshua	yes	no	no	Yehoshua did to them as YHWH bade him: he hamstrung their horses, and burnt their chariots with fire.	YHWH delivered them into the hand of Israel, and they struck them, and chased them to great Tzidon, and to Misrephoth Maim, and to the valley of Mizpeh eastward; and they struck them, until they left them none remaining.
Joshua 11:12	OT	Joshua	yes	no	no	All the cities of those kings, and all the kings of them, did Yehoshua take, and he struck them with the edge of the sword, and utterly destroyed them; as Moshe the servant of YHWH commanded.	They struck all the souls who were therein with the edge of the sword, utterly destroying them; there was none left who breathed: and he burnt Hazor with fire.
Joshua 11:15	OT	Joshua	yes	no	no	As YHWH commanded Moshe his servant, so did Moshe command Yehoshua: and so did Yehoshua; he left nothing undone of all that YHWH commanded Moshe.	All the spoil of these cities, and the livestock, the children of Israel took for a prey to themselves; but everyone they struck with the edge of the sword, until they had destroyed them, neither left they any who breathed.
Joshua 11:20	OT	Joshua	yes	no	yes	For it was of YHWH to harden their hearts, to come against Israel in battle, that he might utterly destroy them, that they might have no favor, but that he might destroy them, as YHWH commanded Moshe.	There was not a city that made peace with the children of Israel, save the Hivites the inhabitants of Gibeon: they took all in battle.
Joshua 13:1	OT	Joshua	yes	no	no	Now Yehoshua was old and well stricken in years; and YHWH said to him, You are old and well stricken in years, and there remains yet very much land to be possessed.	
Joshua 13:8	OT	Joshua	yes	no	no	With him the Reubenites and the Gadites received their inheritance, which Moshe gave them, beyond the Yarden eastward, even as Moshe the servant of YHWH gave them:	Now therefore divide this land for an inheritance to the nine tribes, and the half-tribe of Menashe.
Joshua 13:14	OT	Joshua	yes	no	no	Only to the tribe of Levi he gave no inheritance; the offerings of YHWH, the God of Israel, made by fire are his inheritance, as he spoke to him.	Nevertheless the children of Israel didn't drive out the Geshurites, nor the Maacathites: but Geshur and Maacath dwell in the midst of Israel to this day.
Joshua 13:33	OT	Joshua	yes	no	no	But to the tribe of Levi Moshe gave no inheritance: YHWH, the God of Israel, is their inheritance, as he spoke to them.	These are the inheritances which Moshe distributed in the plains of Moab, beyond the Yarden at Yericho, eastward.
Joshua 14:6	OT	Joshua	yes	no	yes	Then the children of Yehudah drew near to Yehoshua in Gilgal: and Kalev the son of Jephunneh the Kenizzite said to him, You know the thing that YHWH spoke to Moshe the person of Elohim concerning me and concerning you in Kadesh Barnea.	As YHWH commanded Moshe, so the children of Israel did; and they divided the land.
Joshua 14:7	OT	Joshua	yes	no	no	Forty years old was I when Moshe the servant of YHWH sent me from Kadesh Barnea to spy out the land; and I brought him word again as it was in my heart.	Then the children of Yehudah drew near to Yehoshua in Gilgal: and Kalev the son of Jephunneh the Kenizzite said to him, You know the thing that YHWH spoke to Moshe the person of Elohim concerning me and concerning you in Kadesh Barnea.
Joshua 15:13	OT	Joshua	yes	no	no	To Kalev the son of Jephunneh he gave a portion among the children of Yehudah, according to the commandment of YHWH to Yehoshua, even Kiriath Arba, [which Arba was] the father of Anak (the same is Chevron).	The west border was to the great sea, and the border [of it]. This is the border of the children of Yehudah round about according to their families.
Joshua 17:4	OT	Joshua	yes	no	no	They came near before Eleazar the priest, and before Yehoshua the son of Nun, and before the princes, saying, YHWH commanded Moshe to give us an inheritance among our brothers: therefore according to the commandment of YHWH he gave them an inheritance among the brothers of their father.	But Zelophehad, the son of Hepher, the son of Gilead, the son of Machir, the son of Menashe, had no sons, but daughters: and these are the names of his daughters: Mahlah, and Noah, Hoglah, Milcah, and Tirzah.
Joshua 19:50	OT	Joshua	yes	no	yes	according to the commandment of YHWH they gave him the city which he asked, even Timnathserah in the hill country of Efrayim; and he built the city, and lived therein.	So they made an end of distributing the land for inheritance by the borders of it; and the children of Israel gave an inheritance to Yehoshua the son of Nun in the midst of them:
Joshua 21:43	OT	Joshua	yes	no	no	So YHWH gave to Israel all the land which he swore to give to their fathers; and they possessed it, and lived therein.	These cities were every one with their suburbs round about them: thus it was with all these cities.
Joshua 22:22	OT	Joshua	yes	no	no	The Mighty One, Elohim, YHWH, the Mighty One, Elohim, YHWH, YHWH knows; and Israel he shall know: if it be in rebellion, or if in trespass against YHWH (don't save us this day),	Then the children of Reuven and the children of Gad and the half-tribe of Menashe answered, and spoke to the heads of the thousands of Israel,
Joshua 22:27	OT	Joshua	yes	no	no	but it shall be a witness between us and you, and between our generations after us, that we may do the service of YHWH before him with our burnt offerings, and with our sacrifices, and with our peace offerings; that your children may not tell our children in time to come, You have no portion in YHWH.	Therefore we said, Let us now prepare to build us an altar, not for burnt offering, nor for sacrifice:
Joshua 22:29	OT	Joshua	yes	no	no	Far be it from us that we should rebel against YHWH, and turn away this day from following YHWH, to build an altar for burnt offering, for meal offering, or for sacrifice, besides the altar of YHWH our God that is before his tent.	Therefore said we, It shall be, when they so tell us or to our generations in time to come, that we shall say, Behold the pattern of the altar of YHWH, which our fathers made, not for burnt offering, nor for sacrifice; but it is a witness between us and you.
Joshua 23:3	OT	Joshua	yes	no	yes	and you have seen all that YHWH your God has done to all these nations because of you; for YHWH your God, he it is that has fought for you.	that Yehoshua called for all Israel, for their elders and for their heads, and for their judges and for their officers, and said to them, I am old and well stricken in years:
Joshua 24:7	OT	Joshua	yes	no	yes	When they cried out to YHWH, he put darkness between you and the Egyptians, and brought the sea on them, and covered them; and your eyes saw what I did in Mitzrayim: and you lived in the wilderness many days.	I brought your fathers out of Mitzrayim: and you came to the sea; and the Egyptians pursued after your fathers with chariots and with horsemen to the Red Sea.
Joshua 24:18	OT	Joshua	yes	no	yes	and YHWH drove out from before us all the peoples, even the Amorites who lived in the land: therefore we also will serve YHWH; for he is our God.	for YHWH our God brought us and our fathers up out of the land of Mitzrayim, from the house of bondage, and who did those great signs in our sight, and preserved us in all the way in which we went, and among all the peoples through the midst of whom we passed;
Joshua 24:22	OT	Joshua	yes	no	yes	Yehoshua said to the people, You are witnesses against yourselves that you have chosen you YHWH, to serve him. They said, We are witnesses.	The people said to Yehoshua, No; but we will serve YHWH.
Joshua 24:23	OT	Joshua	yes	no	no	Now therefore put away, [said he], the foreign gods which are among you, and incline your heart to YHWH, the God of Israel.	Yehoshua said to the people, You are witnesses against yourselves that you have chosen you YHWH, to serve him. They said, We are witnesses.
Joshua 24:26	OT	Joshua	yes	no	yes	Yehoshua wrote these words in the book of the law of Elohim; and he took a great stone, and set it up there under the oak that was by the sanctuary of YHWH.	So Yehoshua made a covenant with the people that day, and set them a statute and an ordinance in Shekhem.
Judges 1:2	OT	Judges	yes	no	yes	YHWH said, Yehudah shall go up: behold, I have delivered the land into his hand.	It happened after the death of Yehoshua, the children of Israel asked of YHWH, saying, Who shall go up for us first against the Canaanites, to fight against them?
Judges 1:7	OT	Judges	yes	no	no	"Adoni-Bezek said, ""Seventy kings, having their thumbs and their great toes cut off, gathered [their food] under my table: as I have done, so Elohim has requited me."" They brought him to Yerushalayim, and he died there."	But Adoni-Bezek fled; and they pursued after him, and caught him, and cut off his thumbs and his great toes.
Judges 1:19	OT	Judges	yes	no	yes	YHWH was with Yehudah; and drove out [the inhabitants of] the hill country; for he could not drive out the inhabitants of the valley, because they had chariots of iron.	Also Yehudah took Azzah with the border of it, and Ashqelon with the border of it, and Ekron with the border of it.
Judges 2:1	OT	Judges	yes	no	yes	The angel of YHWH came up from Gilgal to Bochim. He said, I made you to go up out of Mitzrayim, and have brought you to the land which I swore to your fathers; and I said, I will never break my covenant with you:	
Judges 2:14	OT	Judges	yes	no	yes	The anger of YHWH was kindled against Israel, and he delivered them into the hands of spoilers who despoiled them; and he sold them into the hands of their enemies round about, so that they could not any longer stand before their enemies.	They forsook YHWH, and served Baal and the Ashtaroth.
Judges 2:20	OT	Judges	yes	no	yes	The anger of YHWH was kindled against Israel; and he said, Because this nation have transgressed my covenant which I commanded their fathers, and have not listened to my voice;	But it happened, when the judge was dead, that they turned back, and dealt more corruptly than their fathers, in following other gods to serve them, and to bow down to them; they didn't cease from their doings, nor from their stubborn way.
Judges 2:23	OT	Judges	yes	no	no	So YHWH left those nations, without driving them out hastily; neither delivered he them into the hand of Yehoshua.	that by them I may prove Israel, whether they will keep the way of YHWH to walk therein, as their fathers did keep it, or not.
Judges 3:8	OT	Judges	yes	no	yes	Therefore the anger of YHWH was kindled against Israel, and he sold them into the hand of Cushan Rishathaim king of Mesopotamia: and the children of Israel served Cushan Rishathaim eight years.	The children of Israel did what was broken in the sight of YHWH, and forgot YHWH their God, and served the Baals and the Asheroth.
Judges 3:10	OT	Judges	yes	no	yes	The Ruach of YHWH came on him, and he judged Israel; and he went out to war, and YHWH delivered Cushan Rishathaim king of Mesopotamia into his hand: and his hand prevailed against Cushan Rishathaim.	When the children of Israel cried to YHWH, YHWH raised up a savior to the children of Israel, who saved them, even Othniel the son of Kenaz, Kalev's younger brother.
Judges 3:13	OT	Judges	no	yes	no	He gathered to him the children of Ammon and Amalek; and he went and struck Israel, and they possessed the city of palm trees.	The children of Israel again did what was broken in the sight of YHWH: and YHWH strengthened Eglon the king of Moab against Israel, because they had done what was broken in the sight of YHWH.
Judges 3:15	OT	Judges	yes	no	no	But when the children of Israel cried to YHWH, YHWH raised them up a savior, Ehud the son of Gera, the Benjamite, a person left-handed. The children of Israel sent tribute by him to Eglon the king of Moab.	The children of Israel served Eglon the king of Moab eighteen years.
Judges 3:20	OT	Judges	yes	no	yes	Ehud came to him; and he was sitting by himself alone in the cool upper room. Ehud said, I have a message from Elohim to you. He arose out of his seat.	But he himself turned back from the quarries that were by Gilgal, and said, I have a secret errand to you, king. He said, Keep silence. All who stood by him went out from him.
Judges 3:28	OT	Judges	yes	no	no	He said to them, Follow after me; for YHWH has delivered your enemies the Moabites into your hand. They went down after them, and took the fords of the Yarden against the Moabites, and didn't allow a person to pass over.	It happened, when he had come, that he blew a trumpet in the hill country of Efrayim; and the children of Israel went down with him from the hill country, and he before them.
Judges 4:3	OT	Judges	yes	no	yes	The children of Israel cried to YHWH: for he had nine hundred chariots of iron; and twenty years he mightily oppressed the children of Israel.	YHWH sold them into the hand of Jabin king of Kena'an, who reigned in Hazor; the captain of whose army was Sisera, who lived in Harosheth of the Gentiles.
Judges 4:6	OT	Judges	yes	no	yes	She sent and called Barak the son of Abinoam out of Kedesh Naphtali, and said to him, Hasn't YHWH, the God of Israel, commanded, [saying], Go and draw to Mount Tabor, and take with you ten thousand men of the children of Naphtali and of the children of Zevulun?	She lived under the palm tree of Devorah between Ramah and Beit El in the hill country of Efrayim: and the children of Israel came up to her for judgment.
Judges 4:14	OT	Judges	yes	no	no	Devorah said to Barak, Up; for this is the day in which YHWH has delivered Sisera into your hand; hasn't YHWH gone out before you? So Barak went down from Mount Tabor, and ten thousand men after him.	Sisera gathered together all his chariots, even nine hundred chariots of iron, and all the people who were with him, from Harosheth of the Gentiles, to the river Kishon.
Judges 4:15	OT	Judges	yes	no	yes	YHWH confused Sisera, and all his chariots, and all his army, with the edge of the sword before Barak; and Sisera alighted from his chariot, and fled away on his feet.	Devorah said to Barak, Up; for this is the day in which YHWH has delivered Sisera into your hand; hasn't YHWH gone out before you? So Barak went down from Mount Tabor, and ten thousand men after him.
Judges 5:11	OT	Judges	yes	no	no	Far from the noise of archers, in the places of drawing water, there they will rehearse the righteous acts of YHWH, [Even] the righteous acts of his rule in Israel. Then the people of YHWH went down to the gates.	Tell [of it], you who ride on white donkeys, you who sit on rich carpets, and you who walk by the way.
Judges 6:8	OT	Judges	yes	no	no	that YHWH sent a prophet to the children of Israel: and he said to them, Thus says YHWH, the God of Israel, I brought you up from Mitzrayim, and brought you forth out of the house of bondage;	It happened, when the children of Israel cried to YHWH because of Midian,
Judges 6:11	OT	Judges	yes	no	yes	The angel of YHWH came, and sat under the oak which was in Ophrah, that pertained to Yoash the Abiezrite: and his son Gid'on was beating out wheat in the winepress, to hide it from the Midianites.	and I said to you, I am YHWH your God; you shall not fear the gods of the Amorites, in whose land you dwell. But you have not listened to my voice.
Judges 6:12	OT	Judges	yes	no	yes	The angel of YHWH appeared to him, and said to him, YHWH is with you, you mighty man of valor.	The angel of YHWH came, and sat under the oak which was in Ophrah, that pertained to Yoash the Abiezrite: and his son Gid'on was beating out wheat in the winepress, to hide it from the Midianites.
Judges 6:13	OT	Judges	yes	no	yes	Gid'on said to him, Oh, my lord, if YHWH is with us, why then has all this happened to us? and where are all his wondrous works which our fathers told us of, saying, Did not YHWH bring us up from Mitzrayim? but now YHWH has cast us off, and delivered us into the hand of Midian.	The angel of YHWH appeared to him, and said to him, YHWH is with you, you mighty man of valor.
Judges 6:14	OT	Judges	yes	no	no	YHWH looked at him, and said, Go in this your might, and save Israel from the hand of Midian: have not I sent you?	Gid'on said to him, Oh, my lord, if YHWH is with us, why then has all this happened to us? and where are all his wondrous works which our fathers told us of, saying, Did not YHWH bring us up from Mitzrayim? but now YHWH has cast us off, and delivered us into the hand of Midian.
Judges 6:15	OT	Judges	yes	yes	yes	He said to him, Oh, YHWH, with which shall I save Israel? behold, my family is the poorest in Menashe, and I am the least in my father's house.	YHWH looked at him, and said, Go in this your might, and save Israel from the hand of Midian: have not I sent you?
Judges 6:16	OT	Judges	yes	no	no	YHWH said to him, Surely I will be with you, and you shall strike the Midianites as one man.	He said to him, Oh, YHWH, with which shall I save Israel? behold, my family is the poorest in Menashe, and I am the least in my father's house.
Judges 6:17	OT	Judges	no	yes	no	He said to him, If now I have found favor in your sight, then show me a sign that it is you who talk with me.	YHWH said to him, Surely I will be with you, and you shall strike the Midianites as one man.
Judges 6:20	OT	Judges	yes	no	yes	The angel of Elohim said to him, Take the flesh and the unleavened cakes, and lay them on this rock, and pour out the broth. He did so.	Gid'on went in, and made ready a kid, and unleavened cakes of an ephah of meal: the flesh he put in a basket, and he put the broth in a pot, and brought it out to him under the oak, and presented it.
Judges 6:21	OT	Judges	yes	no	yes	Then the angel of YHWH put forth the end of the staff that was in his hand, and touched the flesh and the unleavened cakes; and there went up fire out of the rock, and consumed the flesh and the unleavened cakes; and the angel of YHWH departed out of his sight.	The angel of Elohim said to him, Take the flesh and the unleavened cakes, and lay them on this rock, and pour out the broth. He did so.
Judges 6:22	OT	Judges	yes	no	no	Gid'on saw that he was the angel of YHWH; and Gid'on said, Alas, YHWH God! because I have seen the angel of YHWH face to face.	Then the angel of YHWH put forth the end of the staff that was in his hand, and touched the flesh and the unleavened cakes; and there went up fire out of the rock, and consumed the flesh and the unleavened cakes; and the angel of YHWH departed out of his sight.
Judges 6:23	OT	Judges	yes	no	no	YHWH said to him, Peace be to you; don't be afraid: you shall not die.	Gid'on saw that he was the angel of YHWH; and Gid'on said, Alas, YHWH God! because I have seen the angel of YHWH face to face.
Judges 6:25	OT	Judges	yes	no	no	It happened the same night, that YHWH said to him, Take your father's bull, even the second bull seven years old, and throw down the altar of Baal that your father has, and cut down the Asherah that is by it;	Then Gid'on built an altar there to YHWH, and called it YHWH is Peace: to this day it is still in Ophrah of the Abiezrites.
Judges 6:27	OT	Judges	yes	no	yes	Then Gid'on took ten men of his servants, and did as YHWH had spoken to him: and it happened, because he feared his father's household and the men of the city, so that he could not do it by day, that he did it by night.	and build an altar to YHWH your God on the top of this stronghold, in the orderly manner, and take the second bull, and offer a burnt offering with the wood of the Asherah which you shall cut down.
Judges 6:34	OT	Judges	yes	no	no	But the Ruach of YHWH came on Gid'on; and he blew a trumpet; and Abiezer was gathered together after him.	Then all the Midianites and the Amalekites and the children of the east assembled themselves together; and they passed over, and encamped in the valley of Jezreel.
Judges 6:35	OT	Judges	no	yes	no	He sent messengers throughout all Menashe; and they also were gathered together after him: and he sent messengers to Asher, and to Zevulun, and to Naphtali; and they came up to meet them.	But the Ruach of YHWH came on Gid'on; and he blew a trumpet; and Abiezer was gathered together after him.
Judges 7:5	OT	Judges	yes	no	no	So they brought down the people to the water: and YHWH said to Gid'on, Everyone who laps of the water with their tongue, as a dog laps, him shall you set by themselves; likewise everyone who bows down on their knees to drink.	YHWH said to Gid'on, The people are yet too many; bring them down to the water, and I will try them for you there: and it shall be, that of whom I tell you, This shall go with you, the same shall go with you; and of whoever I tell you, This shall not go with you, the same shall not go.
Judges 7:9	OT	Judges	yes	no	no	It happened the same night, that YHWH said to him, Arise, get you down into the camp; for I have delivered it into your hand.	So the people took food in their hand, and their trumpets; and they sent all the people of Israel everyone to their tent, but retained the three hundred men: and the camp of Midian was beneath him in the valley.
Judges 7:15	OT	Judges	yes	no	no	It was so, when Gid'on heard the telling of the dream, and the interpretation of it, that he worshiped; and he returned into the camp of Israel, and said, Arise; for YHWH has delivered into your hand the army of Midian.	Their fellow answered, This is nothing else save the sword of Gid'on the son of Yoash, a person of Israel: into their hand Elohim has delivered Midian, and all the army.
Judges 7:16	OT	Judges	no	yes	no	He divided the three hundred men into three companies, and he put into the hands of all of them trumpets, and empty pitchers, with torches within the pitchers.	It was so, when Gid'on heard the telling of the dream, and the interpretation of it, that he worshiped; and he returned into the camp of Israel, and said, Arise; for YHWH has delivered into your hand the army of Midian.
Judges 8:3	OT	Judges	yes	no	no	Elohim has delivered into your hand the princes of Midian, Oreb and Zeeb: and what was I able to do in comparison with you? Then their anger was abated toward him, when he had said that.	He said to them, What have I now done in comparison with you? Isn't the gleaning of the grapes of Efrayim better than the vintage of Abiezer?
Judges 8:8	OT	Judges	no	yes	no	He went up there to Penuel, and spoke to them in like manner; and the men of Penuel answered him as the men of Succoth had answered.	Gid'on said, Therefore when YHWH has delivered Zebah and Zalmunna into my hand, then I will tear your flesh with the thorns of the wilderness and with briers.
Judges 8:19	OT	Judges	yes	no	no	He said, They were my brothers, the sons of my mother: as YHWH lives, if you had saved them alive, I would not kill you.	Then said he to Zebah and Zalmunna, What manner of people were they whom you killed at Tabor? They answered, As you are, so were they; each one resembled the children of a king.
Judges 8:20	OT	Judges	no	yes	no	He said to Jether his firstborn, Up, and kill them. But the youth didn't draw his sword; for he feared, because he was yet a youth.	He said, They were my brothers, the sons of my mother: as YHWH lives, if you had saved them alive, I would not kill you.
Judges 9:7	OT	Judges	yes	no	no	When they told it to Yotam, he went and stood on the top of Mount Gerizim, and lifted up his voice, and cried, and said to them, Listen to me, you men of Shekhem, that Elohim may listen to you.	All the men of Shekhem assembled themselves together, and all the house of Millo, and went and made Abimelech king, by the oak of the pillar that was in Shekhem.
Judges 9:56	OT	Judges	yes	no	no	Thus Elohim requited the wickedness of Abimelech, which he did to his father, in killing his seventy brothers;	When the people of Israel saw that Abimelech was dead, they departed everyone to their place.
Judges 10:6	OT	Judges	yes	no	yes	The children of Israel again did what was broken in the sight of YHWH, and served the Baals, and the Ashtaroth, and the gods of Aram, and the gods of Tzidon, and the gods of Moab, and the gods of the children of Ammon, and the gods of the Philistines; and they forsook YHWH, and didn't serve him.	Jair died, and was buried in Kamon.
Judges 10:7	OT	Judges	yes	no	yes	The anger of YHWH was kindled against Israel, and he sold them into the hand of the Philistines, and into the hand of the children of Ammon.	The children of Israel again did what was broken in the sight of YHWH, and served the Baals, and the Ashtaroth, and the gods of Aram, and the gods of Tzidon, and the gods of Moab, and the gods of the children of Ammon, and the gods of the Philistines; and they forsook YHWH, and didn't serve him.
Judges 10:16	OT	Judges	yes	no	yes	They put away the foreign gods from among them, and served YHWH; and his soul was grieved for the misery of Israel.	The children of Israel said to YHWH, We have sinned: do you to us whatever seems good to you; only deliver us, we pray you, this day.
Judges 11:11	OT	Judges	yes	no	no	Then Jephthah went with the elders of Gilead, and the people made him head and chief over them: and Jephthah spoke all his words before YHWH in Mizpah.	The elders of Gilead said to Jephthah, YHWH shall be witness between us; surely according to your word so will we do.
Judges 11:21	OT	Judges	yes	no	yes	YHWH, the God of Israel, delivered Sihon and all his people into the hand of Israel, and they struck them: so Israel possessed all the land of the Amorites, the inhabitants of that country.	But Sihon didn't trust Israel to pass through his border; but Sihon gathered all his people together, and encamped in Jahaz, and fought against Israel.
Judges 11:29	OT	Judges	yes	no	yes	Then the Ruach of YHWH came on Jephthah, and he passed over Gilead and Menashe, and passed over Mizpeh of Gilead, and from Mizpeh of Gilead he passed over to the children of Ammon.	However the king of the children of Ammon didn't listen to the words of Jephthah which he sent him.
Judges 11:32	OT	Judges	yes	no	yes	So Jephthah passed over to the children of Ammon to fight against them; and YHWH delivered them into his hand.	then it shall be, that whatever comes forth from the doors of my house to meet me, when I return in peace from the children of Ammon, it shall be YHWH's, and I will offer it up for a burnt offering.
Judges 11:33	OT	Judges	no	yes	no	He struck them from Aroer until you come to Minnith, even twenty cities, and to Abelcheramim, with a very great slaughter. So the children of Ammon were subdued before the children of Israel.	So Jephthah passed over to the children of Ammon to fight against them; and YHWH delivered them into his hand.
Judges 11:35	OT	Judges	yes	no	no	It happened, when he saw her, that he tore his clothes, and said, Alas, my daughter! you have brought me very low, and you are one of those who trouble me; for I have opened my mouth to YHWH, and I can't go back.	Jephthah came to Mizpah to his house; and behold, his daughter came out to meet him with tambourines and with dances: and she was his only child; besides her he had neither son nor daughter.
Judges 11:36	OT	Judges	yes	no	yes	She said to him, My father, you have opened your mouth to YHWH; do to me according to that which has proceeded out of your mouth, because YHWH has taken vengeance for you on your enemies, even on the children of Ammon.	It happened, when he saw her, that he tore his clothes, and said, Alas, my daughter! you have brought me very low, and you are one of those who trouble me; for I have opened my mouth to YHWH, and I can't go back.
Judges 13:5	OT	Judges	yes	no	yes	for, behold, you shall conceive, and bear a son; and no razor shall come on his head; for the child shall be a Nazirite to Elohim from the womb: and he shall begin to save Israel out of the hand of the Philistines.	Now therefore please beware and drink no wine nor strong drink, and don't eat any unclean thing:
Judges 13:6	OT	Judges	yes	no	yes	Then the woman came and told her husband, saying, A person of Elohim came to me, and their face was like the face of the angel of Elohim, very awesome; and I didn't ask him whence he was, neither did he tell me his name:	for, behold, you shall conceive, and bear a son; and no razor shall come on his head; for the child shall be a Nazirite to Elohim from the womb: and he shall begin to save Israel out of the hand of the Philistines.
Judges 13:7	OT	Judges	yes	no	no	but he said to me, Behold, you shall conceive, and bear a son; and now drink no wine nor strong drink, and eat not any unclean thing; for the child shall be a Nazirite to Elohim from the womb to the day of his death.	Then the woman came and told her husband, saying, A person of Elohim came to me, and their face was like the face of the angel of Elohim, very awesome; and I didn't ask him whence he was, neither did he tell me his name:
Judges 13:16	OT	Judges	yes	no	no	The angel of YHWH said to Manoah, Though you detain me, I won't eat of your bread; and if you will make ready a burnt offering, you must offer it to YHWH. For Manoah didn't know that he was the angel of YHWH.	Manoah said to the angel of YHWH, I pray you, let us detain you, that we may make ready a kid for you.
Judges 13:18	OT	Judges	yes	no	no	The angel of YHWH said to him, Why do you ask after my name, seeing it is wonderful?	Manoah said to the angel of YHWH, What is your name, that when your words happen, we may honor you?
Judges 13:19	OT	Judges	yes	no	no	So Manoah took the kid with the meal offering, and offered it on the rock to YHWH: and [the angel] did wondrously, and Manoah and his wife looked on.	The angel of YHWH said to him, Why do you ask after my name, seeing it is wonderful?
Judges 13:20	OT	Judges	yes	no	yes	For it happened, when the flame went up toward the heavens from off the altar, that the angel of YHWH ascended in the flame of the altar: and Manoah and his wife looked on; and they fell on their faces to the ground.	So Manoah took the kid with the meal offering, and offered it on the rock to YHWH: and [the angel] did wondrously, and Manoah and his wife looked on.
Judges 13:21	OT	Judges	yes	no	no	But the angel of YHWH did no more appear to Manoah or to his wife. Then Manoah knew that he was the angel of YHWH.	For it happened, when the flame went up toward the heavens from off the altar, that the angel of YHWH ascended in the flame of the altar: and Manoah and his wife looked on; and they fell on their faces to the ground.
Judges 13:22	OT	Judges	yes	no	no	Manoah said to his wife, We shall surely die, because we have seen Elohim.	But the angel of YHWH did no more appear to Manoah or to his wife. Then Manoah knew that he was the angel of YHWH.
Judges 13:23	OT	Judges	yes	no	yes	But his wife said to him, If YHWH were pleased to kill us, YHWH wouldn't have received a burnt offering and a meal offering at our hand, neither would YHWH have shown us all these things, nor would at this time have told such things as these.	Manoah said to his wife, We shall surely die, because we have seen Elohim.
Judges 13:24	OT	Judges	yes	no	yes	The woman bore a son, and named him Shimshon: and the child grew, and YHWH blessed him.	But his wife said to him, If YHWH were pleased to kill us, YHWH wouldn't have received a burnt offering and a meal offering at our hand, neither would YHWH have shown us all these things, nor would at this time have told such things as these.
Judges 13:25	OT	Judges	yes	no	no	The Ruach of YHWH began to move him in Mahaneh Dan, between Zorah and Eshtaol.	The woman bore a son, and named him Shimshon: and the child grew, and YHWH blessed him.
Judges 14:4	OT	Judges	yes	no	yes	But his father and his mother didn't know that it was of YHWH; for he sought an occasion against the Philistines. Now at that time the Philistines had rule over Israel.	Then his father and his mother said to him, Is there never a woman among the daughters of your brothers, or among all my people, that you go to take a wife of the uncircumcised Philistines? Shimshon said to his father, Get her for me; for she pleases me well.
Judges 14:6	OT	Judges	yes	no	yes	The Ruach of YHWH came mightily on him, and he tore him as he would have torn a kid; and he had nothing in his hand: but he didn't tell his father or his mother what he had done.	Then went Shimshon down, and his father and his mother, to Timnah, and came to the vineyards of Timnah: and behold, a young lion roared against him.
Judges 14:7	OT	Judges	no	yes	no	He went down, and talked with the woman, and she pleased Shimshon well.	The Ruach of YHWH came mightily on him, and he tore him as he would have torn a kid; and he had nothing in his hand: but he didn't tell his father or his mother what he had done.
Judges 14:19	OT	Judges	yes	no	yes	The Ruach of YHWH came mightily on him, and he went down to Ashqelon, and struck thirty men of them, and took their spoil, and gave the changes [of clothing] to those who declared the riddle. His anger was kindled, and he went up to his father's house.	The men of the city said to him on the seventh day before the sun went down, What is sweeter than honey? and what is stronger than a lion? He said to them, If you hadn't plowed with my heifer, you wouldn't have found out my riddle.
Judges 15:14	OT	Judges	yes	no	yes	When he came to Lehi, the Philistines shouted as they met him: and the Ruach of YHWH came mightily on him, and the ropes that were on his arms became as flax that was burnt with fire, and his bands dropped from off his hands.	They spoke to him, saying, No; but we will bind you fast, and deliver you into their hand: but surely we will not kill you. They bound him with two new ropes, and brought him up from the rock.
Judges 15:15	OT	Judges	no	yes	no	He found a fresh jawbone of a donkey, and put forth his hand, and took it, and struck a thousand men therewith.	When he came to Lehi, the Philistines shouted as they met him: and the Ruach of YHWH came mightily on him, and the ropes that were on his arms became as flax that was burnt with fire, and his bands dropped from off his hands.
Judges 15:18	OT	Judges	yes	no	no	He was very thirsty, and called on YHWH, and said, You have given this great deliverance by the hand of your servant; and now shall I die for thirst, and fall into the hand of the uncircumcised.	It happened, when he had made an end of speaking, that he cast away the jawbone out of his hand; and that place was called Ramath Lehi.
Judges 15:19	OT	Judges	yes	no	yes	But Elohim split the hollow place that is in Lehi, and water came out of it. When he had drunk, his spirit came again, and he revived: therefore the name of it was called En Hakkore, which is in Lehi, to this day.	He was very thirsty, and called on YHWH, and said, You have given this great deliverance by the hand of your servant; and now shall I die for thirst, and fall into the hand of the uncircumcised.
Judges 15:20	OT	Judges	no	yes	no	He judged Israel in the days of the Philistines twenty years.	But Elohim split the hollow place that is in Lehi, and water came out of it. When he had drunk, his spirit came again, and he revived: therefore the name of it was called En Hakkore, which is in Lehi, to this day.
Judges 16:17	OT	Judges	yes	no	no	"He told her all his heart, and said to her, ""No razor has ever come on my head; for I have been a Nazirite to Elohim from my mother's womb. If I am shaved, then my strength will go from me, and I will become weak, and be like any other man."""	It happened, when she pressed him daily with her words, and urged him, that his soul was vexed to death.
Judges 16:20	OT	Judges	yes	no	no	She said, The Philistines are on you, Shimshon. He awoke out of his sleep, and said, I will go out as at other times, and shake myself free. But he didn't know that YHWH had departed from him.	She made him sleep on her knees; and she called for a person, and shaved off the seven locks of their head; and she began to afflict him, and his strength went from him.
Judges 17:2	OT	Judges	yes	no	no	He said to his mother, The eleven hundred [pieces] of silver that were taken from you, about which you did utter a curse, and did also speak it in my ears, behold, the silver is with me; I took it. His mother said, Blessed be my son of YHWH.	There was a person of the hill country of Efrayim, whose name was Micah.
Judges 17:3	OT	Judges	yes	yes	no	He restored the eleven hundred [pieces] of silver to his mother; and his mother said, I most certainly dedicate the silver to YHWH from my hand for my son, to make an engraved image and a molten image: now therefore I will restore it to you.	He said to his mother, The eleven hundred [pieces] of silver that were taken from you, about which you did utter a curse, and did also speak it in my ears, behold, the silver is with me; I took it. His mother said, Blessed be my son of YHWH.
Judges 18:5	OT	Judges	yes	no	yes	They said to him, Ask counsel, we pray you, of Elohim, that we may know whether our way which we go shall be prosperous.	He said to them, Thus and thus has Micah dealt with me, and he has hired me, and I am become his priest.
Judges 18:31	OT	Judges	yes	no	no	So they set them up Micah's engraved image which he made, all the time that the house of Elohim was in Shilo.	The children of Dan set up for themselves the engraved image: and Yonatan, the son of Gershom, the son of Moshe, he and his sons were priests to the tribe of the Danites until the day of the captivity of the land.
Judges 19:18	OT	Judges	yes	no	no	He said to him, We are passing from Beit Lechem Yehudah to the farther side of the hill country of Efrayim; from there am I, and I went to Beit Lechem Yehudah: and I am [now] going to the house of YHWH; and there is no one who takes me into their house.	He lifted up his eyes, and saw the wayfaring man in the street of the city; and the old man said, Where go you? and whence come you?
Judges 20:23	OT	Judges	yes	no	no	The children of Israel went up and wept before YHWH until even; and they asked of YHWH, saying, Shall I again draw near to battle against the children of Binyamin my brother? YHWH said, Go up against him.	The people, the people of Israel, encouraged themselves, and set the battle again in array in the place where they set themselves in array the first day.
Judges 20:28	OT	Judges	yes	no	no	and Pinchas, the son of Eleazar, the son of Aharon, stood before it in those days), saying, Shall I yet again go out to battle against the children of Binyamin my brother, or shall I cease? YHWH said, Go up; for tomorrow I will deliver him into your hand.	The children of Israel asked of YHWH (for the ark of the covenant of Elohim was there in those days,
Ruth 2:4	OT	Ruth	yes	no	yes	Behold, Boaz came from Beit Lechem, and said to the reapers, YHWH be with you. They answered him, YHWH bless you.	She went, and came and gleaned in the field after the reapers: and she happened to come to the portion of the field belonging to Boaz, who was of the family of Elimelech.
Ruth 2:20	OT	Ruth	yes	no	no	Naomi said to her daughter-in-law, Blessed be he of YHWH, who has not left off his kindness to the living and to the dead. Naomi said to her, The man is a close relative to us, one of our near kinsmen.	Her mother-in-law said to her, Where have you gleaned today? and where have you worked? blessed be the one who did take knowledge of you. She shown her mother-in-law with whom she had worked, and said, The man's name with whom I worked today is Boaz.
Ruth 3:10	OT	Ruth	yes	no	no	He said, Blessed are you by YHWH, my daughter: you have shown more kindness in the latter end than at the beginning, inasmuch as you didn't follow young people, whether poor or rich.	He said, Who are you? She answered, I am Rut your handmaid: spread therefore your skirt over your handmaid; for you are a near kinsman.
Ruth 3:13	OT	Ruth	yes	no	no	Stay this night, and it shall be in the morning, that if he will perform to you the part of a kinsman, well; let him do the kinsman's part: but if he will not do the part of a kinsman to you, then will I do the part of a kinsman to you, as YHWH lives: lie down until the morning.	Now it is true that I am a near kinsman; however there is a kinsman nearer than I.
Ruth 4:13	OT	Ruth	yes	no	no	So Boaz took Rut, and she became his wife; and he went in to her, and YHWH gave her conception, and she bore a son.	and let your house be like the house of Peretz, whom Tamar bore to Yehudah, of the seed which YHWH shall give you of this young woman.
Ruth 4:14	OT	Ruth	yes	no	yes	The women said to Naomi, Blessed be YHWH, who has not left you this day without a near kinsman; and let his name be famous in Israel.	So Boaz took Rut, and she became his wife; and he went in to her, and YHWH gave her conception, and she bore a son.
Ruth 4:15	OT	Ruth	no	yes	no	He shall be to you a restorer of life, and sustain you in your old age, for your daughter-in-law, who loves you, who is better to you than seven sons, has borne him.	The women said to Naomi, Blessed be YHWH, who has not left you this day without a near kinsman; and let his name be famous in Israel.
1 Samuel 1:3	OT	1 Samuel	yes	no	no	This man went up out of his city from year to year to worship and to sacrifice to YHWH of Armies in Shilo. The two sons of Eli, Hophni and Pinchas, priests to YHWH, were there.	and he had two wives; the name of the one was Hannah, and the name of other Peninnah: and Peninnah had children, but Hannah had no children.
1 Samuel 1:5	OT	1 Samuel	yes	no	no	but to Hannah he gave a double portion; for he loved Hannah, but YHWH had shut up her womb.	When the day came that Elkanah sacrificed, he gave to Peninnah his wife, and to all her sons and her daughters, portions:
1 Samuel 1:7	OT	1 Samuel	yes	no	no	[as] he did so year by year, when she went up to the house of YHWH, so she provoked her; therefore she wept, and did not eat.	Her rival provoked her sore, to make her fret, because YHWH had shut up her womb.
1 Samuel 1:9	OT	1 Samuel	yes	no	no	So Hannah rose up after they had eaten in Shilo, and after they had drunk. Now Eli the priest was sitting on his seat by the doorpost of the temple of YHWH.	Elkanah her husband said to her, Hannah, why weep you? and why don't you eat? and why is your heart grieved? am I not better to you than ten sons?
1 Samuel 1:11	OT	1 Samuel	yes	no	yes	She vowed a vow, and said, YHWH of Armies, if you will indeed look on the affliction of your handmaid, and remember me, and not forget your handmaid, but will give to your handmaid a boy, then I will give him to YHWH all the days of his life, and there shall no razor come on his head.	She was in bitterness of soul, and prayed to YHWH, and wept sore.
1 Samuel 1:17	OT	1 Samuel	yes	no	no	Then Eli answered, Go in peace; and the God of Israel grant your petition that you have asked of him.	Don't count your handmaid for a wicked woman; for out of the abundance of my complaint and my provocation have I spoken hitherto.
1 Samuel 1:19	OT	1 Samuel	yes	no	no	They rose up in the morning early, and worshiped before YHWH, and returned, and came to their house to Ramah: and Elkanah knew Hannah his wife; and YHWH remembered her.	She said, Let your handmaid find favor in your sight. So the woman went her way, and ate; and her facial expression wasn't sad any more.
1 Samuel 1:20	OT	1 Samuel	yes	no	yes	It happened, when the time was come about, that Hannah conceived, and bore a son; and she named him Shmuel, [saying], Because I have asked him of YHWH.	They rose up in the morning early, and worshiped before YHWH, and returned, and came to their house to Ramah: and Elkanah knew Hannah his wife; and YHWH remembered her.
1 Samuel 1:22	OT	1 Samuel	yes	no	yes	But Hannah didn't go up; for she said to her husband, [I will not go up] until the child be weaned; and then I will bring him, that he may appear before YHWH, and there abide forever.	The person Elkanah, and all their house, went up to offer to YHWH the yearly sacrifice, and their vow.
1 Samuel 1:23	OT	1 Samuel	yes	no	yes	Elkanah her husband said to her, Do what seems you good; wait until you have weaned him; only YHWH establish YHWH’s word. So the woman waited and nursed her son, until she weaned him.	But Hannah didn't go up; for she said to her husband, [I will not go up] until the child be weaned; and then I will bring him, that he may appear before YHWH, and there abide forever.
1 Samuel 1:24	OT	1 Samuel	yes	no	yes	When she had weaned him, she took him up with her, with three bulls, and one ephah of meal, and a bottle of wine, and brought him to the house of YHWH in Shilo: and the child was young.	Elkanah her husband said to her, Do what seems you good; wait until you have weaned him; only YHWH establish YHWH’s word. So the woman waited and nursed her son, until she weaned him.
1 Samuel 1:27	OT	1 Samuel	yes	no	no	For this child I prayed; and YHWH has given me my petition which I asked of him:	She said, Oh, my lord, as your soul lives, my lord, I am the woman who stood by you here, praying to YHWH.
1 Samuel 1:28	OT	1 Samuel	yes	no	yes	therefore also I have granted him to YHWH; as long as he lives he is granted to YHWH. He worshiped YHWH there.	For this child I prayed; and YHWH has given me my petition which I asked of him:
1 Samuel 2:3	OT	1 Samuel	yes	no	no	Talk no more so exceeding proudly. Don't let arrogance come out of your mouth, For YHWH is a God of knowledge. By him actions are weighed.	There is no one as holy as YHWH, For there is no one besides you, nor is there any rock like our God.
1 Samuel 2:11	OT	1 Samuel	yes	no	no	Elkanah went to Ramah to his house. The child did minister to YHWH before Eli the priest.	Those who strive with YHWH shall be broken to pieces. YHWH will thunder against them in the heavens. YHWH will judge the ends of the earth. YHWH will give strength to YHWH’s king, and exalt the horn of YHWH’s anointed.
1 Samuel 2:20	OT	1 Samuel	yes	no	no	Eli blessed Elkanah and his wife, and said, YHWH give you seed of this woman for the petition which was asked of YHWH. They went to their own home.	Moreover his mother made him a little robe, and brought it to him from year to year, when she came up with her husband to offer the yearly sacrifice.
1 Samuel 2:25	OT	1 Samuel	yes	no	yes	If one man sin against another, Elohim shall judge him; but if someone sin against YHWH, who shall entreat for them? Notwithstanding, they didn't listen to the voice of their father, because YHWH was minded to kill them.	No, my sons; for it is no good report that I hear: you make YHWH's people to disobey.
1 Samuel 2:27	OT	1 Samuel	yes	no	yes	There came a person of Elohim to Eli, and said to him, Thus says YHWH, Did I reveal myself to the house of your father, when they were in Mitzrayim [in bondage] to Pharaoh's house?	The child Shmuel grew on, and increased in favor both with YHWH, and also with people.
1 Samuel 3:4	OT	1 Samuel	yes	no	yes	that YHWH called Shmuel; and he said, Here am I.	and the lamp of Elohim hadn't yet gone out, and Shmuel had laid down [to sleep], in the temple of YHWH, where the ark of Elohim was;
1 Samuel 3:5	OT	1 Samuel	no	yes	no	He ran to Eli, and said, Here am I; for you called me. He said, I didn't call; lie down again. He went and lay down.	that YHWH called Shmuel; and he said, Here am I.
1 Samuel 3:6	OT	1 Samuel	yes	no	no	YHWH called yet again, Shmuel. Shmuel arose and went to Eli, and said, Here am I; for you called me. He answered, I didn't call, my son; lie down again.	He ran to Eli, and said, Here am I; for you called me. He said, I didn't call; lie down again. He went and lay down.
1 Samuel 3:7	OT	1 Samuel	yes	no	no	Now Shmuel didn't yet know YHWH, neither was the word of YHWH yet revealed to him.	YHWH called yet again, Shmuel. Shmuel arose and went to Eli, and said, Here am I; for you called me. He answered, I didn't call, my son; lie down again.
1 Samuel 3:8	OT	1 Samuel	yes	no	yes	YHWH called Shmuel again the third time. He arose and went to Eli, and said, Here am I; for you called me. Eli perceived that YHWH had called the child.	Now Shmuel didn't yet know YHWH, neither was the word of YHWH yet revealed to him.
1 Samuel 3:9	OT	1 Samuel	yes	no	no	Therefore Eli said to Shmuel, Go, lie down: and it shall be, if he call you, that you shall say, Speak, YHWH; for your servant hears. So Shmuel went and lay down in his place.	YHWH called Shmuel again the third time. He arose and went to Eli, and said, Here am I; for you called me. Eli perceived that YHWH had called the child.
1 Samuel 3:17	OT	1 Samuel	yes	no	yes	"He said, ""What is the thing that [YHWH] has spoken to you? Please don't hide it from me. Elohim do so to you, and more also, if you hide anything from me of all the things that he spoke to you."""	Then Eli called Shmuel, and said, Shmuel, my son. He said, Here am I.
1 Samuel 3:18	OT	1 Samuel	yes	no	no	Shmuel told him every whit, and hid nothing from him. He said, It is YHWH: let him do what seems him good.	"He said, ""What is the thing that [YHWH] has spoken to you? Please don't hide it from me. Elohim do so to you, and more also, if you hide anything from me of all the things that he spoke to you."""
1 Samuel 3:19	OT	1 Samuel	yes	no	no	Shmuel grew, and YHWH was with him, and did let none of his words fall to the ground.	Shmuel told him every whit, and hid nothing from him. He said, It is YHWH: let him do what seems him good.
1 Samuel 3:21	OT	1 Samuel	yes	no	no	YHWH appeared again in Shilo; for YHWH revealed himself to Shmuel in Shilo by the word of YHWH.	All Israel from Dan even to Be'er Sheva knew that Shmuel was established to be a prophet of YHWH.
1 Samuel 4:13	OT	1 Samuel	yes	no	no	When he came, behold, Eli was sitting on his seat by the road watching; for his heart trembled for the ark of Elohim. When the person came into the city, and told it, all the city cried out.	There ran a person of Binyamin out of the army, and came to Shilo the same day, with their clothes torn, and with earth on their head.
1 Samuel 4:18	OT	1 Samuel	yes	no	yes	It happened, when he made mention of the ark of Elohim, that [Eli] fell from off his seat backward by the side of the gate; and his neck broke, and he died: for he was an old man, and heavy. He had judged Israel forty years.	The one who brought the news answered, Israel is fled before the Philistines, and there has been also a great slaughter among the people, and your two sons also, Hophni and Pinchas, are dead, and the ark of Elohim is taken.
1 Samuel 4:19	OT	1 Samuel	yes	yes	no	His daughter-in-law, Pinchas' wife, was with child, near to be delivered: and when she heard the news that the ark of Elohim was taken, and that her father-in-law and her husband were dead, she bowed herself and brought forth; for her pains came on her.	It happened, when he made mention of the ark of Elohim, that [Eli] fell from off his seat backward by the side of the gate; and his neck broke, and he died: for he was an old man, and heavy. He had judged Israel forty years.
1 Samuel 5:3	OT	1 Samuel	yes	no	yes	When they of Ashdod arose early on the next day, behold, Dagon was fallen on his face to the ground before the ark of YHWH. They took Dagon, and set him in his place again.	The Philistines took the ark of Elohim, and brought it into the house of Dagon, and set it by Dagon.
1 Samuel 5:4	OT	1 Samuel	yes	no	no	When they arose early on the next day morning, behold, Dagon was fallen on his face to the ground before the ark of YHWH; and the head of Dagon and both the palms of his hands [lay] cut off on the threshold; only [the stump of] Dagon was left to him.	When they of Ashdod arose early on the next day, behold, Dagon was fallen on his face to the ground before the ark of YHWH. They took Dagon, and set him in his place again.
1 Samuel 5:6	OT	1 Samuel	yes	no	yes	But the hand of YHWH was heavy on them of Ashdod, and he destroyed them, and struck them with tumors, even Ashdod and the borders of it.	Therefore neither the priests of Dagon, nor any who come into Dagon's house, tread on the threshold of Dagon in Ashdod, to this day.
1 Samuel 5:7	OT	1 Samuel	yes	no	yes	When the men of Ashdod saw that it was so, they said, The ark of the God of Israel shall not abide with us; for his hand is sore on us, and on Dagon our god.	But the hand of YHWH was heavy on them of Ashdod, and he destroyed them, and struck them with tumors, even Ashdod and the borders of it.
1 Samuel 5:9	OT	1 Samuel	yes	no	yes	It was so, that after they had carried it about, the hand of YHWH was against the city with a very great confusion: and he struck the men of the city, both small and great; and tumors broke out on them.	They sent therefore and gathered all the lords of the Philistines to them, and said, What shall we do with the ark of the God of Israel? They answered, Let the ark of the God of Israel be carried about to Gath. They carried the ark of the God of Israel [there].
1 Samuel 6:3	OT	1 Samuel	yes	no	no	"They said, ""If you send away the ark of the God of Israel, don't send it empty; but by all means return him a trespass offering: then you shall be healed, and it shall be known to you why his hand is not removed from you."""	"The Philistines called for the priests and the diviners, saying, ""What shall we do with the ark of YHWH? Show us with which we shall send it to its place."""
1 Samuel 6:5	OT	1 Samuel	yes	no	yes	Therefore you shall make images of your tumors, and images of your mice that mar the land; and you shall give glory to the God of Israel: peradventure he will lighten his hand from off you, and from off your gods, and from off your land.	"Then they said, ""What shall be the trespass offering which we shall return to him?"" They said, ""Five golden tumors, and five golden mice, [according to] the number of the lords of the Philistines; for one plague was on you all, and on your lords."
1 Samuel 6:8	OT	1 Samuel	yes	no	no	and take the ark of YHWH, and lay it on the cart; and put the jewels of gold, which you return him for a trespass offering, in a coffer by the side of it; and send it away, that it may go.	Now therefore take and prepare yourselves a new cart, and two milk cows, on which there has come no yoke; and tie the cows to the cart, and bring their calves home from them;
1 Samuel 6:19	OT	1 Samuel	yes	yes	yes	He struck of the men of Beit Shemesh, because they had looked into the ark of YHWH, he struck of the people fifty thousand seventy men; and the people mourned, because YHWH had struck the people with a great slaughter.	and the golden mice, according to the number of all the cities of the Philistines belonging to the five lords, both of fortified cities and of country villages, even to the great stone, whereon they set down the ark of YHWH, [which stone remains] to this day in the field of Yehoshua of Beit Shemesh.
1 Samuel 6:20	OT	1 Samuel	yes	no	no	The men of Beit Shemesh said, Who is able to stand before YHWH, this holy Elohim? and to whom shall he go up from us?	He struck of the men of Beit Shemesh, because they had looked into the ark of YHWH, he struck of the people fifty thousand seventy men; and the people mourned, because YHWH had struck the people with a great slaughter.
1 Samuel 7:1	OT	1 Samuel	yes	no	no	The men of Kiriath Jearim came, and fetched up the ark of YHWH, and brought it into the house of Abinadab in the hill, and sanctified Eleazar his son to keep the ark of YHWH.	
1 Samuel 7:3	OT	1 Samuel	yes	no	yes	Shmuel spoke to all the house of Israel, saying, If you do return to YHWH with all your heart, then put away the foreign gods and the Ashtaroth from among you, and direct your hearts to YHWH, and serve him only; and he will deliver you out of the hand of the Philistines.	It happened, from the day that the ark abode in Kiriath Jearim, that the time was long; for it was twenty years: and all the house of Israel lamented after YHWH.
1 Samuel 7:9	OT	1 Samuel	yes	no	no	Shmuel took a sucking lamb, and offered it for a whole burnt offering to YHWH: and Shmuel cried to YHWH for Israel; and YHWH answered him.	"The children of Israel said to Shmuel, ""Don't cease to cry to YHWH our God for us, that YHWH will save us out of the hand of the Philistines."""
1 Samuel 7:17	OT	1 Samuel	yes	no	no	His return was to Ramah, for there was his house; and there he judged Israel: and he built there an altar to YHWH.	He went from year to year in circuit to Beit El and Gilgal, and Mizpah; and he judged Israel in all those places.
1 Samuel 8:10	OT	1 Samuel	yes	no	no	Shmuel told all the words of YHWH to the people who asked of him a king.	Now therefore listen to their voice: however you shall protest solemnly to them, and shall show them the manner of the king who shall reign over them.
1 Samuel 8:11	OT	1 Samuel	no	yes	no	He said, This will be the manner of the king who shall reign over you: he will take your sons, and appoint them to him, for his chariots, and to be his horsemen; and they shall run before his chariots;	Shmuel told all the words of YHWH to the people who asked of him a king.
1 Samuel 8:21	OT	1 Samuel	yes	no	no	Shmuel heard all the words of the people, and he rehearsed them in the ears of YHWH.	that we also may be like all the nations, and that our king may judge us, and go out before us, and fight our battles.
1 Samuel 9:6	OT	1 Samuel	yes	no	yes	They said to him, See now, there is in this city a person of Elohim, and they are a person who is held in honor; all that he says comes surely to pass: now let us go there; peradventure he can tell us concerning our journey whereon we go.	When they had come to the land of Zuph, Shaul said to his servant who was with him, Come, and let us return, lest my father leave off caring for the donkeys, and be anxious for us.
1 Samuel 9:10	OT	1 Samuel	yes	no	no	Then said Shaul to his servant, Well said; come, let us go. So they went to the city where the person of Elohim was.	(In earlier times in Israel, when someone went to inquire of Elohim, thus they said, Come, and let us go to the seer; for the one who is now called a Prophet was before called a Seer.)
1 Samuel 9:17	OT	1 Samuel	yes	no	no	When Shmuel saw Shaul, YHWH said to him, Behold, the person of whom I spoke to you! this same shall have authority over my people.	Tomorrow about this time I will send you a person out of the land of Binyamin, and you shall anoint him to be prince over my people Israel; and he shall save my people out of the hand of the Philistines: for I have looked on my people, because their cry is come to me.
1 Samuel 9:27	OT	1 Samuel	yes	no	no	As they were going down at the end of the city, Shmuel said to Shaul, Bid the servant pass on before us (and he passed on), but stand you still first, that I may cause you to hear the word of Elohim.	They arose early: and it happened about the spring of the day, that Shmuel called to Shaul on the housetop, saying, Up, that I may send you away. Shaul arose, and they went out both of them, he and Shmuel, abroad.
1 Samuel 10:1	OT	1 Samuel	yes	no	yes	Then Shmuel took the vial of oil, and poured it on his head, and kissed him, and said, Isn't it that YHWH has anointed you to be prince over YHWH’s inheritance?	
1 Samuel 10:9	OT	1 Samuel	yes	no	no	It was so, that when he had turned his back to go from Shmuel, Elohim gave him another heart: and all those signs happened that day.	You shall go down before me to Gilgal; and behold, I will come down to you, to offer burnt offerings, and to sacrifice sacrifices of peace offerings: seven days shall you wait, until I come to you, and show you what you shall do.
1 Samuel 10:10	OT	1 Samuel	yes	no	yes	When they came there to the hill, behold, a band of prophets met him; and the Ruach of Elohim came mightily on him, and he prophesied among them.	It was so, that when he had turned his back to go from Shmuel, Elohim gave him another heart: and all those signs happened that day.
1 Samuel 10:18	OT	1 Samuel	yes	no	no	and he said to the children of Israel, Thus says YHWH, the God of Israel, I brought up Israel out of Mitzrayim, and I delivered you out of the hand of the Egyptians, and out of the hand of all the kingdoms that oppressed you:	Shmuel called the people together to YHWH to Mizpah;
1 Samuel 10:22	OT	1 Samuel	yes	no	yes	Therefore they asked of YHWH further, Is there yet a person to come here? YHWH answered, Behold, he has hid himself among the baggage.	He brought the tribe of Binyamin near by their families; and the family of the Matrites was taken; and Shaul the son of Kish was taken: but when they sought him, he could not be found.
1 Samuel 10:24	OT	1 Samuel	yes	no	no	"Shmuel said to all the people, ""You see the one whom YHWH has chosen, that there is none like him among all the people?"" All the people shouted, and said, [Long] live the king."	They ran and fetched him there; and when he stood among the people, he was higher than any of the people from his shoulders and upward.
1 Samuel 10:26	OT	1 Samuel	yes	no	yes	Shaul also went to his house to Gibeah; and there went with him the army, whose hearts Elohim had touched.	Then Shmuel told the people the manner of the kingdom, and wrote it in a book, and laid it up before YHWH. Shmuel sent all the people away, everyone to their house.
1 Samuel 11:6	OT	1 Samuel	yes	no	no	The Ruach of Elohim came mightily on Shaul when he heard those words, and his anger was kindled greatly.	Behold, Shaul came following the oxen out of the field; and Shaul said, What ails the people that they weep? They told him the words of the men of Jabesh.
1 Samuel 11:8	OT	1 Samuel	no	yes	no	He numbered them in Bezek; and the children of Israel were three hundred thousand, and the people of Yehudah thirty thousand.	They took a yoke of oxen, and cut them in pieces, and sent them throughout all the borders of Israel by the hand of messengers, saying, Whoever doesn't come forth after Shaul and after Shmuel, so shall it be done to their oxen. The dread of YHWH fell on the people, and they came out as one man.
1 Samuel 12:3	OT	1 Samuel	yes	no	no	Here I am: witness against me before YHWH, and before his anointed: whose ox have I taken? or whose donkey have I taken? or whom have I defrauded? whom have I oppressed? or of whose hand have I taken a ransom to blind my eyes therewith? and I will restore it you.	Now, behold, the king walks before you; and I am old and gray-headed; and behold, my sons are with you: and I have walked before you from my youth to this day.
1 Samuel 12:5	OT	1 Samuel	yes	no	no	He said to them, YHWH is witness against you, and YHWH’s anointed is witness this day, that you have not found anything in my hand. They said, He is witness.	They said, You have not defrauded us, nor oppressed us, neither have you taken anything of anyone's hand.
1 Samuel 12:9	OT	1 Samuel	yes	no	yes	But they forgot YHWH their God; and he sold them into the hand of Sisera, captain of the army of Hazor, and into the hand of the Philistines, and into the hand of the king of Moab; and they fought against them.	When Ya'akov was come into Mitzrayim, and your fathers cried to YHWH, then YHWH sent Moshe and Aharon, who brought forth your fathers out of Mitzrayim, and made them to dwell in this place.
1 Samuel 13:14	OT	1 Samuel	yes	no	yes	But now your kingdom shall not continue: YHWH has sought him a person after their own heart, and YHWH has appointed him to be prince over their people, because you have not kept that which YHWH commanded you.	Shmuel said to Shaul, You have done foolishly; you have not kept the commandment of YHWH your God, which YHWH commanded you: for now would YHWH have established your kingdom on Israel forever.
1 Samuel 14:7	OT	1 Samuel	no	yes	no	His armor bearer said to him, Do all that is in your heart: turn you, behold, I am with you according to your heart.	Yonatan said to the young person who bore their armor, Come, and let us go over to the garrison of these uncircumcised: it may be that YHWH will work for us; for there is no restraint to YHWH to save by many or by few.
1 Samuel 14:12	OT	1 Samuel	yes	no	no	The men of the garrison answered Yonatan and his armor bearer, and said, Come up to us, and we will show you a thing. Yonatan said to his armor bearer, Come up after me; for YHWH has delivered them into the hand of Israel.	Both of them disclosed themselves to the garrison of the Philistines: and the Philistines said, Behold, the Hebrews come forth out of the holes where they had hid themselves.
1 Samuel 14:33	OT	1 Samuel	yes	no	yes	Then they told Shaul, saying, Behold, the people sin against YHWH, in that they eat with the blood. He said, you have dealt treacherously: roll a great stone to me this day.	and the people flew on the spoil, and took sheep, and oxen, and calves, and killed them on the ground; and the people ate them with the blood.
1 Samuel 14:34	OT	1 Samuel	yes	no	no	Shaul said, Disperse yourselves among the people, and tell them, Bring me here everyone their ox, and everyone their sheep, and kill them here, and eat; and don't sin against YHWH in eating with the blood. All the people brought everyone their ox with him that night, and killed them there.	Then they told Shaul, saying, Behold, the people sin against YHWH, in that they eat with the blood. He said, you have dealt treacherously: roll a great stone to me this day.
1 Samuel 14:35	OT	1 Samuel	yes	no	yes	Shaul built an altar to YHWH: the same was the first altar that he built to YHWH.	Shaul said, Disperse yourselves among the people, and tell them, Bring me here everyone their ox, and everyone their sheep, and kill them here, and eat; and don't sin against YHWH in eating with the blood. All the people brought everyone their ox with him that night, and killed them there.
1 Samuel 14:37	OT	1 Samuel	yes	no	no	Shaul asked counsel of Elohim, Shall I go down after the Philistines? will you deliver them into the hand of Israel? But he didn't answer him that day.	Shaul said, Let us go down after the Philistines by night, and take spoil among them until the morning light, and let us not leave a person of them. They said, Do whatever seems good to you. Then said the priest, Let us draw near here to Elohim.
1 Samuel 14:39	OT	1 Samuel	yes	no	no	For, as YHWH lives, who saves Israel, though it be in Yonatan my son, he shall surely die. But there was not a person among all the people who answered him.	Shaul said, Draw near here, all you chiefs of the people; and know and see in which this sin has been this day.
1 Samuel 14:45	OT	1 Samuel	yes	no	yes	The people said to Shaul, Shall Yonatan die, who has worked this great salvation in Israel? Far from it: as YHWH lives, there shall not one hair of his head fall to the ground; for he has worked with Elohim this day. So the people rescued Yonatan, that he didn't die.	Shaul said, Elohim do so and more also; for you shall surely die, Yonatan.
1 Samuel 15:2	OT	1 Samuel	yes	no	no	Thus says YHWH of Armies, I have marked that which Amalek did to Israel, how he set himself against him in the way, when he came up out of Mitzrayim.	Shmuel said to Shaul, YHWH sent me to anoint you to be king over YHWH’s people, over Israel: now therefore listen you to the voice of the words of YHWH.
1 Samuel 15:11	OT	1 Samuel	yes	no	no	It grieves me that I have set up Shaul to be king; for he is turned back from following me, and has not performed my commandments. Shmuel was angry; and he cried to YHWH all night.	Then came the word of YHWH to Shmuel, saying,
1 Samuel 15:13	OT	1 Samuel	yes	no	yes	Shmuel came to Shaul; and Shaul said to him, Blessed are you by YHWH: I have performed the commandment of YHWH.	Shmuel rose early to meet Shaul in the morning; and it was told Shmuel, saying, Shaul came to Carmel, and behold, he set him up a monument, and turned, and passed on, and went down to Gilgal.
1 Samuel 15:16	OT	1 Samuel	yes	no	yes	Then Shmuel said to Shaul, Stay, and I will tell you what YHWH has said to me this night. He said to him, Say on.	Shaul said, They have brought them from the Amalekites: for the people spared the best of the sheep and of the oxen, to sacrifice to YHWH your God; and the rest we have utterly destroyed.
1 Samuel 15:23	OT	1 Samuel	yes	no	yes	For rebellion is as the sin of witchcraft, and stubbornness is as idolatry and teraphim. Because you have rejected the word of YHWH, he has also rejected you from being king.	Shmuel said, Has YHWH as great delight in burnt offerings and sacrifices, as in obeying the voice of YHWH? Behold, to obey is better than sacrifice, and to listen than the fat of rams.
1 Samuel 15:28	OT	1 Samuel	yes	no	yes	Shmuel said to him, YHWH has torn the kingdom of Israel from you this day, and has given it to a neighbor of yours who is better than you.	As Shmuel turned about to go away, [Shaul] laid hold on the skirt of his robe, and it tore.
1 Samuel 15:30	OT	1 Samuel	yes	no	no	Then he said, I have sinned: yet honor me now, Please, before the elders of my people, and before Israel, and turn again with me, that I may worship YHWH your God.	Also the Strength of Israel will not lie nor relent; for they are not a person, that they should relent.
1 Samuel 15:35	OT	1 Samuel	yes	no	no	Shmuel came no more to see Shaul until the day of his death; for Shmuel mourned for Shaul: and YHWH grieved that YHWH had made Shaul king over Israel.	Then Shmuel went to Ramah; and Shaul went up to his house to Gibeah of Shaul.
1 Samuel 16:1	OT	1 Samuel	yes	no	no	YHWH said to Shmuel, How long will you mourn for Shaul, seeing I have rejected him from being king over Israel? fill your horn with oil, and go: I will send you to Yishai the Bethlehemite; for I have provided me a king among his sons.	
1 Samuel 16:2	OT	1 Samuel	yes	no	no	Shmuel said, How can I go? if Shaul hear it, he will kill me. YHWH said, Take a heifer with you, and say, I am come to sacrifice to YHWH.	YHWH said to Shmuel, How long will you mourn for Shaul, seeing I have rejected him from being king over Israel? fill your horn with oil, and go: I will send you to Yishai the Bethlehemite; for I have provided me a king among his sons.
1 Samuel 16:4	OT	1 Samuel	yes	no	no	Shmuel did that which YHWH spoke, and came to Beit Lechem. The elders of the city came to meet him trembling, and said, Come you peaceably?	Call Yishai to the sacrifice, and I will show you what you shall do: and you shall anoint to me the one whom I name to you.
1 Samuel 16:5	OT	1 Samuel	yes	yes	yes	He said, Peaceably; I am come to sacrifice to YHWH: sanctify yourselves, and come with me to the sacrifice. He sanctified Yishai and his sons, and called them to the sacrifice.	Shmuel did that which YHWH spoke, and came to Beit Lechem. The elders of the city came to meet him trembling, and said, Come you peaceably?
1 Samuel 16:6	OT	1 Samuel	yes	no	no	It happened, when they had come, that he looked at Eliab, and said, Surely YHWH's anointed is before him.	He said, Peaceably; I am come to sacrifice to YHWH: sanctify yourselves, and come with me to the sacrifice. He sanctified Yishai and his sons, and called them to the sacrifice.
1 Samuel 16:7	OT	1 Samuel	yes	no	yes	"But YHWH said to Shmuel, ""Don't look on his face, or on the height of his stature; because I have rejected him: for [YHWH sees] not as man sees; for man looks at the outward appearance, but YHWH looks at the heart."""	It happened, when they had come, that he looked at Eliab, and said, Surely YHWH's anointed is before him.
1 Samuel 16:8	OT	1 Samuel	yes	no	no	Then Yishai called Abinadab, and made him pass before Shmuel. He said, Neither has YHWH chosen this.	"But YHWH said to Shmuel, ""Don't look on his face, or on the height of his stature; because I have rejected him: for [YHWH sees] not as man sees; for man looks at the outward appearance, but YHWH looks at the heart."""
1 Samuel 16:9	OT	1 Samuel	yes	no	no	Then Yishai made Shammah to pass by. He said, Neither has YHWH chosen this.	Then Yishai called Abinadab, and made him pass before Shmuel. He said, Neither has YHWH chosen this.
1 Samuel 16:10	OT	1 Samuel	yes	no	no	Yishai made seven of his sons to pass before Shmuel. Shmuel said to Yishai, YHWH has not chosen these.	Then Yishai made Shammah to pass by. He said, Neither has YHWH chosen this.
1 Samuel 16:12	OT	1 Samuel	yes	no	no	He sent, and brought him in. Now he was ruddy, and withal of a beautiful face, and goodly to look on. YHWH said, Arise, anoint him; for this is he.	Shmuel said to Yishai, Are here all your children? He said, There remains yet the youngest, and behold, he is keeping the sheep. Shmuel said to Yishai, Send and get him; for we will not sit down until he come here.
1 Samuel 16:13	OT	1 Samuel	yes	no	no	Then Shmuel took the horn of oil, and anointed him in the midst of his brothers: and the Ruach of YHWH came mightily on Dawid from that day forward. So Shmuel rose up, and went to Ramah.	He sent, and brought him in. Now he was ruddy, and withal of a beautiful face, and goodly to look on. YHWH said, Arise, anoint him; for this is he.
1 Samuel 16:14	OT	1 Samuel	yes	no	no	Now the Ruach of YHWH departed from Shaul, and a troubling spirit from YHWH troubled him.	Then Shmuel took the horn of oil, and anointed him in the midst of his brothers: and the Ruach of YHWH came mightily on Dawid from that day forward. So Shmuel rose up, and went to Ramah.
1 Samuel 16:15	OT	1 Samuel	yes	no	yes	Shaul's servants said to him, See now, a troubling spirit from Elohim troubles you.	Now the Ruach of YHWH departed from Shaul, and a troubling spirit from YHWH troubled him.
1 Samuel 16:18	OT	1 Samuel	yes	no	no	Then answered one of the young people, and said, Behold, I have seen a son of Yishai the Bethlehemite, who is skillful in playing, and a mighty man of valor, and a warrior, and prudent in speech, and a comely person; and YHWH is with him.	Shaul said to their servants, Provide me now a person who can play well, and bring him to me.
1 Samuel 16:23	OT	1 Samuel	yes	no	no	It happened, when the [troubling] spirit from Elohim was on Shaul, that Dawid took the harp, and played with his hand: so Shaul was refreshed, and was well, and the troubling spirit departed from him.	Shaul sent to Yishai, saying, Please let Dawid stand before me; for he has found favor in my sight.
1 Samuel 17:26	OT	1 Samuel	yes	no	no	Dawid spoke to the people who stood by him, saying, What shall be done to the one who kills this Philistine, and takes away the reproach from Israel? for who is this uncircumcised Philistine, that he should defy the armies of the living Elohim?	The people of Israel said, Have you seen this man who is come up? surely to defy Israel is they come up: and it shall be, that the one who kills him, the king will enrich him with great riches, and will give him their daughter, and make their father's house free in Israel.
1 Samuel 17:36	OT	1 Samuel	yes	no	no	Your servant struck both the lion and the bear: and this uncircumcised Philistine shall be as one of them, seeing he has defied the armies of the living Elohim.	I went out after him, and struck him, and delivered it out of his mouth; and when he arose against me, I caught him by his beard, and struck him, and killed him.
1 Samuel 17:37	OT	1 Samuel	yes	no	yes	Dawid said, YHWH who delivered me out of the paw of the lion, and out of the paw of the bear, he will deliver me out of the hand of this Philistine. Shaul said to Dawid, Go, and YHWH shall be with you.	Your servant struck both the lion and the bear: and this uncircumcised Philistine shall be as one of them, seeing he has defied the armies of the living Elohim.
1 Samuel 18:10	OT	1 Samuel	yes	no	no	It happened on the next day, that a troubling spirit from Elohim came mightily on Shaul, and he prophesied in the midst of the house: and Dawid played with his hand, as he did day by day. Shaul had his spear in his hand;	Shaul eyed Dawid from that day and forward.
1 Samuel 18:12	OT	1 Samuel	yes	no	no	Shaul was afraid of Dawid, because YHWH was with him, and was departed from Shaul.	and Shaul cast the spear; for he said, I will strike Dawid even to the wall. Dawid avoided out of his presence twice.
1 Samuel 18:14	OT	1 Samuel	yes	no	no	Dawid behaved himself wisely in all his ways; and YHWH was with him.	Therefore Shaul removed him from him, and made him his captain over a thousand; and he went out and came in before the people.
1 Samuel 18:17	OT	1 Samuel	yes	no	no	Shaul said to Dawid, Behold, my elder daughter Merab, her will I give you as wife: only be valiant for me, and fight YHWH's battles. For Shaul said, Don't let my hand be on him, but let the hand of the Philistines be on him.	But all Israel and Yehudah loved Dawid; for he went out and came in before them.
1 Samuel 18:28	OT	1 Samuel	yes	no	no	Shaul saw and knew that YHWH was with Dawid; and Michal, Shaul's daughter, loved him.	and Dawid arose and went, he and his men, and killed of the Philistines two hundred men; and Dawid brought their foreskins, and they gave them in full number to the king, that he might be the king's son-in-law. Shaul gave him Michal his daughter as wife.
1 Samuel 19:5	OT	1 Samuel	yes	no	no	for he put his life in his hand, and struck the Philistine, and YHWH worked a great victory for all Israel: you saw it, and did rejoice; why then will you sin against innocent blood, to kill Dawid without a cause?	Yonatan spoke good of Dawid to Shaul his father, and said to him, Don't let the king sin against his servant, against Dawid; because he has not sinned against you, and because his works have been very good toward you:
1 Samuel 19:6	OT	1 Samuel	yes	no	yes	Shaul listened to the voice of Yonatan: and Shaul swore, As YHWH lives, he shall not be put to death.	for he put his life in his hand, and struck the Philistine, and YHWH worked a great victory for all Israel: you saw it, and did rejoice; why then will you sin against innocent blood, to kill Dawid without a cause?
1 Samuel 19:9	OT	1 Samuel	yes	no	no	A troubling spirit from YHWH was on Shaul, as he sat in his house with his spear in his hand; and Dawid was playing with his hand.	There was war again: and Dawid went out, and fought with the Philistines, and killed them with a great slaughter; and they fled before him.
1 Samuel 19:23	OT	1 Samuel	yes	no	yes	He went there to Naioth in Ramah: and the Ruach of Elohim came on him also, and he went on, and prophesied, until he came to Naioth in Ramah.	Then went he also to Ramah, and came to the great well that is in Secu: and he asked and said, Where are Shmuel and Dawid? One said, Behold, they are at Naioth in Ramah.
1 Samuel 19:24	OT	1 Samuel	no	yes	no	"He also stripped off his clothes, and he also prophesied before Shmuel, and lay down naked all that day and all that night. Therefore they say, ""Is Shaul also among the prophets?"""	He went there to Naioth in Ramah: and the Ruach of Elohim came on him also, and he went on, and prophesied, until he came to Naioth in Ramah.
1 Samuel 20:3	OT	1 Samuel	yes	no	no	"Dawid swore moreover, and said, ""Your father knows well that I have found favor in your eyes; and he says, 'Don't let Yonatan know this, lest he be grieved:' but truly as YHWH lives, and as your soul lives, there is but a step between me and death."""	"He said to him, ""Far from it; you shall not die: behold, my father does nothing either great or small, but that he discloses it to me; and why should my father hide this thing from me? It is not so."""
1 Samuel 20:42	OT	1 Samuel	yes	no	yes	Yonatan said to Dawid, Go in peace, because we have sworn both of us in the name of YHWH, saying, YHWH shall be between me and you, and between my seed and your seed, forever. He arose and departed: and Yonatan went into the city.	As soon as the boy was gone, Dawid arose out of [a place] toward the South, and fell on his face to the ground, and bowed himself three times: and they kissed one another, and wept one with another, until Dawid exceeded.
1 Samuel 21:6	OT	1 Samuel	yes	no	no	So the priest gave him holy [bread]; for there was no bread there but the show bread, that was taken from before YHWH, to put hot bread in the day when it was taken away.	Dawid answered the priest, and said to him, Of a truth women have been kept from us about these three days; when I came out, the vessels of the young people were holy, though it was but a common journey; how much more then today shall their vessels be holy?
1 Samuel 21:7	OT	1 Samuel	yes	no	yes	Now a certain man of the servants of Shaul was there that day, detained before YHWH; and his name was Doeg the Edomite, the best of the herdsmen who belonged to Shaul.	So the priest gave him holy [bread]; for there was no bread there but the show bread, that was taken from before YHWH, to put hot bread in the day when it was taken away.
1 Samuel 22:3	OT	1 Samuel	yes	no	no	Dawid went there to Mizpeh of Moab: and he said to the king of Moab, Please let my father and my mother come forth, [and be] with you, until I know what Elohim will do for me.	Everyone who was in distress, and everyone who was in debt, and everyone who was discontented, gathered themselves to him; and he became captain over them: and there were with him about four hundred men.
1 Samuel 22:4	OT	1 Samuel	no	yes	no	He brought them before the king of Moab: and they lived with him all the while that Dawid was in the stronghold.	Dawid went there to Mizpeh of Moab: and he said to the king of Moab, Please let my father and my mother come forth, [and be] with you, until I know what Elohim will do for me.
1 Samuel 22:10	OT	1 Samuel	yes	no	no	He inquired of YHWH for him, and gave him food, and gave him the sword of Goliath the Philistine.	Then answered Doeg the Edomite, who stood by the servants of Shaul, and said, I saw the son of Yishai coming to Nob, to Ahimelech the son of Ahitub.
1 Samuel 22:13	OT	1 Samuel	yes	no	yes	Shaul said to him, Why have you conspired against me, you and the son of Yishai, in that you have given him bread, and a sword, and have inquired of Elohim for him, that he should rise against me, to lie in wait, as at this day?	Shaul said, Hear now, you son of Ahitub. He answered, Here I am, my lord.
1 Samuel 22:15	OT	1 Samuel	yes	no	no	Have I today begun to inquire of Elohim for him? be it far from me: don't let the king impute anything to his servant, nor to all the house of my father; for your servant knows nothing of all this, less or more.	Then Ahimelech answered the king, and said, Who among all your servants is so faithful as Dawid, who is the king's son-in-law, and is taken into your council, and is honorable in your house?
1 Samuel 22:17	OT	1 Samuel	yes	no	yes	The king said to the guard who stood about him, Turn, and kill the priests of YHWH; because their hand also is with Dawid, and because they knew that he fled, and didn't disclose it to me. But the servants of the king wouldn't put forth their hand to fall on the priests of YHWH.	The king said, You shall surely die, Ahimelech, you, and all your father's house.
1 Samuel 23:4	OT	1 Samuel	yes	no	no	Then Dawid inquired of YHWH yet again. YHWH answered him, and said, Arise, go down to Keilah; for I will deliver the Philistines into your hand.	Dawid's men said to him, Behold, we are afraid here in Yehudah: how much more then if we go to Keilah against the armies of the Philistines?
1 Samuel 23:7	OT	1 Samuel	yes	no	yes	It was told Shaul that Dawid was come to Keilah. Shaul said, Elohim has delivered him into my hand; for he is shut in, by entering into a town that has gates and bars.	It happened, when Evyatar the son of Ahimelech fled to Dawid to Keilah, that he came down with an ephod in his hand.
1 Samuel 23:11	OT	1 Samuel	yes	no	yes	Will the men of Keilah deliver me up into his hand? will Shaul come down, as your servant has heard? YHWH, the God of Israel, I beg you, tell your servant. YHWH said, He will come down.	Then said Dawid, O YHWH, the God of Israel, your servant has surely heard that Shaul seeks to come to Keilah, to destroy the city for my sake.
1 Samuel 23:14	OT	1 Samuel	yes	no	yes	Dawid abode in the wilderness in the strongholds, and remained in the hill country in the wilderness of Ziph. Shaul sought him every day, but Elohim didn't deliver him into his hand.	Then Dawid and his men, who were about six hundred, arose and departed out of Keilah, and went wherever they could go. It was told Shaul that Dawid was escaped from Keilah; and he gave up going there.
1 Samuel 23:16	OT	1 Samuel	yes	no	no	Yonatan, Shaul's son, arose, and went to Dawid into the wood, and strengthened his hand in Elohim.	Dawid saw that Shaul had come out to seek his life: and Dawid was in the wilderness of Ziph in the wood.
1 Samuel 23:17	OT	1 Samuel	no	yes	no	He said to him, Don't be afraid; for the hand of Shaul my father shall not find you; and you shall be king over Israel, and I shall be next to you; and that also Shaul my father knows.	Yonatan, Shaul's son, arose, and went to Dawid into the wood, and strengthened his hand in Elohim.
1 Samuel 23:18	OT	1 Samuel	yes	no	no	They two made a covenant before YHWH: and Dawid abode in the wood, and Yonatan went to his house.	He said to him, Don't be afraid; for the hand of Shaul my father shall not find you; and you shall be king over Israel, and I shall be next to you; and that also Shaul my father knows.
1 Samuel 24:4	OT	1 Samuel	yes	no	yes	The men of Dawid said to him, Behold, the day of which YHWH said to you, Behold, I will deliver your enemy into your hand, and you shall do to him as it shall seem good to you. Then Dawid arose, and cut off the skirt of Shaul's robe secretly.	He came to the sheep pens by the way, where was a cave; and Shaul went in to relieve himself. Now Dawid and his men were abiding in the innermost parts of the cave.
1 Samuel 24:6	OT	1 Samuel	yes	no	yes	He said to his men, YHWH forbid that I should do this thing to my lord, YHWH's anointed, to put forth my hand against him, seeing he is YHWH's anointed.	It happened afterward, that Dawid's heart struck him, because he had cut off Shaul's skirt.
1 Samuel 24:10	OT	1 Samuel	yes	no	no	Behold, this day your eyes have seen how that YHWH had delivered you today into my hand in the cave: and some bade me kill you; but [my eye] spared you; and I said, I will not put forth my hand against my lord; for he is YHWH's anointed.	Dawid said to Shaul, Why listen you to people's words, saying, Behold, Dawid seeks your hurt?
1 Samuel 24:19	OT	1 Samuel	yes	no	no	For if someone finds their enemy, will they let him go away unharmed? Therefore may YHWH reward you good for that which you have done to me this day.	You have declared this day how that you have dealt well with me, because when YHWH had delivered me up into your hand, you didn't kill me.
1 Samuel 25:22	OT	1 Samuel	yes	no	no	Elohim do so to the enemies of Dawid, and more also, if I leave of all that belongs to him by the morning light so much as one who urinates on a wall.	Now Dawid had said, Surely in vain have I kept all that this fellow has in the wilderness, so that nothing was missed of all that pertained to him: and he has returned me brokenness for good.
1 Samuel 25:29	OT	1 Samuel	yes	no	no	Though men be risen up to pursue you, and to seek your soul, yet the soul of my lord shall be bound in the bundle of life with YHWH your God; and the souls of your enemies, them shall he sling out, as from the hollow of a sling.	Please forgive the trespass of your handmaid: for YHWH will certainly make my lord a sure house, because my lord fights the battles of YHWH; and wrongdoing shall not be found in you all your days.
1 Samuel 25:31	OT	1 Samuel	yes	no	no	that this shall be no grief to you, nor offense of heart to my lord, either that you have shed blood without cause, or that my lord has avenged himself. When YHWH shall have dealt well with my lord, then remember your handmaid.	It shall come to pass, when YHWH shall have done to my lord according to all the good that YHWH has spoken concerning you, and shall have appointed you prince over Israel,
1 Samuel 25:38	OT	1 Samuel	yes	no	yes	It happened about ten days after, that YHWH struck Nabal, so that he died.	It happened in the morning, when the wine was gone out of Nabal, that his wife told him these things, and his heart died within him, and he became as a stone.
1 Samuel 25:39	OT	1 Samuel	yes	no	no	When Dawid heard that Nabal was dead, he said, Blessed be YHWH, who has pleaded the cause of my reproach from the hand of Nabal, and has kept back his servant from harm: and the wrongdoing of Nabal has YHWH returned on his own head. Dawid sent and spoke concerning Abigail, to take her to him as wife.	It happened about ten days after, that YHWH struck Nabal, so that he died.
1 Samuel 26:8	OT	1 Samuel	yes	no	no	Then said Avishai to Dawid, Elohim has delivered up your enemy into your hand this day: now therefore please let me strike him with the spear to the earth at one stroke, and I will not strike him the second time.	So Dawid and Avishai came to the people by night: and, behold, Shaul lay sleeping within the place of the wagons, with his spear stuck in the ground at his head; and Abner and the people lay round about him.
1 Samuel 26:9	OT	1 Samuel	yes	no	yes	Dawid said to Avishai, Don't destroy him; for who can put forth his hand against YHWH's anointed, and be guiltless?	Then said Avishai to Dawid, Elohim has delivered up your enemy into your hand this day: now therefore please let me strike him with the spear to the earth at one stroke, and I will not strike him the second time.
1 Samuel 26:10	OT	1 Samuel	yes	no	no	Dawid said, As YHWH lives, YHWH will strike him; or his day shall come to die; or he shall go down into battle and perish.	Dawid said to Avishai, Don't destroy him; for who can put forth his hand against YHWH's anointed, and be guiltless?
1 Samuel 26:11	OT	1 Samuel	yes	no	no	YHWH forbid that I should put forth my hand against YHWH's anointed: but now please take the spear that is at his head, and the jar of water, and let us go.	Dawid said, As YHWH lives, YHWH will strike him; or his day shall come to die; or he shall go down into battle and perish.
1 Samuel 26:16	OT	1 Samuel	yes	no	no	This thing isn't good that you have done. As YHWH lives, you are worthy to die, because you have not kept watch over your lord, YHWH's anointed. Now see where the king's spear is, and the jar of water that was at his head.	Dawid said to Abner, Aren't you a [valiant] man? and who is like you in Israel? why then have you not kept watch over your lord, the king? for there came one of the people in to destroy the king your lord.
1 Samuel 26:19	OT	1 Samuel	yes	no	no	Now therefore, please let my lord the king hear the words of his servant. If it be YHWH that has stirred you up against me, let him accept an offering: but if it be the children of people, cursed be they before YHWH: for they have driven me out this day that I shouldn't cling to YHWH's inheritance, saying, Go, serve other gods.	He said, Why does my lord pursue after his servant? for what have I done? or what wrong is in my hand?
1 Samuel 26:24	OT	1 Samuel	yes	no	no	Behold, as your life was much set by this day in my eyes, so let my life be much set by in the eyes of YHWH, and let him deliver me out of all oppression.	YHWH will render to everyone their righteousness and their faithfulness; because YHWH delivered you into my hand today, and I wouldn't put forth my hand against YHWH's anointed.
1 Samuel 28:6	OT	1 Samuel	yes	no	no	When Shaul inquired of YHWH, YHWH didn't answer him, neither by dreams, nor by Urim, nor by prophets.	When Shaul saw the army of the Philistines, he was afraid, and his heart trembled greatly.
1 Samuel 28:18	OT	1 Samuel	yes	no	no	Because you didn't obey the voice of YHWH, and didn't execute his fierce wrath on Amalek, therefore has YHWH done this thing to you this day.	YHWH has done to you, as YHWH spoke by me: and YHWH has torn the kingdom out of your hand, and given it to your neighbor, even to Dawid.
1 Samuel 29:6	OT	1 Samuel	yes	no	yes	Then Achish called Dawid, and said to him, As YHWH lives, you have been upright, and your going out and your coming in with me in the army is good in my sight; for I have not found wrongdoing in you since the day of your coming to me to this day: nevertheless the lords don't favor you.	Is not this Dawid, of whom they sang one to another in dances, saying, Shaul has slain his thousands, Dawid his ten thousands?
1 Samuel 29:9	OT	1 Samuel	yes	no	yes	Achish answered Dawid, I know that you are good in my sight, as an angel of Elohim: notwithstanding the princes of the Philistines have said, He shall not go up with us to the battle.	Dawid said to Achish, But what have I done? and what have you found in your servant so long as I have been before you to this day, that I may not go and fight against the enemies of my lord the king?
1 Samuel 30:6	OT	1 Samuel	yes	no	no	Dawid was greatly distressed; for the people spoke of stoning him, because the soul of all the people was grieved, everyone for their sons and for their daughters: but Dawid strengthened themselves in YHWH their God.	Dawid's two wives were taken captive, Ahinoam the Jezreelitess, and Abigail the wife of Nabal the Carmelite.
1 Samuel 30:8	OT	1 Samuel	yes	no	no	Dawid inquired of YHWH, saying, If I pursue after this troop, shall I overtake them? YHWH answered him, Pursue; for you shall surely overtake [them], and shall without fail recover [all].	Dawid said to Evyatar the priest, the son of Ahimelech, Please bring me here the ephod. Evyatar brought there the ephod to Dawid.
1 Samuel 30:15	OT	1 Samuel	yes	no	no	Dawid said to him, Will you bring me down to this troop? He said, Swear to me by Elohim, that you will neither kill me, nor deliver me up into the hands of my master, and I will bring you down to this troop.	We made a raid on the South of the Cherethites, and on that which belongs to Yehudah, and on the South of Kalev; and we burned Ziklag with fire.
1 Samuel 30:26	OT	1 Samuel	yes	no	no	When Dawid came to Ziklag, he sent of the spoil to the elders of Yehudah, even to his friends, saying, Behold, a present for you of the spoil of the enemies of YHWH:	It was so from that day forward, that he made it a statute and an ordinance for Israel to this day.
2 Samuel 1:12	OT	2 Samuel	yes	no	no	and they mourned, and wept, and fasted until even, for Shaul, and for Yonatan his son, and for the people of YHWH, and for the house of Israel; because they were fallen by the sword.	Then Dawid took hold on his clothes, and tore them; and likewise all the people who were with him:
2 Samuel 1:14	OT	2 Samuel	yes	no	no	Dawid said to him, How were you not afraid to put forth your hand to destroy YHWH's anointed?	Dawid said to the young person who told him, Whence are you? He answered, I am the son of a foreigner, an Amalekite.
2 Samuel 1:16	OT	2 Samuel	yes	no	no	Dawid said to him, Your blood be on your head; for your mouth has testified against you, saying, I have slain YHWH's anointed.	Dawid called one of the young people, and said, Go near, and fall on him. He struck him, so that he died.
2 Samuel 2:1	OT	2 Samuel	yes	no	no	It happened after this, that Dawid inquired of YHWH, saying, Shall I go up into any of the cities of Yehudah? YHWH said to him, Go up. Dawid said, Where shall I go up? He said, To Chevron.	
2 Samuel 2:5	OT	2 Samuel	yes	no	no	Dawid sent messengers to the men of Jabesh Gilead, and said to them, Blessed be you of YHWH, that you have shown this kindness to your lord, even to Shaul, and have buried him.	The people of Yehudah came, and there they anointed Dawid king over the house of Yehudah. They told Dawid, saying, The men of Jabesh Gilead were those who buried Shaul.
2 Samuel 3:9	OT	2 Samuel	yes	no	no	Elohim do so to Abner, and more also, if, as YHWH has sworn to Dawid, I don't do even so to him;	Then was Abner very angry for the words of Ishbosheth, and said, Am I a dog's head that belongs to Yehudah? This day do I show kindness to the house of Shaul your father, to his brothers, and to his friends, and have not delivered you into the hand of Dawid; and yet you charge me this day with a fault concerning this woman.
2 Samuel 3:28	OT	2 Samuel	yes	no	no	Afterward, when Dawid heard it, he said, I and my kingdom are guiltless before YHWH forever of the blood of Abner the son of Ner:	When Abner was returned to Chevron, Yoav took him aside into the midst of the gate to speak with him quietly, and struck him there in the body, so that he died, for the blood of Asahel his brother.
2 Samuel 4:8	OT	2 Samuel	yes	no	no	They brought the head of Ishbosheth to Dawid to Chevron, and said to the king, Behold, the head of Ishbosheth, the son of Shaul, your enemy, who sought your life; and YHWH has avenged my lord the king this day of Shaul, and of his seed.	Now when they came into the house, as he lay on his bed in his bedchamber, they struck him, and killed him, and beheaded him, and took his head, and went by the way of the Arabah all night.
2 Samuel 4:9	OT	2 Samuel	yes	no	no	Dawid answered Rechab and Baanah his brother, the sons of Rimmon the Beerothite, and said to them, As YHWH lives, who has redeemed my soul out of all adversity,	They brought the head of Ishbosheth to Dawid to Chevron, and said to the king, Behold, the head of Ishbosheth, the son of Shaul, your enemy, who sought your life; and YHWH has avenged my lord the king this day of Shaul, and of his seed.
2 Samuel 5:10	OT	2 Samuel	yes	no	no	Dawid grew greater and greater; for YHWH, the God of Armies, was with him.	Dawid lived in the stronghold, and called it the city of Dawid. Dawid built round about from Millo and inward.
2 Samuel 5:12	OT	2 Samuel	yes	no	no	Dawid perceived that YHWH had established him king over Israel, and that YHWH had exalted his kingdom for YHWH’s people Israel's sake.	Hiram king of Tzor sent messengers to Dawid, and cedar trees, and carpenters, and masons; and they built Dawid a house.
2 Samuel 5:20	OT	2 Samuel	yes	no	no	Dawid came to Baal Perazim, and Dawid struck them there; and he said, YHWH has broken my enemies before me, like the breach of waters. Therefore he called the name of that place Baal Perazim.	Dawid inquired of YHWH, saying, Shall I go up against the Philistines? will you deliver them into my hand? YHWH said to Dawid, Go up; for I will certainly deliver the Philistines into your hand.
2 Samuel 5:23	OT	2 Samuel	yes	no	no	When Dawid inquired of YHWH, he said, You shall not go up: make a circuit behind them, and come on them over against the mulberry trees.	The Philistines came up yet again, and spread themselves in the valley of Rephaim.
2 Samuel 5:25	OT	2 Samuel	yes	no	no	Dawid did so, as YHWH commanded him, and struck the Philistines from Geba until you come to Gezer.	It shall be, when you hear the sound of marching in the tops of the mulberry trees, that then you shall bestir yourself; for then is YHWH gone out before you to strike the army of the Philistines.
2 Samuel 6:2	OT	2 Samuel	yes	no	no	Dawid arose, and went with all the people who were with him, from Baale Yehudah, to bring up from there the ark of Elohim, which is called by the Name, even the name of YHWH of Armies who sits [above] the cherubim.	Dawid again gathered together all the chosen people of Israel, thirty thousand.
2 Samuel 6:6	OT	2 Samuel	yes	no	no	When they came to the threshing floor of Nacon, Uzzah put forth [his hand] to the ark of Elohim, and took hold of it; for the oxen stumbled.	Dawid and all the house of Israel played before YHWH with all manner of [instruments made of] fir wood, and with harps, and with stringed instruments, and with tambourines, and with castanets, and with cymbals.
2 Samuel 6:7	OT	2 Samuel	yes	no	no	The anger of YHWH was kindled against Uzzah; and Elohim struck him there for his error; and there he died by the ark of Elohim.	When they came to the threshing floor of Nacon, Uzzah put forth [his hand] to the ark of Elohim, and took hold of it; for the oxen stumbled.
2 Samuel 6:8	OT	2 Samuel	yes	no	no	Dawid was displeased, because YHWH had broken forth on Uzzah; and he called that place Peretz Uzzah, to this day.	The anger of YHWH was kindled against Uzzah; and Elohim struck him there for his error; and there he died by the ark of Elohim.
2 Samuel 6:9	OT	2 Samuel	yes	no	no	Dawid was afraid of YHWH that day; and he said, How shall the ark of YHWH come to me?	Dawid was displeased, because YHWH had broken forth on Uzzah; and he called that place Peretz Uzzah, to this day.
2 Samuel 6:10	OT	2 Samuel	yes	no	no	So Dawid would not remove the ark of YHWH to him into the city of Dawid; but Dawid carried it aside into the house of Oved-Edom the Gittite.	Dawid was afraid of YHWH that day; and he said, How shall the ark of YHWH come to me?
2 Samuel 6:11	OT	2 Samuel	yes	no	no	The ark of YHWH remained in the house of Oved-Edom the Gittite three months: and YHWH blessed Oved-Edom, and all his house.	So Dawid would not remove the ark of YHWH to him into the city of Dawid; but Dawid carried it aside into the house of Oved-Edom the Gittite.
2 Samuel 6:12	OT	2 Samuel	yes	no	no	It was told king Dawid, saying, YHWH has blessed the house of Oved-Edom, and all that pertains to him, because of the ark of Elohim. Dawid went and brought up the ark of Elohim from the house of Oved-Edom into the city of Dawid with joy.	The ark of YHWH remained in the house of Oved-Edom the Gittite three months: and YHWH blessed Oved-Edom, and all his house.
2 Samuel 6:13	OT	2 Samuel	yes	no	no	It was so, that, when those who bore the ark of YHWH had gone six paces, he sacrificed an ox and a fattened calf.	It was told king Dawid, saying, YHWH has blessed the house of Oved-Edom, and all that pertains to him, because of the ark of Elohim. Dawid went and brought up the ark of Elohim from the house of Oved-Edom into the city of Dawid with joy.
2 Samuel 6:14	OT	2 Samuel	yes	no	no	Dawid danced before YHWH with all his might; and Dawid was girded with a linen ephod.	It was so, that, when those who bore the ark of YHWH had gone six paces, he sacrificed an ox and a fattened calf.
2 Samuel 6:16	OT	2 Samuel	yes	no	no	It was so, as the ark of YHWH came into the city of Dawid, that Michal the daughter of Shaul looked out at the window, and saw king Dawid leaping and dancing before YHWH; and she despised him in her heart.	So Dawid and all the house of Israel brought up the ark of YHWH with shouting, and with the sound of the trumpet.
2 Samuel 6:18	OT	2 Samuel	yes	no	no	When Dawid had made an end of offering the burnt offering and the peace offerings, he blessed the people in the name of YHWH of Armies.	They brought in the ark of YHWH, and set it in its place, in the midst of the tent that Dawid had pitched for it; and Dawid offered burnt offerings and peace offerings before YHWH.
2 Samuel 6:21	OT	2 Samuel	yes	no	no	Dawid said to Michal, [It was] before YHWH, who chose me above your father, and above all his house, to appoint me prince over the people of YHWH, over Israel: therefore will I play before YHWH.	Then Dawid returned to bless his household. Michal the daughter of Shaul came out to meet Dawid, and said, How glorious was the king of Israel today, who uncovered himself today in the eyes of the handmaids of his servants, as one of the vain fellows shamelessly uncovers himself!
2 Samuel 7:1	OT	2 Samuel	yes	no	no	It happened, when the king lived in his house, and YHWH had given him rest from all his enemies round about,	
2 Samuel 7:18	OT	2 Samuel	yes	no	no	Then Dawid the king went in, and sat before YHWH; and he said, Who am I, YHWH God, and what is my house, that you have brought me thus far?	According to all these words, and according to all this vision, so did Natan speak to Dawid.
2 Samuel 7:23	OT	2 Samuel	yes	no	no	What one nation in the earth is like your people, even like Israel, whom Elohim went to redeem to himself for a people, and to make him a name, and to do great things for you, and awesome things for your land, before your people, whom you redeem to you out of Mitzrayim, [from] the nations and their gods?	Therefore you are great, YHWH Elohim: for there is none like you, neither is there any Elohim besides you, according to all that we have heard with our ears.
2 Samuel 7:25	OT	2 Samuel	yes	no	no	Now, YHWH Elohim, the word that you have spoken concerning your servant, and concerning his house, confirm you it forever, and do as you have spoken.	You did establish to yourself your people Israel to be a people to you forever; and you, YHWH, became their God.
2 Samuel 7:27	OT	2 Samuel	yes	no	no	For you, YHWH of Armies, the God of Israel, have revealed to your servant, saying, I will build you a house: therefore has your servant found in his heart to pray this prayer to you.	Let your name be magnified forever, saying, YHWH of Armies is Elohim over Israel; and the house of your servant Dawid shall be established before you.
2 Samuel 8:6	OT	2 Samuel	yes	no	no	Then Dawid put garrisons in Aram of Dammeseq; and the Syrians became servants to Dawid, and brought tribute. YHWH gave victory to Dawid wherever he went.	When the Syrians of Dammeseq came to help Hadadezer king of Zobah, Dawid struck of the Syrians two and twenty thousand men.
2 Samuel 8:11	OT	2 Samuel	yes	no	no	These also did king Dawid dedicate to YHWH, with the silver and gold that he dedicated of all the nations which he subdued;	then Toi sent Yoram his son to king Dawid, to Greet him, and to bless him, because he had fought against Hadadezer and struck him: for Hadadezer had wars with Toi. [Yoram] brought with him vessels of silver, and vessels of gold, and vessels of brass:
2 Samuel 8:14	OT	2 Samuel	yes	no	no	He put garrisons in Edom; throughout all Edom put he garrisons, and all the Edomites became servants to Dawid. YHWH gave victory to Dawid wherever he went.	Dawid got him a name when he returned from smiting the Syrians in the Valley of Salt, even eighteen thousand men.
2 Samuel 9:3	OT	2 Samuel	yes	no	no	The king said, Is there not yet any of the house of Shaul, that I may show the kindness of Elohim to him? Ziba said to the king, Yonatan has yet a son, who is lame of his feet.	There was of the house of Shaul a servant whose name was Ziba, and they called him to Dawid; and the king said to him, Are you Ziba? He said, Your servant is he.
2 Samuel 10:12	OT	2 Samuel	yes	no	no	Be of good courage, and let us play the person for our people, and for the cities of our God: and YHWH do that which seems him good.	He said, If the Syrians be too strong for me, then you shall help me; but if the children of Ammon be too strong for you, then I will come and help you.
2 Samuel 11:27	OT	2 Samuel	yes	no	no	When the mourning was past, Dawid sent and took her home to his house, and she became his wife, and bore him a son. But the thing that Dawid had done displeased YHWH.	When the wife of Uriyah heard that Uriyah her husband was dead, she made lamentation for her husband.
2 Samuel 12:1	OT	2 Samuel	yes	no	no	"YHWH sent Natan to Dawid. He came to him, and said to him, ""There were two men in one city; the one rich, and the other poor."	
2 Samuel 12:6	OT	2 Samuel	no	yes	no	"He shall restore the lamb fourfold, because he did this thing, and because he had no pity!"""	"Dawid's anger was greatly kindled against the person, and they said to Natan, ""As YHWH lives, the one who has done this is worthy to die!"
2 Samuel 12:9	OT	2 Samuel	yes	no	no	Why have you despised the word of YHWH, to do that which is broken in his sight? You have struck Uriyah the Hittite with the sword, and have taken his wife to be your wife, and have slain him with the sword of the children of Ammon.	I gave you your master's house, and your master's wives into your bosom, and gave you the house of Israel and of Yehudah; and if that would have been too little, I would have added to you many more such things.
2 Samuel 12:11	OT	2 Samuel	yes	no	no	This is what YHWH says: 'Behold, I will raise up harm against you out of your own house; and I will take your wives before your eyes, and give them to your neighbor, and he will lie with your wives in the sight of this sun.	Now therefore the sword will never depart from your house, because you have despised me, and have taken the wife of Uriyah the Hittite to be your wife.'
2 Samuel 12:15	OT	2 Samuel	yes	no	no	Natan departed to his house. YHWH struck the child that Uriyah's wife bore to Dawid, and it was very sick.	"However, because by this deed you have given great occasion to YHWH's enemies to blaspheme, the child also who is born to you shall surely die."""
2 Samuel 12:20	OT	2 Samuel	yes	no	no	Then Dawid arose from the earth, and washed, and anointed himself, and changed his clothing; and he came into the house of YHWH, and worshiped: then he came to his own house; and when he required, they set bread before him, and he ate.	But when Dawid saw that his servants were whispering together, Dawid perceived that the child was dead; and Dawid said to his servants, Is the child dead? They said, He is dead.
2 Samuel 12:22	OT	2 Samuel	yes	no	no	He said, While the child was yet alive, I fasted and wept: for I said, Who knows whether YHWH will not be gracious to me, that the child may live?	Then said his servants to him, What thing is this that you have done? you did fast and weep for the child, while it was alive; but when the child was dead, you did rise and eat bread.
2 Samuel 12:24	OT	2 Samuel	yes	no	no	Dawid comforted Bat-Sheva his wife, and went in to her, and lay with her: and she bore a son, and he called his name Shlomo. YHWH loved him;	But now he is dead, why should I fast? can I bring him back again? I shall go to him, but he will not return to me.
2 Samuel 12:25	OT	2 Samuel	yes	no	no	and he sent by the hand of Natan the prophet; and he named him Jedidiah, for YHWH's sake.	Dawid comforted Bat-Sheva his wife, and went in to her, and lay with her: and she bore a son, and he called his name Shlomo. YHWH loved him;
2 Samuel 14:11	OT	2 Samuel	yes	no	no	Then said she, Please let the king remember YHWH your God, that the avenger of blood destroy not any more, lest they destroy my son. He said, As YHWH lives, there shall not one hair of your son fall to the earth.	The king said, Whoever says anything to you, bring him to me, and they shall not touch you any more.
2 Samuel 14:14	OT	2 Samuel	yes	no	no	For we must needs die, and are as water split on the ground, which can't be gathered up again; neither does Elohim take away life, but devises means, that the one who is banished not be an outcast from him.	The woman said, Why then have you devised such a thing against the people of Elohim? for in speaking this word the king is as one who is guilty, in that the king does not bring home again their banished one.
2 Samuel 15:24	OT	2 Samuel	yes	no	no	Behold, Tzadok also [came], and all the Levites with him, bearing the ark of the covenant of Elohim; and they set down the ark of Elohim; and Evyatar went up, until all the people had done passing out of the city.	All the country wept with a loud voice, and all the people passed over: the king also himself passed over the brook Kidron, and all the people passed over, toward the way of the wilderness.
2 Samuel 15:25	OT	2 Samuel	yes	no	no	The king said to Tzadok, Carry back the ark of Elohim into the city: if I shall find favor in the eyes of YHWH, he will bring me again, and show me both it, and his habitation:	Behold, Tzadok also [came], and all the Levites with him, bearing the ark of the covenant of Elohim; and they set down the ark of Elohim; and Evyatar went up, until all the people had done passing out of the city.
2 Samuel 15:32	OT	2 Samuel	yes	no	no	It happened that when Dawid had come to the top [of the ascent], where Elohim was worshiped, behold, Hushai the Archite came to meet him with his coat torn, and earth on his head.	One told Dawid, saying, Ahithophel is among the conspirators with Avshalom. Dawid said, YHWH, please turn the counsel of Ahithophel into foolishness.
2 Samuel 16:10	OT	2 Samuel	yes	no	no	The king said, What have I to do with you, you sons of Zeruiah? Because he curses, and because YHWH has said to him, Curse Dawid; who then shall say, Why have you done so?	"Then said Avishai the son of Zeruiah to the king, ""Why should this dead dog curse my lord the king? Please let me go over and take off his head."""
2 Samuel 16:11	OT	2 Samuel	yes	no	no	Dawid said to Avishai, and to all his servants, Behold, my son, who came forth from my bowels, seeks my life: how much more [may] this Benjamite now [do it]? let him alone, and let him curse; for YHWH has invited him.	The king said, What have I to do with you, you sons of Zeruiah? Because he curses, and because YHWH has said to him, Curse Dawid; who then shall say, Why have you done so?
2 Samuel 16:12	OT	2 Samuel	yes	no	no	It may be that YHWH will look on the wrong done to me, and that YHWH will requite me good for [his] cursing of me this day.	Dawid said to Avishai, and to all his servants, Behold, my son, who came forth from my bowels, seeks my life: how much more [may] this Benjamite now [do it]? let him alone, and let him curse; for YHWH has invited him.
2 Samuel 16:18	OT	2 Samuel	yes	no	no	Hushai said to Avshalom, No; but whom YHWH, and this people, and all the people of Israel have chosen, his will I be, and with him will I abide.	Avshalom said to Hushai, Is this your kindness to your friend? Why didn't you go with your friend?
2 Samuel 18:19	OT	2 Samuel	yes	no	no	Then said Ahimaaz the son of Tzadok, Let me now run, and bear the king news, how that YHWH has avenged him of his enemies.	Now Avshalom in his lifetime had taken and reared up for himself the pillar, which is in the king's dale; for he said, I have no son to keep my name in memory: and he called the pillar after his own name; and it is called Avshalom's monument, to this day.
2 Samuel 18:28	OT	2 Samuel	yes	no	no	Ahimaaz called, and said to the king, All is well. He bowed himself before the king with his face to the earth, and said, Blessed be YHWH your God, who has delivered up the people who lifted up their hand against my lord the king.	The watchman said, I think the running of the foremost is like the running of Ahimaaz the son of Tzadok. The king said, He is a good man, and comes with good news.
2 Samuel 19:14	OT	2 Samuel	no	yes	no	He bowed the heart of all the people of Yehudah, even as [the heart of] one man; so that they sent to the king, [saying], Return you, and all your servants.	Say you to Amasa, Aren't you my bone and my flesh? Elohim do so to me, and more also, if you aren't captain of the army before me continually in the room of Yoav.
2 Samuel 19:21	OT	2 Samuel	yes	no	no	But Avishai the son of Zeruiah answered, Shall Shimei not be put to death for this, because he cursed YHWH's anointed?	For your servant does know that I have sinned: therefore, behold, I am come this day the first of all the house of Yosef to go down to meet my lord the king.
2 Samuel 19:27	OT	2 Samuel	yes	no	no	He has slandered your servant to my lord the king; but my lord the king is as an angel of Elohim: do therefore what is good in your eyes.	He answered, My lord, O king, my servant deceived me: for your servant said, I will saddle me a donkey, that I may ride thereon, and go with the king; because your servant is lame.
2 Samuel 21:1	OT	2 Samuel	yes	no	no	There was a famine in the days of Dawid three years, year after year; and Dawid sought the face of YHWH. YHWH said, It is for Shaul, and for his bloody house, because he put to death the Gibeonites.	
2 Samuel 21:6	OT	2 Samuel	yes	no	no	let seven men of his sons be delivered to us, and we will hang them up to YHWH in Gibeah of Shaul, the chosen of YHWH. The king said, I will give them.	They said to the king, The one who consumed us, and who devised against us, [that] we should be destroyed from remaining in any of the borders of Israel,
2 Samuel 21:9	OT	2 Samuel	yes	no	no	He delivered them into the hands of the Gibeonites, and they hanged them in the mountain before YHWH, and they fell [all] seven together. They were put to death in the days of harvest, in the first days, at the beginning of barley harvest.	But the king took the two sons of Rizpah the daughter of Aiah, whom she bore to Shaul, Armoni and Mephibosheth; and the five sons of Michal the daughter of Shaul, whom she bore to Adriel the son of Barzillai the Meholathite:
2 Samuel 21:14	OT	2 Samuel	yes	no	no	They buried the bones of Shaul and Yonatan his son in the country of Binyamin in Zela, in the tomb of Kish his father: and they performed all that the king commanded. After that Elohim was entreated for the land.	and he brought up from there the bones of Shaul and the bones of Yonatan his son: and they gathered the bones of those who were hanged.
2 Samuel 22:1	OT	2 Samuel	yes	no	no	Dawid spoke to YHWH the words of this song in the day that YHWH delivered him out of the hand of all his enemies, and out of the hand of Shaul:	
2 Samuel 22:2	OT	2 Samuel	yes	no	no	and he said, YHWH is my rock, my fortress, and my deliverer, even mine;	Dawid spoke to YHWH the words of this song in the day that YHWH delivered him out of the hand of all his enemies, and out of the hand of Shaul:
2 Samuel 22:3	OT	2 Samuel	yes	no	no	Elohim, my rock, in him I will take refuge; my shield, and the horn of my salvation, my high tower, and my refuge. My savior, you save me from violence.	and he said, YHWH is my rock, my fortress, and my deliverer, even mine;
2 Samuel 22:34	OT	2 Samuel	yes	no	no	Elohim makes his feet like hinds' [feet], and sets me on my high places.	Elohim is my strong fortress. Elohim makes my way perfect.
2 Samuel 22:51	OT	2 Samuel	yes	no	no	YHWH gives great deliverance to YHWH’s king, and shows loving kindness to YHWH’s anointed, to Dawid and to his seed, forevermore.	Therefore I will give thanks to you, YHWH, among the nations. Will sing praises to your name.
2 Samuel 23:2	OT	2 Samuel	yes	no	no	The Ruach of YHWH spoke by me. His word was on my tongue.	Now these are the last words of Dawid. Dawid the son of Yishai says, the one who was raised on high says, the anointed of the God of Ya'akov, the sweet psalmist of Israel:
2 Samuel 23:4	OT	2 Samuel	no	yes	no	[He shall be] as the light of the morning, when the sun rises, a morning without clouds, [When] the tender grass [springs] out of the earth, Through clear shining after rain.	The God of Israel said, the Rock of Israel spoke to me, one who rules over men righteously, who rules in reverence for God,
2 Samuel 23:5	OT	2 Samuel	yes	no	no	Most certainly my house is not so with Elohim, yet he has made with me an everlasting covenant, ordered in all things, and sure, for it is all my salvation, and all [my] desire, although he doesn't make it grow.	[He shall be] as the light of the morning, when the sun rises, a morning without clouds, [When] the tender grass [springs] out of the earth, Through clear shining after rain.
2 Samuel 23:10	OT	2 Samuel	yes	no	no	He arose, and struck the Philistines until his hand was weary, and his hand froze to the sword; and YHWH worked a great victory that day; and the people returned after him only to take spoil.	After him was Eleazar the son of Dodai the son of an Ahohite, one of the three mighty men with Dawid, when they defied the Philistines who were there gathered together to battle, and the people of Israel were gone away.
2 Samuel 23:12	OT	2 Samuel	yes	no	no	But he stood in the midst of the plot, and defended it, and killed the Philistines; and YHWH worked a great victory.	After him was Shammah the son of Agee a Hararite. The Philistines were gathered together into a troop, where was a plot of ground full of lentils; and the people fled from the Philistines.
2 Samuel 23:16	OT	2 Samuel	yes	no	no	The three mighty men broke through the army of the Philistines, and drew water out of the well of Beit Lechem, that was by the gate, and took it, and brought it to Dawid: but he would not drink of it, but poured it out to YHWH.	Dawid longed, and said, Oh that one would give me water to drink of the well of Beit Lechem, which is by the gate!
2 Samuel 23:17	OT	2 Samuel	yes	yes	no	He said, Be it far from me, YHWH, that I should do this: [shall I drink] the blood of the people who went in jeopardy of their lives? therefore he would not drink it. These things did the three mighty men.	The three mighty men broke through the army of the Philistines, and drew water out of the well of Beit Lechem, that was by the gate, and took it, and brought it to Dawid: but he would not drink of it, but poured it out to YHWH.
2 Samuel 24:1	OT	2 Samuel	yes	no	no	Again the anger of YHWH was kindled against Israel, and he moved Dawid against them, saying, Go, number Israel and Yehudah.	
2 Samuel 24:10	OT	2 Samuel	yes	no	no	Dawid's heart struck him after that he had numbered the people. Dawid said to YHWH, I have sinned greatly in that which I have done: but now, YHWH, put away, I beg you, the iniquity of your servant; for I have done very foolishly.	Yoav gave up the sum of the numbering of the people to the king: and there were in Israel eight hundred thousand valiant people who drew the sword; and the people of Yehudah were five hundred thousand men.
2 Samuel 24:14	OT	2 Samuel	yes	no	no	Dawid said to Gad, I am in a great strait: let us fall now into the hand of YHWH; for his mercies are great; and let me not fall into the human hand.	So Gad came to Dawid, and told him, and said to him, Shall seven years of famine come to you in your land? or will you flee three months before your foes while they pursue you? or shall there be three days' pestilence in your land? now advise you, and consider what answer I shall return to the one who sent me.
2 Samuel 24:16	OT	2 Samuel	yes	no	no	When the angel stretched out his hand toward Yerushalayim to destroy it, YHWH relented from the harm, and said to the angel who destroyed the people, It is enough; now stay your hand. The angel of YHWH was by the threshing floor of Araunah the Jebusite.	So YHWH sent a pestilence on Israel from the morning even to the time appointed; and there died of the people from Dan even to Be'er Sheva seventy thousand men.
2 Samuel 24:17	OT	2 Samuel	yes	no	no	Dawid spoke to YHWH when he saw the angel who struck the people, and said, Behold, I have sinned, and I have done perversely; but these sheep, what have they done? Please let your hand be against me, and against my father's house.	When the angel stretched out his hand toward Yerushalayim to destroy it, YHWH relented from the harm, and said to the angel who destroyed the people, It is enough; now stay your hand. The angel of YHWH was by the threshing floor of Araunah the Jebusite.
2 Samuel 24:18	OT	2 Samuel	yes	no	no	Gad came that day to Dawid, and said to him, Go up, rear an altar to YHWH in the threshing floor of Araunah the Jebusite.	Dawid spoke to YHWH when he saw the angel who struck the people, and said, Behold, I have sinned, and I have done perversely; but these sheep, what have they done? Please let your hand be against me, and against my father's house.
2 Samuel 24:21	OT	2 Samuel	yes	no	no	Araunah said, Why is my lord the king come to his servant? Dawid said, To buy the threshing floor of you, to build an altar to YHWH, that the plague may be stayed from the people.	Araunah looked forth, and saw the king and his servants coming on toward him: and Araunah went out, and bowed himself before the king with his face to the ground.
1 Kings 1:17	OT	1 Kings	yes	no	yes	She said to him, My lord, you swore by YHWH your God to your handmaid, [saying], Assuredly Shlomo your son shall reign after me, and he shall sit on my throne.	Bat-Sheva bowed, and did obeisance to the king. The king said, What would you?
1 Kings 1:30	OT	1 Kings	yes	no	no	most certainly as I swore to you by YHWH, the God of Israel, saying, Assuredly Shlomo your son shall reign after me, and he shall sit on my throne in my place; most certainly so will I do this day.	The king swore, and said, As YHWH lives, who has redeemed my soul out of all adversity,
1 Kings 1:37	OT	1 Kings	yes	no	no	As YHWH has been with my lord the king, even so be he with Shlomo, and make his throne greater than the throne of my lord king Dawid.	Benayahu the son of Yehoyada answered the king, and said, Amen: YHWH, the God of my lord the king, say so [too].
1 Kings 1:47	OT	1 Kings	yes	no	no	Moreover the king's servants came to bless our lord king Dawid, saying, your God make the name of Shlomo better than your name, and make his throne greater than your throne: and the king bowed himself on the bed.	Also Shlomo sits on the throne of the kingdom.
1 Kings 2:8	OT	1 Kings	yes	no	yes	Behold, there is with you Shimei the son of Gera, the Benjamite, of Bahurim, who cursed me with a grievous curse in the day when I went to Mahanaim; but he came down to meet me at the Yarden, and I swore to him by YHWH, saying, I will not put you to death with the sword.	But show kindness to the sons of Barzillai the Gileadite, and let them be of those who eat at your table; for so they came to me when I fled from Avshalom your brother.
1 Kings 2:15	OT	1 Kings	yes	no	no	He said, You know that the kingdom was mine, and that all Israel set their faces on me, that I should reign: however the kingdom is turned about, and is become my brother's; for it was his from YHWH.	He said moreover, I have somewhat to tell you. She said, Say on.
1 Kings 2:23	OT	1 Kings	yes	no	no	Then king Shlomo swore by YHWH, saying, Elohim do so to me, and more also, if Adoniyahu has not spoken this word against his own life.	King Shlomo answered his mother, Why do you ask Abishag the Shunammite for Adoniyahu? ask for him the kingdom also; for he is my elder brother; even for him, and for Evyatar the priest, and for Yoav the son of Zeruiah.
1 Kings 2:24	OT	1 Kings	yes	no	no	Now therefore as YHWH lives, who has established me, and set me on the throne of Dawid my father, and who has made me a house, as he promised, surely Adoniyahu shall be put to death this day.	Then king Shlomo swore by YHWH, saying, Elohim do so to me, and more also, if Adoniyahu has not spoken this word against his own life.
1 Kings 2:27	OT	1 Kings	yes	no	yes	So Shlomo thrust out Evyatar from being priest to YHWH, that he might fulfill the word of YHWH, which he spoke concerning the house of Eli in Shilo.	To Evyatar the priest said the king, Get you to Anathoth, to your own fields; for you are worthy of death: but I will not at this time put you to death, because you bear the ark of YHWH God before Dawid my father, and because you were afflicted in all in which my father was afflicted.
1 Kings 2:28	OT	1 Kings	yes	no	no	The news came to Yoav; for Yoav had turned after Adoniyahu, though he didn't turn after Avshalom. Yoav fled to the Tent of YHWH, and caught hold on the horns of the altar.	So Shlomo thrust out Evyatar from being priest to YHWH, that he might fulfill the word of YHWH, which he spoke concerning the house of Eli in Shilo.
1 Kings 2:29	OT	1 Kings	yes	no	yes	It was told king Shlomo, Yoav is fled to the Tent of YHWH, and behold, he is by the altar. Then Shlomo sent Benayahu the son of Yehoyada, saying, Go, fall on him.	The news came to Yoav; for Yoav had turned after Adoniyahu, though he didn't turn after Avshalom. Yoav fled to the Tent of YHWH, and caught hold on the horns of the altar.
1 Kings 2:30	OT	1 Kings	yes	no	no	Benayahu came to the Tent of YHWH, and said to him, Thus says the king, Come forth. He said, No; but I will die here. Benayahu brought the king word again, saying, Thus said Yoav, and thus he answered me.	It was told king Shlomo, Yoav is fled to the Tent of YHWH, and behold, he is by the altar. Then Shlomo sent Benayahu the son of Yehoyada, saying, Go, fall on him.
1 Kings 2:32	OT	1 Kings	yes	no	yes	YHWH will return his blood on his own head, because he fell on two men more righteous and better than he, and killed them with the sword, and my father Dawid didn't know it, [to wit], Abner the son of Ner, captain of the army of Israel, and Amasa the son of Jether, captain of the army of Yehudah.	The king said to him, Do as he has said, and fall on him, and bury him; that you may take away the blood, which Yoav shed without cause, from me and from my father's house.
1 Kings 2:33	OT	1 Kings	yes	no	no	So shall their blood return on the head of Yoav, and on the head of his seed forever: but to Dawid, and to his seed, and to his house, and to his throne, shall there be peace for ever from YHWH.	YHWH will return his blood on his own head, because he fell on two men more righteous and better than he, and killed them with the sword, and my father Dawid didn't know it, [to wit], Abner the son of Ner, captain of the army of Israel, and Amasa the son of Jether, captain of the army of Yehudah.
1 Kings 2:42	OT	1 Kings	yes	no	yes	The king sent and called for Shimei, and said to him, Didn't I adjure you by YHWH, and protest to you, saying, Know for certain, that on the day you go out, and walk abroad any where, you shall surely die? and you said to me, The saying that I have heard is good.	It was told Shlomo that Shimei had gone from Yerushalayim to Gath, and was come again.
1 Kings 3:1	OT	1 Kings	yes	no	no	Shlomo made affinity with Pharaoh king of Mitzrayim, and took Pharaoh's daughter, and brought her into the city of Dawid, until he had made an end of building his own house, and the house of YHWH, and the wall of Yerushalayim round about.	
1 Kings 3:3	OT	1 Kings	yes	no	no	Shlomo loved YHWH, walking in the statutes of Dawid his father: only he sacrificed and burnt incense in the high places.	Only the people sacrificed in the high places, because there was no house built for the name of YHWH until those days.
1 Kings 3:11	OT	1 Kings	yes	no	no	Elohim said to him, Because you have asked this thing, and have not asked for yourself long life, neither have asked riches for yourself, nor have asked the life of your enemies, but have asked for yourself understanding to discern justice;	The speech pleased YHWH, that Shlomo had asked this thing.
1 Kings 3:15	OT	1 Kings	yes	no	yes	Shlomo awoke; and behold, it was a dream: and he came to Yerushalayim, and stood before the ark of the covenant of YHWH, and offered up burnt offerings, and offered peace offerings, and made a feast to all his servants.	If you will walk in my ways, to keep my statutes and my commandments, as your father Dawid did walk, then I will lengthen your days.
1 Kings 3:28	OT	1 Kings	yes	no	no	All Israel heard of the judgment which the king had judged; and they feared the king: for they saw that the wisdom of Elohim was in him, to do justice.	Then the king answered, Give her the living child, and in no way kill it: she is the mother of it.
1 Kings 5:3	OT	1 Kings	yes	no	yes	You know how that Dawid my father could not build a house for the name of YHWH his God for the wars which were about him on every side, until YHWH put them under the soles of his feet.	Shlomo sent to Hiram, saying,
1 Kings 5:5	OT	1 Kings	yes	no	no	Behold, I purpose to build a house for the name of YHWH my God, as YHWH spoke to Dawid my father, saying, Your son, whom I will set on your throne in your room, he shall build the house for my name.	But now YHWH my God has given me rest on every side; there is neither adversary, nor harmful occurrence.
1 Kings 5:7	OT	1 Kings	yes	no	no	It happened, when Hiram heard the words of Shlomo, that he rejoiced greatly, and said, Blessed be YHWH this day, who has given to Dawid a wise son over this great people.	Now therefore command you that they cut me cedar trees out of Levanon; and my servants shall be with your servants; and I will give you hire for your servants according to all that you shall say: for you know that there is not among us any who knows how to cut timber like the Sidonians.
1 Kings 5:12	OT	1 Kings	yes	no	no	YHWH gave Shlomo wisdom, as he promised him; and there was peace between Hiram and Shlomo; and they two made a league together.	Shlomo gave Hiram twenty thousand measures of wheat for food to his household, and twenty measures of pure oil: thus gave Shlomo to Hiram year by year.
1 Kings 6:1	OT	1 Kings	yes	no	no	It happened in the four hundred and eightieth year after the children of Israel were come out of the land of Mitzrayim, in the fourth year of Shlomo's reign over Israel, in the month Ziv, which is the second month, that he began to build the house of YHWH.	
1 Kings 6:19	OT	1 Kings	yes	no	no	He prepared an oracle in the midst of the house within, to set there the ark of the covenant of YHWH.	There was cedar on the house within, carved with buds and open flowers: all was cedar; there was no stone seen.
1 Kings 7:40	OT	1 Kings	yes	no	no	Hiram made the basins, and the shovels, and the basins. So Hiram made an end of doing all the work that he worked for king Shlomo in the house of YHWH:	He set the bases, five on the right side of the house, and five on the left side of the house: and he set the sea on the right side of the house eastward, toward the south.
1 Kings 7:51	OT	1 Kings	yes	no	no	Thus all the work that king Shlomo worked in the house of YHWH was finished. Shlomo brought in the things which Dawid his father had dedicated, [even] the silver, and the gold, and the vessels, and put them in the treasuries of the house of YHWH.	and the cups, and the snuffers, and the basins, and the spoons, and the fire pans, of pure gold; and the hinges, both for the doors of the inner house, the most holy place, and for the doors of the house, [to wit], of the temple, of gold.
1 Kings 8:15	OT	1 Kings	yes	no	no	He said, Blessed be YHWH, the God of Israel, who spoke with YHWH’s mouth to Dawid your father, and has with YHWH’s hand fulfilled it, saying,	The king turned his face about, and blessed all the assembly of Israel: and all the assembly of Israel stood.
1 Kings 8:22	OT	1 Kings	yes	no	no	Shlomo stood before the altar of YHWH in the presence of all the assembly of Israel, and spread forth his hands toward heavens;	There have I set a place for the ark, in which is the covenant of YHWH, which YHWH made with our fathers, when YHWH brought them out of the land of Mitzrayim.
1 Kings 8:23	OT	1 Kings	yes	no	no	and he said, YHWH, the God of Israel, there is no Elohim like you, in heavens above, or on earth beneath; who keep covenant and loving kindness with your servants, who walk before you with all their heart;	Shlomo stood before the altar of YHWH in the presence of all the assembly of Israel, and spread forth his hands toward heavens;
1 Kings 8:25	OT	1 Kings	yes	no	no	Now therefore, YHWH, the God of Israel, keep with your servant Dawid my father that which you have promised him, saying, There shall not fail you a person in my sight to sit on the throne of Israel, if only your children take heed to their way, to walk before me as you have walked before me.	who have kept with your servant Dawid my father that which you did promise him: yes, you spoke with your mouth, and have fulfilled it with your hand, as it is this day.
1 Kings 8:28	OT	1 Kings	yes	no	no	Yet have respect for the prayer of your servant, and for his supplication, YHWH my God, to listen to the cry and to the prayer which your servant prays before you this day;	But will Elohim in very deed dwell on the earth? behold, heavens and the heavens of heavens can't contain you; how much less this house that I have built!
1 Kings 8:54	OT	1 Kings	yes	no	yes	It was so, that when Shlomo had made an end of praying all this prayer and supplication to YHWH, he arose from before the altar of YHWH, from kneeling on his knees with his hands spread forth toward heavens.	For you did separate them from among all the peoples of the earth, to be your inheritance, as you spoke by Moshe your servant, when you brought our fathers out of Mitzrayim, YHWH God.
1 Kings 8:55	OT	1 Kings	no	yes	no	He stood, and blessed all the assembly of Israel with a loud voice, saying,	It was so, that when Shlomo had made an end of praying all this prayer and supplication to YHWH, he arose from before the altar of YHWH, from kneeling on his knees with his hands spread forth toward heavens.
1 Kings 8:62	OT	1 Kings	yes	no	yes	The king, and all Israel with him, offered sacrifice before YHWH.	Let your heart therefore be perfect with YHWH our God, to walk in YHWH’s statutes, and to keep YHWH’s commandments, as at this day.
1 Kings 8:63	OT	1 Kings	yes	no	no	Shlomo offered for the sacrifice of peace offerings, which he offered to YHWH, two and twenty thousand oxen, and one hundred twenty thousand sheep. So the king and all the children of Israel dedicated the house of YHWH.	The king, and all Israel with him, offered sacrifice before YHWH.
1 Kings 8:64	OT	1 Kings	yes	no	no	The same day did the king make the middle of the court holy that was before the house of YHWH; for there he offered the burnt offering, and the meal offering, and the fat of the peace offerings, because the bronze altar that was before YHWH was too little to receive the burnt offering, and the meal offering, and the fat of the peace offerings.	Shlomo offered for the sacrifice of peace offerings, which he offered to YHWH, two and twenty thousand oxen, and one hundred twenty thousand sheep. So the king and all the children of Israel dedicated the house of YHWH.
1 Kings 8:65	OT	1 Kings	yes	no	no	So Shlomo held the feast at that time, and all Israel with him, a great assembly, from the entrance of Hamath to the brook of Mitzrayim, before YHWH our God, seven days and seven days, even fourteen days.	The same day did the king make the middle of the court holy that was before the house of YHWH; for there he offered the burnt offering, and the meal offering, and the fat of the peace offerings, because the bronze altar that was before YHWH was too little to receive the burnt offering, and the meal offering, and the fat of the peace offerings.
1 Kings 8:66	OT	1 Kings	yes	no	no	On the eighth day he sent the people away; and they blessed the king, and went to their tents joyful and glad of heart for all the goodness that YHWH had shown to Dawid his servant, and to Israel his people.	So Shlomo held the feast at that time, and all Israel with him, a great assembly, from the entrance of Hamath to the brook of Mitzrayim, before YHWH our God, seven days and seven days, even fourteen days.
1 Kings 9:1	OT	1 Kings	yes	no	no	It happened, when Shlomo had finished the building of the house of YHWH, and the king's house, and all Shlomo's desire which he was pleased to do,	
1 Kings 9:2	OT	1 Kings	yes	no	no	that YHWH appeared to Shlomo the second time, as he had appeared to him at Gibeon.	It happened, when Shlomo had finished the building of the house of YHWH, and the king's house, and all Shlomo's desire which he was pleased to do,
1 Kings 9:3	OT	1 Kings	yes	no	no	YHWH said to him, I have heard your prayer and your supplication, that you have made before me: I have made this house holy, which you have built, to put my name there forever; and my eyes and my heart shall be there perpetually.	that YHWH appeared to Shlomo the second time, as he had appeared to him at Gibeon.
1 Kings 9:15	OT	1 Kings	yes	no	yes	This is the reason of the levy which king Shlomo raised, to build the house of YHWH, and his own house, and Millo, and the wall of Yerushalayim, and Hazor, and Megiddo, and Gezer.	Hiram sent to the king one hundred twenty talents of gold.
1 Kings 9:25	OT	1 Kings	yes	no	no	Three times a year did Shlomo offer burnt offerings and peace offerings on the altar which he built to YHWH, burning incense therewith, [on the altar] that was before YHWH. So he finished the house.	But Pharaoh's daughter came up out of the city of Dawid to her house which [Shlomo] had built for her: then did he build Millo.
1 Kings 10:1	OT	1 Kings	yes	no	no	When the queen of Sheba heard of the fame of Shlomo concerning the name of YHWH, she came to prove him with hard questions.	
1 Kings 10:5	OT	1 Kings	yes	no	no	and the food of his table, and the sitting of his servants, and the attendance of his ministers, and their clothing, and his cup bearers, and his ascent by which he went up to the house of YHWH; there was no more spirit in her.	When the queen of Sheba had seen all the wisdom of Shlomo, and the house that he had built,
1 Kings 10:9	OT	1 Kings	yes	no	no	Blessed be YHWH your God, who delighted in you, to set you on the throne of Israel: because YHWH loved Israel forever, therefore made he you king, to do justice and righteousness.	Happy are your men, happy are these your servants, who stand continually before you, [and] who hear your wisdom.
1 Kings 10:24	OT	1 Kings	yes	no	no	All the earth sought the presence of Shlomo, to hear his wisdom, which Elohim had put in his heart.	So king Shlomo exceeded all the kings of the earth in riches and in wisdom.
1 Kings 11:3	OT	1 Kings	no	yes	no	He had seven hundred wives, princesses, and three hundred concubines; and his wives turned away his heart.	of the nations concerning which YHWH said to the children of Israel, You shall not go among them, neither shall they come among you; for surely they will turn away your heart after their gods: Shlomo joined to these in love.
1 Kings 11:4	OT	1 Kings	yes	no	no	For it happened, when Shlomo was old, that his wives turned away his heart after other gods; and his heart was not perfect with YHWH his God, as was the heart of Dawid his father.	He had seven hundred wives, princesses, and three hundred concubines; and his wives turned away his heart.
1 Kings 11:6	OT	1 Kings	yes	no	no	Shlomo did what was broken in the sight of YHWH, and didn't go fully after YHWH, as did Dawid his father.	For Shlomo went after Ashtoreth the goddess of the Sidonians, and after Milcom the abomination of the Ammonites.
1 Kings 11:9	OT	1 Kings	yes	no	no	YHWH was angry with Shlomo, because his heart was turned away from YHWH, the God of Israel, who had appeared to him twice,	So did he for all his foreign wives, who burnt incense and sacrificed to their gods.
1 Kings 11:10	OT	1 Kings	yes	no	no	and had commanded him concerning this thing, that he should not go after other gods: but he didn't keep that which YHWH commanded.	YHWH was angry with Shlomo, because his heart was turned away from YHWH, the God of Israel, who had appeared to him twice,
1 Kings 11:14	OT	1 Kings	yes	no	no	YHWH raised up an adversary to Shlomo, Hadad the Edomite: he was of the king's seed in Edom.	However I will not tear away all the kingdom; but I will give one tribe to your son, for Dawid my servant's sake, and for Yerushalayim's sake which I have chosen.
1 Kings 11:23	OT	1 Kings	yes	no	no	Elohim raised up [another] adversary to him, Rezon the son of Eliada, who had fled from his lord Hadadezer king of Zobah.	Then Pharaoh said to him, But what have you lacked with me, that behold, you seek to go to your own country? He answered, Nothing: however only let me depart.
1 Kings 11:24	OT	1 Kings	no	yes	no	He gathered men to him, and became captain over a troop, when Dawid killed them [of Zobah]: and they went to Dammeseq, and lived therein, and reigned in Dammeseq.	Elohim raised up [another] adversary to him, Rezon the son of Eliada, who had fled from his lord Hadadezer king of Zobah.
1 Kings 11:31	OT	1 Kings	yes	no	no	He said to Yerovam, Take ten pieces; for thus says YHWH, the God of Israel, Behold, I will tear the kingdom out of the hand of Shlomo, and will give ten tribes to you	Ahijah laid hold of the new garment that was on him, and tore it in twelve pieces.
1 Kings 13:2	OT	1 Kings	yes	yes	no	He cried against the altar by the word of YHWH, and said, altar, altar, thus says YHWH: Behold, a son shall be born to the house of Dawid, Yoshiyahu by name; and on you shall he sacrifice the priests of the high places who burn incense on you, and people's bones shall they burn on you.	Behold, there came a person of Elohim out of Yehudah by the word of YHWH to Beth El: and Yerovam was standing by the altar to burn incense.
1 Kings 13:3	OT	1 Kings	yes	yes	no	He gave a sign the same day, saying, This is the sign which YHWH has spoken: Behold, the altar shall be torn, and the ashes that are on it shall be poured out.	He cried against the altar by the word of YHWH, and said, altar, altar, thus says YHWH: Behold, a son shall be born to the house of Dawid, Yoshiyahu by name; and on you shall he sacrifice the priests of the high places who burn incense on you, and people's bones shall they burn on you.
1 Kings 13:4	OT	1 Kings	yes	no	yes	It happened, when the king heard the saying of the person of Elohim, which they cried against the altar in Beit El, that Yerovam put forth their hand from the altar, saying, Lay hold on him. His hand, which he put forth against him, dried up, so that he could not draw it back again to him.	He gave a sign the same day, saying, This is the sign which YHWH has spoken: Behold, the altar shall be torn, and the ashes that are on it shall be poured out.
1 Kings 13:6	OT	1 Kings	yes	no	no	The king answered the person of Elohim, Entreat now the favor of YHWH your God, and pray for me, that my hand may be restored me again. The person of Elohim entreated YHWH, and the king's hand was restored him again, and became as it was before.	The altar also was torn, and the ashes poured out from the altar, according to the sign which the person of Elohim had given by the word of YHWH.
1 Kings 13:11	OT	1 Kings	yes	no	yes	Now there lived an old prophet in Beit El; and one of their sons came and told him all the works that the person of Elohim had done that day in Beit El: the words which they had spoken to the king, them also they told to their father.	So he went another way, and didn't return by the way that he came to Beit El.
1 Kings 13:12	OT	1 Kings	yes	no	no	Their father said to them, Which way did he go? Now their sons had seen which way the person of Elohim went, who came from Yehudah.	Now there lived an old prophet in Beit El; and one of their sons came and told him all the works that the person of Elohim had done that day in Beit El: the words which they had spoken to the king, them also they told to their father.
1 Kings 13:13	OT	1 Kings	no	yes	no	He said to his sons, Saddle me the donkey. So they saddled him the donkey; and he rode thereon.	Their father said to them, Which way did he go? Now their sons had seen which way the person of Elohim went, who came from Yehudah.
1 Kings 13:14	OT	1 Kings	yes	no	yes	They went after the person of Elohim, and found him sitting under an oak; and they said to him, Are you the person of Elohim who came from Yehudah? He said, I am.	He said to his sons, Saddle me the donkey. So they saddled him the donkey; and he rode thereon.
1 Kings 13:18	OT	1 Kings	yes	yes	yes	He said to him, I also am a prophet as you are; and an angel spoke to me by the word of YHWH, saying, Bring him back with you into your house, that he may eat bread and drink water. [But] he lied to him.	for it was said to me by the word of YHWH, You shall eat no bread nor drink water there, nor turn again to go by the way that you came.
1 Kings 13:20	OT	1 Kings	yes	no	no	It happened, as they sat at the table, that the word of YHWH came to the prophet who brought him back;	So he went back with him, and ate bread in his house, and drank water.
1 Kings 13:26	OT	1 Kings	yes	no	yes	When the prophet who brought him back from the way heard of it, they said, It is the person of Elohim, who was disobedient to the mouth of YHWH: therefore YHWH has delivered him to the lion, which has torn him, and slain him, according to the word of YHWH, which they spoke to him.	Behold, men passed by, and saw the body cast in the way, and the lion standing by the body; and they came and told it in the city where the old prophet lived.
1 Kings 13:27	OT	1 Kings	no	yes	no	He spoke to his sons, saying, Saddle me the donkey. They saddled it.	When the prophet who brought him back from the way heard of it, they said, It is the person of Elohim, who was disobedient to the mouth of YHWH: therefore YHWH has delivered him to the lion, which has torn him, and slain him, according to the word of YHWH, which they spoke to him.
1 Kings 13:29	OT	1 Kings	yes	no	yes	The prophet took up the body of the person of Elohim, and laid it on the donkey, and brought it back; and he came to the city of the old prophet, to mourn, and to bury him.	He went and found his body cast in the way, and the donkey and the lion standing by the body: the lion had not eaten the body, nor torn the donkey.
1 Kings 13:30	OT	1 Kings	no	yes	no	He laid his body in his own grave; and they mourned over him, [saying], Alas, my brother!	The prophet took up the body of the person of Elohim, and laid it on the donkey, and brought it back; and he came to the city of the old prophet, to mourn, and to bury him.
1 Kings 13:31	OT	1 Kings	yes	no	no	It happened, after they had buried him, that they spoke to their sons, saying, When I am dead, then bury me in the tomb in which the person of Elohim is buried; lay my bones beside his bones.	He laid his body in his own grave; and they mourned over him, [saying], Alas, my brother!
1 Kings 13:32	OT	1 Kings	yes	no	no	For the saying which he cried by the word of YHWH against the altar in Beit El, and against all the houses of the high places which are in the cities of Shomron, shall surely happen.	It happened, after they had buried him, that they spoke to their sons, saying, When I am dead, then bury me in the tomb in which the person of Elohim is buried; lay my bones beside his bones.
1 Kings 14:5	OT	1 Kings	yes	no	no	YHWH said to Ahijah, Behold, the wife of Yerovam comes to inquire of you concerning her son; for he is sick: thus and thus shall you tell her; for it will be, when she comes in, that she will feign herself to be another woman.	Yerovam's wife did so, and arose, and went to Shilo, and came to the house of Ahijah. Now Ahijah could not see; for his eyes were set by reason of his age.
1 Kings 14:13	OT	1 Kings	yes	no	yes	All Israel shall mourn for him, and bury him; for he only of Yerovam shall come to the grave, because in him there is found some good thing toward YHWH, the God of Israel, in the house of Yerovam.	Arise you therefore, get you to your house: [and] when your feet enter into the city, the child shall die.
1 Kings 14:14	OT	1 Kings	yes	no	no	Moreover YHWH will raise him up a king over Israel, who shall cut off the house of Yerovam that day: but what? even now.	All Israel shall mourn for him, and bury him; for he only of Yerovam shall come to the grave, because in him there is found some good thing toward YHWH, the God of Israel, in the house of Yerovam.
1 Kings 14:15	OT	1 Kings	yes	no	yes	For YHWH will strike Israel, as a reed is shaken in the water; and he will root up Israel out of this good land which he gave to their fathers, and will scatter them beyond the River, because they have made their Asherim, provoking YHWH to anger.	Moreover YHWH will raise him up a king over Israel, who shall cut off the house of Yerovam that day: but what? even now.
1 Kings 14:16	OT	1 Kings	yes	no	no	YHWH will give Israel up because of the sins of Yerovam, which he has sinned, and with which he has made Israel to sin.	For YHWH will strike Israel, as a reed is shaken in the water; and he will root up Israel out of this good land which he gave to their fathers, and will scatter them beyond the River, because they have made their Asherim, provoking YHWH to anger.
1 Kings 14:18	OT	1 Kings	yes	no	yes	All Israel buried him, and mourned for him, according to the word of YHWH, which YHWH spoke by YHWH’s servant Ahijah the prophet.	Yerovam's wife arose, and departed, and came to Tirzah: [and] as she came to the threshold of the house, the child died.
1 Kings 14:21	OT	1 Kings	yes	no	yes	Rechavam the son of Shlomo reigned in Yehudah. Rechavam was forty-one years old when he began to reign, and he reigned seventeen years in Yerushalayim, the city which YHWH had chosen out of all the tribes of Israel, to put YHWH’s name there: and his mother's name was Naamah the Ammonitess.	The days which Yerovam reigned were two and twenty years: and he slept with his fathers, and Nadab his son reigned in his place.
1 Kings 14:22	OT	1 Kings	yes	no	yes	Yehudah did what was broken in the sight of YHWH, and they provoked him to jealousy with their sins which they committed, above all that their fathers had done.	Rechavam the son of Shlomo reigned in Yehudah. Rechavam was forty-one years old when he began to reign, and he reigned seventeen years in Yerushalayim, the city which YHWH had chosen out of all the tribes of Israel, to put YHWH’s name there: and his mother's name was Naamah the Ammonitess.
1 Kings 14:26	OT	1 Kings	yes	no	no	and he took away the treasures of the house of YHWH, and the treasures of the king's house; he even took away all: and he took away all the shields of gold which Shlomo had made.	It happened in the fifth year of king Rechavam, that Shishak king of Mitzrayim came up against Yerushalayim;
1 Kings 15:3	OT	1 Kings	yes	no	yes	He walked in all the sins of his father, which he had done before him; and his heart was not perfect with YHWH his God, as the heart of Dawid his father.	Three years reigned he in Yerushalayim: and his mother's name was Maacah the daughter of Abishalom.
1 Kings 15:4	OT	1 Kings	yes	no	no	Nevertheless for Dawid's sake did YHWH his God give him a lamp in Yerushalayim, to set up his son after him, and to establish Yerushalayim;	He walked in all the sins of his father, which he had done before him; and his heart was not perfect with YHWH his God, as the heart of Dawid his father.
1 Kings 15:5	OT	1 Kings	yes	no	yes	because Dawid did that which was right in the eyes of YHWH, and didn't turn aside from anything that he commanded him all the days of his life, except only in the matter of Uriyah the Hittite.	Nevertheless for Dawid's sake did YHWH his God give him a lamp in Yerushalayim, to set up his son after him, and to establish Yerushalayim;
1 Kings 15:11	OT	1 Kings	yes	no	no	Asa did that which was right in the eyes of YHWH, as did Dawid his father.	Forty-one years reigned he in Yerushalayim: and his mother's name was Maacah the daughter of Abishalom.
1 Kings 15:12	OT	1 Kings	no	yes	no	He put away the sodomites out of the land, and removed all the idols that his fathers had made.	Asa did that which was right in the eyes of YHWH, as did Dawid his father.
1 Kings 15:14	OT	1 Kings	yes	no	no	But the high places were not taken away: nevertheless the heart of Asa was perfect with YHWH all his days.	Also Maacah his mother he removed from being queen, because she had made an abominable image for an Asherah; and Asa cut down her image, and burnt it at the brook Kidron.
1 Kings 15:15	OT	1 Kings	yes	yes	yes	He brought into the house of YHWH the things that his father had dedicated, and the things that himself had dedicated, silver, and gold, and vessels.	But the high places were not taken away: nevertheless the heart of Asa was perfect with YHWH all his days.
1 Kings 15:18	OT	1 Kings	yes	no	no	Then Asa took all the silver and the gold that were left in the treasures of the house of YHWH, and the treasures of the king's house, and delivered them into the hand of his servants; and king Asa sent them to Ben Hadad, the son of Tabrimmon, the son of Hezion, king of Aram, who lived at Dammeseq, saying,	Baasha king of Israel went up against Yehudah, and built Ramah, that they might not allow anyone to go out or come in to Asa king of Yehudah.
1 Kings 15:26	OT	1 Kings	yes	no	no	He did what was broken in the sight of YHWH, and walked in the way of his father, and in his sin with which he made Israel to sin.	Nadab the son of Yerovam began to reign over Israel in the second year of Asa king of Yehudah; and he reigned over Israel two years.
1 Kings 15:29	OT	1 Kings	yes	no	yes	It happened that, as soon as he was king, he struck all the house of Yerovam: he didn't leave to Yerovam any who breathed, until he had destroyed him; according to the saying of YHWH, which YHWH spoke by YHWH’s servant Ahijah the Shilonite;	Even in the third year of Asa king of Yehudah did Baasha kill him, and reigned in his place.
1 Kings 15:30	OT	1 Kings	yes	no	no	for the sins of Yerovam which he sinned, and with which he made Israel to sin, because of his provocation with which he provoked YHWH, the God of Israel, to anger.	It happened that, as soon as he was king, he struck all the house of Yerovam: he didn't leave to Yerovam any who breathed, until he had destroyed him; according to the saying of YHWH, which YHWH spoke by YHWH’s servant Ahijah the Shilonite;
1 Kings 15:34	OT	1 Kings	yes	no	no	He did what was broken in the sight of YHWH, and walked in the way of Yerovam, and in his sin with which he made Israel to sin.	In the third year of Asa king of Yehudah began Baasha the son of Ahijah to reign over all Israel in Tirzah, [and reigned] twenty-four years.
1 Kings 16:7	OT	1 Kings	yes	no	yes	Moreover by the prophet Yehu the son of Hanani came the word of YHWH against Baasha, and against his house, both because of all the brokenness that he did in the sight of YHWH, to provoke him to anger with the work of his hands, in being like the house of Yerovam, and because he struck him.	Baasha slept with his fathers, and was buried in Tirzah; and Elah his son reigned in his place.
1 Kings 16:13	OT	1 Kings	yes	no	no	for all the sins of Baasha, and the sins of Elah his son, which they sinned, and with which they made Israel to sin, to provoke YHWH, the God of Israel, to anger with their vanities.	Thus did Zimri destroy all the house of Baasha, according to the word of YHWH, which YHWH spoke against Baasha by Yehu the prophet,
1 Kings 16:19	OT	1 Kings	yes	no	no	for his sins which he sinned in doing what was broken in the sight of YHWH, in walking in the way of Yerovam, and in his sin which he did, to make Israel to sin.	It happened, when Zimri saw that the city was taken, that he went into the castle of the king's house, and burnt the king's house over him with fire, and died,
1 Kings 16:25	OT	1 Kings	yes	no	no	Omri did what was broken in the sight of YHWH, and dealt wickedly above all who were before him.	He bought the hill Shomron of Shemer for two talents of silver; and he built on the hill, and called the name of the city which he built, after the name of Shemer, the owner of the hill, Shomron.
1 Kings 16:26	OT	1 Kings	yes	no	no	For he walked in all the way of Yerovam the son of Nebat, and in his sins with which he made Israel to sin, to provoke YHWH, the God of Israel, to anger with their vanities.	Omri did what was broken in the sight of YHWH, and dealt wickedly above all who were before him.
1 Kings 16:30	OT	1 Kings	yes	no	no	Achav the son of Omri did what was broken in the sight of YHWH above all that were before him.	In the thirty-eighth year of Asa king of Yehudah began Achav the son of Omri to reign over Israel: and Achav the son of Omri reigned over Israel in Shomron twenty-two years.
1 Kings 16:33	OT	1 Kings	yes	no	no	Achav made the Asherah; and Achav did yet more to provoke YHWH, the God of Israel, to anger than all the kings of Israel who were before him.	He reared up an altar for Baal in the house of Baal, which he had built in Shomron.
1 Kings 16:34	OT	1 Kings	yes	no	no	In his days did Hiel the Bethelite build Yericho: he laid the foundation of it with the loss of Abiram his firstborn, and set up the gates of it with the loss of his youngest son Segub, according to the word of YHWH, which YHWH spoke by Yehoshua the son of Nun.	Achav made the Asherah; and Achav did yet more to provoke YHWH, the God of Israel, to anger than all the kings of Israel who were before him.
1 Kings 17:2	OT	1 Kings	yes	no	no	The word of YHWH came to him, saying,	Eliyahu the Tishbite, who was of the foreigners of Gilead, said to Achav, As YHWH, the God of Israel, lives, before whom I stand, there shall not be dew nor rain these years, but according to my word.
1 Kings 17:5	OT	1 Kings	yes	no	yes	So he went and did according to the word of YHWH; for he went and lived by the brook Cherith, that is before the Yarden.	It shall be, that you shall drink of the brook; and I have commanded the ravens to feed you there.
1 Kings 17:8	OT	1 Kings	yes	no	no	The word of YHWH came to him, saying,	It happened after a while, that the brook dried up, because there was no rain in the land.
1 Kings 17:19	OT	1 Kings	no	yes	no	He said to her, Give me your son. He took him out of her bosom, and carried him up into the chamber, where he abode, and laid him on his own bed.	She said to Eliyahu, What have I to do with you, you man of Elohim? You have come to me to bring my sin to memory, and to kill my son!
1 Kings 17:20	OT	1 Kings	yes	no	no	He cried to YHWH, and said, YHWH my God, have you also brought harm on the widow with whom I sojourn, by killing her son?	He said to her, Give me your son. He took him out of her bosom, and carried him up into the chamber, where he abode, and laid him on his own bed.
1 Kings 17:21	OT	1 Kings	yes	yes	no	He stretched himself on the child three times, and cried to YHWH, and said, YHWH my God, please let this child's soul come into him again.	He cried to YHWH, and said, YHWH my God, have you also brought harm on the widow with whom I sojourn, by killing her son?
1 Kings 17:22	OT	1 Kings	yes	no	no	YHWH listened to the voice of Eliyahu; and the soul of the child came into him again, and he revived.	He stretched himself on the child three times, and cried to YHWH, and said, YHWH my God, please let this child's soul come into him again.
1 Kings 18:10	OT	1 Kings	yes	no	yes	As YHWH your God lives, there is no nation or kingdom, where my lord has not sent to seek you: and when they said, He is not here, he took an oath of the kingdom and nation, that they didn't find you.	He said, Wherein have I sinned, that you would deliver your servant into the hand of Achav, to kill me?
1 Kings 18:12	OT	1 Kings	yes	no	yes	It will happen, as soon as I am gone from you, that the Ruach of YHWH will carry you I don't know where; and so when I come and tell Achav, and he can't find you, he will kill me: but I your servant revere YHWH from my youth.	Now you say, Go, tell your lord, Behold, Eliyahu [is here].
1 Kings 18:15	OT	1 Kings	yes	no	no	Eliyahu said, As YHWH of Armies lives, before whom I stand, I will surely show myself to him today.	Now you say, Go, tell your lord, Behold, Eliyahu [is here]; and he will kill me.
1 Kings 18:18	OT	1 Kings	yes	no	no	He answered, I have not troubled Israel; but you, and your father's house, in that you have forsaken the commandments of YHWH, and you have followed the Baals.	It happened, when Achav saw Eliyahu, that Achav said to him, Is it you, you troubler of Israel?
1 Kings 18:21	OT	1 Kings	yes	no	yes	"Eliyahu came near to all the people, and said, ""How long will you waver between the two sides? If YHWH is Elohim, follow him; but if Baal, then follow him."" The people answered him not a word."	So Achav sent to all the children of Israel, and gathered the prophets together to Mount Carmel.
1 Kings 18:24	OT	1 Kings	yes	no	yes	"You call on the name of your god, and I will call on the name of YHWH; and Elohim, the one who answers by fire, let him be Elohim."" All the people answered, ""It is well said."""	Let them therefore give us two bulls; and let them choose one bull for themselves, and cut it in pieces, and lay it on the wood, and put no fire under; and I will dress the other bull, and lay it on the wood, and put no fire under.
1 Kings 18:30	OT	1 Kings	yes	no	no	Eliyahu said to all the people, Come near to me; and all the people came near to him. He repaired the altar of YHWH that was thrown down.	It was so, when midday was past, that they prophesied until the time of the offering of the [evening] offering; but there was neither voice, nor any to answer, nor any who regarded.
1 Kings 18:32	OT	1 Kings	yes	no	yes	With the stones he built an altar in the name of YHWH; and he made a trench about the altar, as great as would contain two measures of seed.	Eliyahu took twelve stones, according to the number of the tribes of the sons of Ya'akov, to whom the word of YHWH came, saying, Israel shall be your name.
1 Kings 18:33	OT	1 Kings	no	yes	no	He put the wood in order, and cut the bull in pieces, and laid it on the wood. He said, Fill four jars with water, and pour it on the burnt offering, and on the wood.	With the stones he built an altar in the name of YHWH; and he made a trench about the altar, as great as would contain two measures of seed.
1 Kings 18:46	OT	1 Kings	yes	no	yes	and the hand of YHWH was on Eliyahu; and he girded up his waist, and ran before Achav to the entrance of Jezreel.	It happened in a little while, that the heavens grew black with clouds and wind, and there was a great rain. Achav rode, and went to Jezreel:
1 Kings 19:4	OT	1 Kings	yes	no	no	But he himself went a day's journey into the wilderness, and came and sat down under a juniper tree: and he requested for himself that he might die, and said, It is enough; now, O YHWH, take away my life; for I am not better than my fathers.	When he saw that, he arose, and went for his life, and came to Be'er Sheva, which belongs to Yehudah, and left his servant there.
1 Kings 19:5	OT	1 Kings	no	yes	no	He lay down and slept under a juniper tree; and behold, an angel touched him, and said to him, Arise and eat.	But he himself went a day's journey into the wilderness, and came and sat down under a juniper tree: and he requested for himself that he might die, and said, It is enough; now, O YHWH, take away my life; for I am not better than my fathers.
1 Kings 19:7	OT	1 Kings	yes	no	no	The angel of YHWH came again the second time, and touched him, and said, Arise and eat, because the journey is too great for you.	He looked, and behold, there was at his head a cake baked on the coals, and a jar of water. He ate and drink, and laid him down again.
1 Kings 19:8	OT	1 Kings	yes	yes	no	He arose, and ate and drink, and went in the strength of that food forty days and forty nights to Horeb the Mount of Elohim.	The angel of YHWH came again the second time, and touched him, and said, Arise and eat, because the journey is too great for you.
1 Kings 19:9	OT	1 Kings	yes	yes	yes	He came there to a cave, and lodged there; and behold, the word of YHWH came to him, and he said to him, What are you doing here, Eliyahu?	He arose, and ate and drink, and went in the strength of that food forty days and forty nights to Horeb the Mount of Elohim.
1 Kings 19:10	OT	1 Kings	yes	yes	no	He said, I have been very jealous for YHWH, the God of Armies; for the children of Israel have forsaken your covenant, thrown down your altars, and slain your prophets with the sword: and I, even I only, am left; and they seek my life, to take it away.	He came there to a cave, and lodged there; and behold, the word of YHWH came to him, and he said to him, What are you doing here, Eliyahu?
1 Kings 19:11	OT	1 Kings	yes	yes	no	He said, Go forth, and stand on the mountain before YHWH. Behold, YHWH passed by, and a great and strong wind tore the mountains, and broke in pieces the rocks before YHWH; but YHWH was not in the wind: and after the wind an earthquake; but YHWH was not in the earthquake:	He said, I have been very jealous for YHWH, the God of Armies; for the children of Israel have forsaken your covenant, thrown down your altars, and slain your prophets with the sword: and I, even I only, am left; and they seek my life, to take it away.
1 Kings 19:14	OT	1 Kings	yes	no	no	He said, I have been very jealous for YHWH, the God of Armies; for the children of Israel have forsaken your covenant, thrown down your altars, and slain your prophets with the sword; and I, even I only, am left; and they seek my life, to take it away.	It was so, when Eliyahu heard it, that he wrapped his face in his mantle, and went out, and stood in the entrance of the cave. Behold, there came a voice to him, and said, What are you doing here, Eliyahu?
1 Kings 19:15	OT	1 Kings	yes	no	no	YHWH said to him, Go, return on your way to the wilderness of Dammeseq: and when you come, you shall anoint Hazael to be king over Aram;	He said, I have been very jealous for YHWH, the God of Armies; for the children of Israel have forsaken your covenant, thrown down your altars, and slain your prophets with the sword; and I, even I only, am left; and they seek my life, to take it away.
1 Kings 20:14	OT	1 Kings	yes	no	no	Achav said, By whom? He said, Thus says YHWH, By the young people of the princes of the provinces. Then he said, Who shall begin the battle? He answered, You.	Behold, a prophet came near to Achav king of Israel, and said, Thus says YHWH, Have you seen all this great multitude? behold, I will deliver it into your hand this day; and you shall know that I am YHWH.
1 Kings 20:35	OT	1 Kings	yes	no	no	A certain man of the sons of the prophets said to his fellow by the word of YHWH, Please strike me. The person refused to strike him.	[Ben Hadad] said to him, The cities which my father took from your father I will restore; and you shall make streets for you in Dammeseq, as my father made in Shomron. I, [said Achav], will let you go with this covenant. So he made a covenant with him, and let him go.
1 Kings 20:36	OT	1 Kings	yes	no	yes	Then said he to him, Because you have not obeyed the voice of YHWH, behold, as soon as you are departed from me, a lion shall kill you. As soon as he was departed from him, a lion found him, and killed him.	A certain man of the sons of the prophets said to his fellow by the word of YHWH, Please strike me. The person refused to strike him.
1 Kings 20:42	OT	1 Kings	yes	no	yes	They said to him, Thus says YHWH, Because you have let go out of your hand the person whom I had devoted to destruction, therefore your life shall go for their life, and your people for their people.	He hurried, and took the headband away from his eyes; and the king of Israel discerned him that he was of the prophets.
1 Kings 21:10	OT	1 Kings	yes	no	yes	and set two men, base fellows, before him, and let them testify against him, saying, You did curse Elohim and the king. Then carry him out, and stone him to death.	She wrote in the letters, saying, Proclaim a fast, and set Naboth on high among the people:
1 Kings 21:13	OT	1 Kings	yes	no	no	The two men, the base fellows, came in and sat before him: and the base fellows bore witness against him, even against Naboth, in the presence of the people, saying, Naboth did curse Elohim and the king. Then they carried him forth out of the city, and stoned him to death with stones.	They proclaimed a fast, and set Naboth on high among the people.
1 Kings 21:19	OT	1 Kings	yes	no	yes	You shall speak to him, saying, Thus says YHWH, Have you killed and also taken possession? You shall speak to him, saying, Thus says YHWH, In the place where dogs licked the blood of Naboth shall dogs lick your blood, even yours.	Arise, go down to meet Achav king of Israel, who dwells in Shomron: behold, he is in the vineyard of Naboth, where he is gone down to take possession of it.
1 Kings 21:20	OT	1 Kings	yes	no	no	Achav said to Eliyahu, Have you found me, my enemy? He answered, I have found you, because you have sold yourself to do that which is wrong in the sight of YHWH.	You shall speak to him, saying, Thus says YHWH, Have you killed and also taken possession? You shall speak to him, saying, Thus says YHWH, In the place where dogs licked the blood of Naboth shall dogs lick your blood, even yours.
1 Kings 21:25	OT	1 Kings	yes	no	no	(But there was none like Achav, who did sell himself to do what was broken in the sight of YHWH, whom Jezebel his wife stirred up.	The one who dies of Achav in the city the dogs shall eat; and the one who dies in the field shall the birds of the heavens eat.
1 Kings 21:26	OT	1 Kings	yes	yes	no	He did very abominably in following idols, according to all that the Amorites did, whom YHWH cast out before the children of Israel.)	(But there was none like Achav, who did sell himself to do what was broken in the sight of YHWH, whom Jezebel his wife stirred up.
1 Kings 22:7	OT	1 Kings	yes	no	yes	But Yehoshafat said, Isn't there here a prophet of YHWH besides, that we may inquire of him?	Then the king of Israel gathered the prophets together, about four hundred men, and said to them, Shall I go against Ramoth Gilead to battle, or shall I forbear? They said, Go up; for YHWH will deliver it into the hand of the king.
1 Kings 22:8	OT	1 Kings	yes	no	no	"The king of Israel said to Yehoshafat, there is yet one man by whom we may inquire of YHWH, Micaiah the son of Imlah: but I hate him; for he does not prophesy good concerning me, but brokenness. Yehoshafat said, ""Don't let the king say so."""	But Yehoshafat said, Isn't there here a prophet of YHWH besides, that we may inquire of him?
1 Kings 22:11	OT	1 Kings	yes	no	yes	Tzidkiyahu the son of Chenaanah made him horns of iron, and said, Thus says YHWH, With these shall you push the Syrians, until they be consumed.	Now the king of Israel and Yehoshafat the king of Yehudah were sitting each on his throne, arrayed in their robes, in an open place at the entrance of the gate of Shomron; and all the prophets were prophesying before them.
1 Kings 22:15	OT	1 Kings	yes	no	yes	When he was come to the king, the king said to him, Micaiah, shall we go to Ramoth Gilead to battle, or shall we forbear? He answered him, Go up and prosper; and YHWH will deliver it into the hand of the king.	Micaiah said, As YHWH lives, what YHWH says to me, that will I speak.
1 Kings 22:16	OT	1 Kings	yes	no	no	The king said to him, How many times shall I adjure you that you speak to me nothing but the truth in the name of YHWH?	When he was come to the king, the king said to him, Micaiah, shall we go to Ramoth Gilead to battle, or shall we forbear? He answered him, Go up and prosper; and YHWH will deliver it into the hand of the king.
1 Kings 22:17	OT	1 Kings	yes	yes	no	He said, I saw all Israel scattered on the mountains, as sheep that have no shepherd: and YHWH said, These have no master; let them return everyone to their house in peace.	The king said to him, How many times shall I adjure you that you speak to me nothing but the truth in the name of YHWH?
1 Kings 22:20	OT	1 Kings	yes	no	yes	YHWH said, 'Who shall entice Achav, that he may go up and fall at Ramoth Gilead?' One said on this manner; and another said on that manner.	"[Micaiah] said, ""Therefore hear the word of YHWH: I saw YHWH sitting on YHWH’s throne, and all the army of heavens standing by YHWH on YHWH’s right hand and on YHWH’s left."
1 Kings 22:21	OT	1 Kings	yes	no	no	There came forth a spirit, and stood before YHWH, and said, 'I will entice him.'	YHWH said, 'Who shall entice Achav, that he may go up and fall at Ramoth Gilead?' One said on this manner; and another said on that manner.
1 Kings 22:22	OT	1 Kings	yes	no	yes	YHWH said to him, 'How?' He said, 'I will go forth, and will be a lying spirit in the mouth of all his prophets.' He said, 'You shall entice him, and shall prevail also: go forth, and do so.'	There came forth a spirit, and stood before YHWH, and said, 'I will entice him.'
1 Kings 22:28	OT	1 Kings	yes	no	yes	Micaiah said, If you return at all in peace, YHWH has not spoken by me. He said, Hear, you peoples, all of you.	and say, Thus says the king, Put this fellow in the prison, and feed him with bread of affliction and with water of affliction, until I come in peace.
1 Kings 22:38	OT	1 Kings	yes	no	no	They werehed the chariot by the pool of Shomron; and the dogs licked up his blood (now the prostitutes washed themselves [there]); according to the word of YHWH which YHWH spoke.	So the king died, and was brought to Shomron; and they buried the king in Shomron.
1 Kings 22:43	OT	1 Kings	yes	no	no	He walked in all the way of Asa his father; He didn't turn aside from it, doing that which was right in the eyes of YHWH: however the high places were not taken away; the people still sacrificed and burnt incense in the high places.	Yehoshafat was thirty-five years old when he began to reign; and he reigned twenty-five years in Yerushalayim. His mother's name was Azubah the daughter of Shilhi.
1 Kings 22:52	OT	1 Kings	yes	no	no	He did what was broken in the sight of YHWH, and walked in the way of his father, and in the way of his mother, and in the way of Yerovam the son of Nebat, in which he made Israel to sin.	Ahaziah the son of Achav began to reign over Israel in Shomron in the seventeenth year of Yehoshafat king of Yehudah, and he reigned two years over Israel.
1 Kings 22:53	OT	1 Kings	yes	yes	yes	He served Baal, and worshiped him, and provoked to anger YHWH, the God of Israel, according to all that his father had done.	He did what was broken in the sight of YHWH, and walked in the way of his father, and in the way of his mother, and in the way of Yerovam the son of Nebat, in which he made Israel to sin.
2 Kings 1:6	OT	2 Kings	yes	no	yes	They said to him, There came up a person to meet us, and said to us, Go, turn again to the king who sent you, and tell him, Thus says YHWH, Is it because there is no Elohim in Israel, that you send to inquire of Baal Zebub, the god of Ekron? therefore you shall not come down from the bed where you are gone up, but shall surely die.	The messengers returned to him, and he said to them, Why is it that you have returned?
2 Kings 1:9	OT	2 Kings	yes	no	yes	Then [the king] sent to him a captain of fifty with his fifty. He went up to him: and behold, he was sitting on the top of the hill. He spoke to him, man of Elohim, the king has said, Come down.	They answered him, He was a hairy man, and girt with a belt of leather about his waist. He said, It is Eliyahu the Tishbite.
2 Kings 1:10	OT	2 Kings	yes	no	no	Eliyahu answered to the captain of fifty, If I be a person of Elohim, let fire come down from the heavens, and consume you and your fifty. Fire came down from the heavens, and consumed him and his fifty.	Then [the king] sent to him a captain of fifty with his fifty. He went up to him: and behold, he was sitting on the top of the hill. He spoke to him, man of Elohim, the king has said, Come down.
2 Kings 1:11	OT	2 Kings	yes	no	yes	Again he sent to him another captain of fifty and his fifty. He answered him, man of Elohim, thus has the king said, Come down quickly.	Eliyahu answered to the captain of fifty, If I be a person of Elohim, let fire come down from the heavens, and consume you and your fifty. Fire came down from the heavens, and consumed him and his fifty.
2 Kings 1:12	OT	2 Kings	yes	no	yes	Eliyahu answered them, If I be a person of Elohim, let fire come down from the heavens, and consume you and your fifty. The fire of Elohim came down from the heavens, and consumed him and his fifty.	Again he sent to him another captain of fifty and his fifty. He answered him, man of Elohim, thus has the king said, Come down quickly.
2 Kings 1:13	OT	2 Kings	yes	no	yes	Again he sent the captain of a third fifty with his fifty. The third captain of fifty went up, and came and fell on his knees before Eliyahu, and begged him, and said to him, man of Elohim, please let my life, and the life of these fifty your servants, be precious in your sight.	Eliyahu answered them, If I be a person of Elohim, let fire come down from the heavens, and consume you and your fifty. The fire of Elohim came down from the heavens, and consumed him and his fifty.
2 Kings 1:15	OT	2 Kings	yes	no	yes	The angel of YHWH said to Eliyahu, Go down with him: don't be afraid of him. He arose, and went down with him to the king.	Behold, fire came down from the heavens, and consumed the two former captains of fifty with their fifties; but now let my life be precious in your sight.
2 Kings 1:16	OT	2 Kings	yes	yes	yes	He said to him, Thus says YHWH, Because you have sent messengers to inquire of Baal Zebub, the god of Ekron, is it because there is no Elohim in Israel to inquire of Elohim’s word? therefore you shall not come down from the bed where you are gone up, but shall surely die.	The angel of YHWH said to Eliyahu, Go down with him: don't be afraid of him. He arose, and went down with him to the king.
2 Kings 1:17	OT	2 Kings	yes	no	yes	So he died according to the word of YHWH which Eliyahu had spoken. Yoram began to reign in his place in the second year of Yoram the son of Yehoshafat king of Yehudah; because he had no son.	He said to him, Thus says YHWH, Because you have sent messengers to inquire of Baal Zebub, the god of Ekron, is it because there is no Elohim in Israel to inquire of Elohim’s word? therefore you shall not come down from the bed where you are gone up, but shall surely die.
2 Kings 2:3	OT	2 Kings	yes	no	yes	"The sons of the prophets who were at Beit El came forth to Elisha, and said to him, ""Do you know that YHWH will take away your master from your head today?"" He said, ""Yes, I know it; hold your peace."""	Eliyahu said to Elisha, Please wait here, for YHWH has sent me as far as Beit El. Elisha said, As YHWH lives, and as your soul lives, I will not leave you. So they went down to Beit El.
2 Kings 2:4	OT	2 Kings	yes	no	yes	Eliyahu said to him, Elisha, please wait here, for YHWH has sent me to Yericho. He said, As YHWH lives, and as your soul lives, I will not leave you. So they came to Yericho.	"The sons of the prophets who were at Beit El came forth to Elisha, and said to him, ""Do you know that YHWH will take away your master from your head today?"" He said, ""Yes, I know it; hold your peace."""
2 Kings 2:5	OT	2 Kings	yes	no	yes	"The sons of the prophets who were at Yericho came near to Elisha, and said to him, ""Do you know that YHWH will take away your master from your head today?"" He answered, ""Yes, I know it. Hold your peace."""	Eliyahu said to him, Elisha, please wait here, for YHWH has sent me to Yericho. He said, As YHWH lives, and as your soul lives, I will not leave you. So they came to Yericho.
2 Kings 2:6	OT	2 Kings	yes	no	yes	"Eliyahu said to him, ""Please wait here, for YHWH has sent me to the Yarden."" He said, ""As YHWH lives, and as your soul lives, I will not leave you."" They two went on."	"The sons of the prophets who were at Yericho came near to Elisha, and said to him, ""Do you know that YHWH will take away your master from your head today?"" He answered, ""Yes, I know it. Hold your peace."""
2 Kings 2:14	OT	2 Kings	yes	no	yes	He took the mantle of Eliyahu that fell from him, and struck the waters, and said, Where is YHWH, the God of Eliyahu? and when he also had struck the waters, they were divided here and there; and Elisha went over.	He took up also the mantle of Eliyahu that fell from him, and went back, and stood by the bank of the Yarden.
2 Kings 2:16	OT	2 Kings	yes	no	yes	They said to him, See now, there are with your servants fifty strong men; let them go, we pray you, and seek your master, lest the Ruach of YHWH has taken him up, and cast him on some mountain, or into some valley. He said, You shall not send.	When the sons of the prophets who were at Yericho over against him saw him, they said, The spirit of Eliyahu does rest on Elisha. They came to meet him, and bowed themselves to the ground before him.
2 Kings 2:21	OT	2 Kings	yes	no	no	He went forth to the spring of the waters, and cast salt therein, and said, Thus says YHWH, I have healed these waters; there shall not be from there any more death or miscarrying.	He said, Bring me a new jar, and put salt therein. They brought it to him.
2 Kings 2:24	OT	2 Kings	yes	no	no	He looked behind him and saw them, and cursed them in the name of YHWH. Two female bears came out of the woods, and mauled forty-two of those youths.	He went up from there to Beit El; and as he was going up by the way, some youths came out of the city and mocked him, and said to him, Go up, you baldy; go up, you baldhead.
2 Kings 2:25	OT	2 Kings	no	yes	no	He went from there to Mount Carmel, and from there he returned to Shomron.	He looked behind him and saw them, and cursed them in the name of YHWH. Two female bears came out of the woods, and mauled forty-two of those youths.
2 Kings 3:2	OT	2 Kings	yes	no	no	He did what was broken in the sight of YHWH, but not like his father, and like his mother; for he put away the pillar of Baal that his father had made.	Now Yoram the son of Achav began to reign over Israel in Shomron in the eighteenth year of Yehoshafat king of Yehudah, and reigned twelve years.
2 Kings 3:11	OT	2 Kings	yes	no	no	But Yehoshafat said, Isn't there here a prophet of YHWH, that we may inquire of YHWH by him? One of the king of Israel's servants answered, Elisha the son of Shaphat is here, who poured water on the hands of Eliyahu.	The king of Israel said, Alas! for YHWH has called these three kings together to deliver them into the hand of Moab.
2 Kings 3:12	OT	2 Kings	yes	no	no	Yehoshafat said, The word of YHWH is with him. So the king of Israel and Yehoshafat and the king of Edom went down to him.	But Yehoshafat said, Isn't there here a prophet of YHWH, that we may inquire of YHWH by him? One of the king of Israel's servants answered, Elisha the son of Shaphat is here, who poured water on the hands of Eliyahu.
2 Kings 3:13	OT	2 Kings	yes	no	yes	Elisha said to the king of Israel, What have I to do with you? get you to the prophets of your father, and to the prophets of your mother. The king of Israel said to him, No; for YHWH has called these three kings together to deliver them into the hand of Moab.	Yehoshafat said, The word of YHWH is with him. So the king of Israel and Yehoshafat and the king of Edom went down to him.
2 Kings 3:15	OT	2 Kings	yes	no	no	But now bring me a minstrel. It happened, when the minstrel played, that the hand of YHWH came on him.	Elisha said, As YHWH of Armies lives, before whom I stand, surely, were it not that I regard the presence of Yehoshafat the king of Yehudah, I would not look toward you, nor see you.
2 Kings 3:16	OT	2 Kings	yes	yes	no	He said, Thus says YHWH, Make this valley full of trenches.	But now bring me a minstrel. It happened, when the minstrel played, that the hand of YHWH came on him.
2 Kings 3:18	OT	2 Kings	yes	no	no	This is but a light thing in the sight of YHWH: he will also deliver the Moabites into your hand.	For thus says YHWH, You shall not see wind, neither shall you see rain; yet that valley shall be filled with water, and you shall drink, both you and your livestock and your animals.
2 Kings 4:1	OT	2 Kings	yes	no	no	Now there cried a certain woman of the wives of the sons of the prophets to Elisha, saying, Your servant my husband is dead; and you know that your servant did revere YHWH: and the creditor is come to take to him my two children to be bondservants.	
2 Kings 4:7	OT	2 Kings	yes	no	yes	Then she came and told the person of Elohim. He said, Go, sell the oil, and pay your debt, and live you and your sons of the rest.	It happened, when the vessels were full, that she said to her son, Bring me yet a vessel. He said to her, There isn't another vessel. The oil stayed.
2 Kings 4:16	OT	2 Kings	yes	no	no	He said, At this season, when the time comes round, you shall embrace a son. She said, No, my lord, you man of Elohim, do not lie to your handmaid.	He said, Call her. When he had called her, she stood in the door.
2 Kings 4:21	OT	2 Kings	yes	no	yes	She went up and laid him on the bed of the person of Elohim, and shut [the door] on him, and went out.	When he had taken him, and brought him to his mother, he sat on her knees until noon, and then died.
2 Kings 4:23	OT	2 Kings	no	yes	no	He said, Why will you go to him today? it is neither new moon nor Sabbath. She said, It shall be well.	She called to her husband, and said, Please send me one of the servants, and one of the donkeys, that I may run to the person of Elohim, and come again.
2 Kings 4:30	OT	2 Kings	yes	no	yes	The mother of the child said, As YHWH lives, and as your soul lives, I will not leave you. He arose, and followed her.	Then they said to Gehazi, Gird up your waist, and take my staff in your hand, and go your way: if you meet anyone, Don't greet him; and if anyone greets you, don't answer him again: and lay my staff on the face of the child.
2 Kings 4:33	OT	2 Kings	yes	no	no	He went in therefore, and shut the door on them both, and prayed to YHWH.	When Elisha was come into the house, behold, the child was dead, and laid on his bed.
2 Kings 4:34	OT	2 Kings	no	yes	no	He went up, and lay on the child, and put his mouth on his mouth, and his eyes on his eyes, and his hands on his hands: and he stretched himself on him; and the flesh of the child grew warm.	He went in therefore, and shut the door on them both, and prayed to YHWH.
2 Kings 4:42	OT	2 Kings	yes	no	yes	There came a person from Baal Shalishah, and brought the person of Elohim bread of the first fruits, twenty loaves of barley, and fresh ears of grain in their sack. He said, Give to the people, that they may eat.	But he said, Then bring meal. He cast it into the pot; and he said, Pour out for the people, that they may eat. There was no harm in the pot.
2 Kings 4:43	OT	2 Kings	yes	yes	no	His servant said, What, should I set this before a hundred men? But he said, Give the people, that they may eat; for thus says YHWH, They shall eat, and shall leave of it.	There came a person from Baal Shalishah, and brought the person of Elohim bread of the first fruits, twenty loaves of barley, and fresh ears of grain in their sack. He said, Give to the people, that they may eat.
2 Kings 4:44	OT	2 Kings	yes	no	no	So he set it before them, and they ate, and left of it, according to the word of YHWH.	His servant said, What, should I set this before a hundred men? But he said, Give the people, that they may eat; for thus says YHWH, They shall eat, and shall leave of it.
2 Kings 5:1	OT	2 Kings	yes	no	yes	Now Naaman, captain of the army of the king of Aram, was a great man with his master, and honorable, because by him YHWH had given victory to Aram: he was also a mighty man of valor, [but he was] a leper.	
2 Kings 5:7	OT	2 Kings	yes	no	no	It happened, when the king of Israel had read the letter, that they tore their clothes, and said, Am I Elohim, to kill and to make alive, that this man does send to me to recover a person of their leprosy? but consider, I pray you, and see how he seeks a quarrel against me.	He brought the letter to the king of Israel, saying, Now when this letter is come to you, behold, I have sent Naaman my servant to you, that you may recover him of his leprosy.
2 Kings 5:8	OT	2 Kings	yes	no	no	It was so, when Elisha the person of Elohim heard that the king of Israel had torn their clothes, that they sent to the king, saying, Why have you torn your clothes? let him come now to me, and he shall know that there is a prophet in Israel.	It happened, when the king of Israel had read the letter, that they tore their clothes, and said, Am I Elohim, to kill and to make alive, that this man does send to me to recover a person of their leprosy? but consider, I pray you, and see how he seeks a quarrel against me.
2 Kings 5:11	OT	2 Kings	yes	no	yes	But Naaman was angry, and went away, and said, Behold, I thought, He will surely come out to me, and stand, and call on the name of YHWH his God, and wave his hand over the place, and recover the leper.	Elisha sent a messenger to him, saying, Go and wash in the Yarden seven times, and your flesh shall come again to you, and you shall be clean.
2 Kings 5:14	OT	2 Kings	yes	no	yes	Then went they down, and dipped [themselves] seven times in the Yarden, according to the saying of the person of Elohim; and his flesh came again like the flesh of a little child, and he was clean.	His servants came near, and spoke to him, and said, My father, if the prophet had bid you do some great thing, wouldn't you have done it? how much rather then, when he says to you, Wash, and be clean?
2 Kings 5:15	OT	2 Kings	yes	no	yes	They returned to the person of Elohim, they and all their company, and came, and stood before him; and he said, See now, I know that there is no Elohim in all the earth, but in Israel: now therefore, please take a present from your servant.	Then went they down, and dipped [themselves] seven times in the Yarden, according to the saying of the person of Elohim; and his flesh came again like the flesh of a little child, and he was clean.
2 Kings 5:16	OT	2 Kings	yes	no	yes	But he said, As YHWH lives, before whom I stand, I will receive none. He urged him to take it; but he refused.	They returned to the person of Elohim, they and all their company, and came, and stood before him; and he said, See now, I know that there is no Elohim in all the earth, but in Israel: now therefore, please take a present from your servant.
2 Kings 5:18	OT	2 Kings	yes	no	no	In this thing YHWH pardon your servant: when my master goes into the house of Rimmon to worship there, and he leans on my hand, and I bow myself in the house of Rimmon, when I bow myself in the house of Rimmon, YHWH pardon your servant in this thing.	Naaman said, If not, yet, please let there be given to your servant two mules' burden of earth; for your servant will henceforth offer neither burnt offering nor sacrifice to other gods, but to YHWH.
2 Kings 5:19	OT	2 Kings	no	yes	no	He said to him, Go in peace. So he departed from him a little way.	In this thing YHWH pardon your servant: when my master goes into the house of Rimmon to worship there, and he leans on my hand, and I bow myself in the house of Rimmon, when I bow myself in the house of Rimmon, YHWH pardon your servant in this thing.
2 Kings 5:20	OT	2 Kings	yes	no	no	But Gehazi the servant of Elisha the person of Elohim, said, Behold, my master has spared this Naaman the Syrian, in not receiving at their hands that which they brought: as YHWH lives, I will run after them, and take somewhat of him.	He said to him, Go in peace. So he departed from him a little way.
2 Kings 6:6	OT	2 Kings	yes	no	no	"The person of Elohim asked, ""Where did it fall?"" He showed him the place. He cut down a stick, threw it in there, and made the iron float."	But as one was felling a beam, the axe head fell into the water; and he cried, and said, Alas, my master! for it was borrowed.
2 Kings 6:7	OT	2 Kings	no	yes	no	"He said, ""Take it."" So he put out his hand and took it."	"The person of Elohim asked, ""Where did it fall?"" He showed him the place. He cut down a stick, threw it in there, and made the iron float."
2 Kings 6:10	OT	2 Kings	yes	no	yes	The king of Israel sent to the place which the person of Elohim told him and warned him of; and he saved himself there, not once nor twice.	The person of Elohim sent to the king of Israel, saying, Beware that you not pass such a place; for there the Syrians are coming down.
2 Kings 6:15	OT	2 Kings	yes	no	yes	When the servant of the person of Elohim was risen early, and gone forth, behold, an army with horses and chariots was round about the city. His servant said to him, Alas, my master! how shall we do?	Therefore sent he there horses, and chariots, and a great army: and they came by night, and surrounded the city.
2 Kings 6:16	OT	2 Kings	no	yes	no	He answered, Don't be afraid; for those who are with us are more than those who are with them.	When the servant of the person of Elohim was risen early, and gone forth, behold, an army with horses and chariots was round about the city. His servant said to him, Alas, my master! how shall we do?
2 Kings 6:17	OT	2 Kings	yes	no	yes	Elisha prayed, and said, YHWH, Please open his eyes, that he may see. YHWH opened the eyes of the young person; and he saw: and behold, the mountain was full of horses and chariots of fire round about Elisha.	He answered, Don't be afraid; for those who are with us are more than those who are with them.
2 Kings 6:18	OT	2 Kings	yes	no	yes	When they came down to him, Elisha prayed to YHWH, and said, Please smite this people with blindness. He struck them with blindness according to the word of Elisha.	Elisha prayed, and said, YHWH, Please open his eyes, that he may see. YHWH opened the eyes of the young person; and he saw: and behold, the mountain was full of horses and chariots of fire round about Elisha.
2 Kings 6:27	OT	2 Kings	yes	no	no	He said, If YHWH doesn't help you, whence shall I help you? out of the threshing floor, or out of the winepress?	As the king of Israel was passing by on the wall, there cried a woman to him, saying, Help, my lord, O king.
2 Kings 6:31	OT	2 Kings	yes	no	no	Then he said, Elohim do so to me, and more also, if the head of Elisha the son of Shaphat shall stand on him this day.	It happened, when the king heard the words of the woman, that he tore his clothes (now he was passing by on the wall); and the people looked, and behold, he had sackcloth within on his flesh.
2 Kings 6:33	OT	2 Kings	yes	no	yes	While he was yet talking with them, behold, the messenger came down to him: and he said, Behold, this trouble is of YHWH; why should I wait for YHWH any longer?	But Elisha was sitting in his house, and the elders were sitting with him; and [the king] sent a person from before him: but before the messenger came to him, they said to the elders, See you how this son of a murderer has sent to take away my head? behold, when the messenger comes, shut the door, and hold the door fast against him: isn't the sound of his master's feet behind him?
2 Kings 7:2	OT	2 Kings	yes	no	yes	Then the captain on whose hand the king leaned answered the person of Elohim, and said, Behold, if YHWH should make windows in heavens, might this thing be? He said, Behold, you shall see it with your eyes, but shall not eat of it.	Elisha said, Hear you the word of YHWH: thus says YHWH, Tomorrow about this time shall a measure of fine flour be [sold] for a shekel, and two measures of barley for a shekel, in the gate of Shomron.
2 Kings 7:17	OT	2 Kings	yes	no	yes	The king appointed the captain on whose hand they leaned to have the charge of the gate: and the people trod on him in the gate, and they died as the person of Elohim had said, who spoke when the king came down to him.	The people went out, and plundered the camp of the Syrians. So a measure of fine flour was [sold] for a shekel, and two measures of barley for a shekel, according to the word of YHWH.
2 Kings 7:19	OT	2 Kings	yes	no	no	and that captain answered the person of Elohim, and said, Now, behold, if YHWH should make windows in heavens, might such a thing be? and he said, Behold, you shall see it with your eyes, but shall not eat of it:	It happened, as the person of Elohim had spoken to the king, saying, Two measures of barley for a shekel, and a measure of fine flour for a shekel, shall be tomorrow about this time in the gate of Shomron;
2 Kings 8:1	OT	2 Kings	yes	no	no	Now Elisha had spoken to the woman, whose son he had restored to life, saying, Arise, and go you and your household, and sojourn wherever you can sojourn: for YHWH has called for a famine; and it shall also come on the land seven years.	
2 Kings 8:7	OT	2 Kings	yes	no	yes	Elisha came to Dammeseq; and Benhadad the king of Aram was sick; and it was told him, saying, The person of Elohim is come here.	When the king asked the woman, she told him. So the king appointed to her a certain officer, saying, Restore all that was hers, and all the fruits of the field since the day that she left the land, even until now.
2 Kings 8:8	OT	2 Kings	yes	no	no	The king said to Hazael, Take a present in your hand, and go, meet the person of Elohim, and inquire of YHWH by him, saying, Shall I recover of this sickness?	Elisha came to Dammeseq; and Benhadad the king of Aram was sick; and it was told him, saying, The person of Elohim is come here.
2 Kings 8:10	OT	2 Kings	yes	no	yes	Elisha said to him, Go, tell him, You shall surely recover; however YHWH has shown me that he shall surely die.	So Hazael went to meet him, and took a present with him, even of every good thing of Dammeseq, forty camels' burden, and came and stood before him, and said, Your son Benhadad king of Aram has sent me to you, saying, Shall I recover of this sickness?
2 Kings 8:11	OT	2 Kings	yes	no	no	They settled their gaze steadfastly [on him], until they were ashamed: and the person of Elohim wept.	Elisha said to him, Go, tell him, You shall surely recover; however YHWH has shown me that he shall surely die.
2 Kings 8:13	OT	2 Kings	yes	no	no	Hazael said, But what is your servant, who is but a dog, that he should do this great thing? Elisha answered, YHWH has shown me that you shall be king over Aram.	Hazael said, Why weeps my lord? He answered, Because I know the brokenness that you will do to the children of Israel: their strongholds will you set on fire, and their young people will you kill with the sword, and will dash in pieces their little ones, and rip up their women with child.
2 Kings 8:18	OT	2 Kings	yes	no	no	He walked in the way of the kings of Israel, as did the house of Achav: for he had the daughter of Achav as wife; and he did what was broken in the sight of YHWH.	Thirty-two years old was he when he began to reign; and he reigned eight years in Yerushalayim.
2 Kings 8:19	OT	2 Kings	yes	no	no	However YHWH would not destroy Yehudah, for Dawid his servant's sake, as he promised him to give to him a lamp for his children always.	He walked in the way of the kings of Israel, as did the house of Achav: for he had the daughter of Achav as wife; and he did what was broken in the sight of YHWH.
2 Kings 8:27	OT	2 Kings	yes	no	yes	He walked in the way of the house of Achav, and did what was broken in the sight of YHWH, as did the house of Achav; for he was the son-in-law of the house of Achav.	Twenty-two years old was Ahaziah when he began to reign; and he reigned one year in Yerushalayim. His mother's name was Athaliah the daughter of Omri king of Israel.
2 Kings 8:28	OT	2 Kings	no	yes	no	He went with Yoram the son of Achav to war against Hazael king of Aram at Ramoth Gilead: and the Syrians wounded Yoram.	He walked in the way of the house of Achav, and did what was broken in the sight of YHWH, as did the house of Achav; for he was the son-in-law of the house of Achav.
2 Kings 9:3	OT	2 Kings	yes	no	no	Then take the vial of oil, and pour it on his head, and say, Thus says YHWH, I have anointed you king over Israel. Then open the door, and flee, and don't wait.	When you come there, look out there Yehu the son of Yehoshafat the son of Nimshi, and go in, and make him arise up from among his brothers, and carry him to an inner chamber.
2 Kings 9:6	OT	2 Kings	yes	no	yes	He arose, and went into the house; and he poured the oil on his head, and said to him, Thus says YHWH, the God of Israel, I have anointed you king over the people of YHWH, even over Israel.	When he came, behold, the captains of the army were sitting; and he said, I have an errand to you, captain. Yehu said, To which of us all? He said, To you, O captain.
2 Kings 9:12	OT	2 Kings	yes	no	no	They said, It is false; tell us now. He said, Thus and thus spoke he to me, saying, Thus says YHWH, I have anointed you king over Israel.	Then Yehu came forth to the servants of his lord: and one said to him, Is all well? why came this mad fellow to you? They said to them, You know the person and what their talk was.
2 Kings 9:25	OT	2 Kings	yes	no	no	Then said [Yehu] to Bidkar his captain, Take up, and cast him in the portion of the field of Naboth the Jezreelite; for remember how that, when I and you rode together after Achav his father, YHWH laid this burden on him:	Yehu drew his bow with his full strength, and struck Yoram between his arms; and the arrow went out at his heart, and he sunk down in his chariot.
2 Kings 9:26	OT	2 Kings	yes	no	no	Surely I have seen yesterday the blood of Naboth, and the blood of his sons, says YHWH; and I will requite you in this plat, says YHWH. Now therefore take and cast him into the plat [of ground], according to the word of YHWH.	Then said [Yehu] to Bidkar his captain, Take up, and cast him in the portion of the field of Naboth the Jezreelite; for remember how that, when I and you rode together after Achav his father, YHWH laid this burden on him:
2 Kings 9:36	OT	2 Kings	yes	no	no	Therefore they came back, and told him. He said, This is the word of YHWH, which YHWH spoke by YHWH’s servant Eliyahu the Tishbite, saying, In the portion of Jezreel shall the dogs eat the flesh of Jezebel;	They went to bury her; but they found no more of her than the skull, and the feet, and the palms of her hands.
2 Kings 10:10	OT	2 Kings	yes	no	no	Know now that there shall fall to the earth nothing of the word of YHWH, which YHWH spoke concerning the house of Achav: for YHWH has done that which he spoke by his servant Eliyahu.	It happened in the morning, that he went out, and stood, and said to all the people, You are righteous: behold, I conspired against my master, and killed him; but who struck all these?
2 Kings 10:16	OT	2 Kings	yes	no	no	He said, Come with me, and see my zeal for YHWH. So they made him ride in his chariot.	When he was departed there, he lighted on Jehonadab the son of Rechab coming to meet him; and he greeted him, and said to him, Is your heart right, as my heart is with your heart? Jehonadab answered, It is. If it be, give me your hand. He gave him his hand; and he took him up to him into the chariot.
2 Kings 10:17	OT	2 Kings	yes	no	yes	When he came to Shomron, he struck all who remained to Achav in Shomron, until he had destroyed him, according to the word of YHWH, which YHWH spoke to Eliyahu.	He said, Come with me, and see my zeal for YHWH. So they made him ride in his chariot.
2 Kings 10:23	OT	2 Kings	yes	no	no	Yehu went, and Jehonadab the son of Rechab, into the house of Baal; and he said to the worshippers of Baal, Search, and look that there be here with you none of the servants of YHWH, but the worshippers of Baal only.	They said to the one who was over the vestry, Bring forth vestments for all the worshippers of Baal. He brought them forth vestments.
2 Kings 10:31	OT	2 Kings	yes	no	no	But Yehu took no heed to walk in the law of YHWH, the God of Israel, with all his heart: he didn't depart from the sins of Yerovam, with which he made Israel to sin.	YHWH said to Yehu, Because you have done well in executing that which is right in my eyes, [and] have done to the house of Achav according to all that was in my heart, your sons of the fourth generation shall sit on the throne of Israel.
2 Kings 11:3	OT	2 Kings	yes	no	no	He was with her hid in the house of YHWH six years. Athaliah reigned over the land.	But Jehosheba, the daughter of king Yoram, sister of Ahaziah, took Yoash the son of Ahaziah, and stole him away from among the king's sons who were slain, even him and his nurse, [and put them] in the bedchamber; and they hid him from Athaliah, so that he was not slain;
2 Kings 11:4	OT	2 Kings	yes	no	yes	In the seventh year Yehoyada sent and fetched the captains over hundreds of the Carites and of the guard, and brought them to him into the house of YHWH; and he made a covenant with them, and took an oath of them in the house of YHWH, and shown them the king's son.	He was with her hid in the house of YHWH six years. Athaliah reigned over the land.
2 Kings 11:5	OT	2 Kings	no	yes	no	He commanded them, saying, This is the thing that you shall do: a third part of you, who come in on the Sabbath, shall be keepers of the watch of the king's house;	In the seventh year Yehoyada sent and fetched the captains over hundreds of the Carites and of the guard, and brought them to him into the house of YHWH; and he made a covenant with them, and took an oath of them in the house of YHWH, and shown them the king's son.
2 Kings 11:18	OT	2 Kings	yes	no	no	All the people of the land went to the house of Baal, and broke it down; his altars and his images broke they in pieces thoroughly, and killed Mattan the priest of Baal before the altars. The priest appointed officers over the house of YHWH.	Yehoyada made a covenant between YHWH and the king and the people, that they should be YHWH's people; between the king also and the people.
2 Kings 11:19	OT	2 Kings	yes	yes	no	He took the captains over hundreds, and the Carites, and the guard, and all the people of the land; and they brought down the king from the house of YHWH, and came by the way of the gate of the guard to the king's house. He sat on the throne of the kings.	All the people of the land went to the house of Baal, and broke it down; his altars and his images broke they in pieces thoroughly, and killed Mattan the priest of Baal before the altars. The priest appointed officers over the house of YHWH.
2 Kings 12:2	OT	2 Kings	yes	no	no	Yoash did that which was right in the eyes of YHWH all his days in which Yehoyada the priest instructed him.	In the seventh year of Yehu began Yoash to reign; and he reigned forty years in Yerushalayim: and his mother's name was Zibiah of Be'er Sheva.
2 Kings 12:18	OT	2 Kings	yes	no	no	Yoash king of Yehudah took all the holy things that Yehoshafat and Yoram and Ahaziah, his fathers, kings of Yehudah, had dedicated, and his own holy things, and all the gold that was found in the treasures of the house of YHWH, and of the king's house, and sent it to Hazael king of Aram: and he went away from Yerushalayim.	Then Hazael king of Aram went up, and fought against Gath, and took it; and Hazael set his face to go up to Yerushalayim.
2 Kings 13:2	OT	2 Kings	yes	no	no	He did what was broken in the sight of YHWH, and followed the sins of Yerovam the son of Nebat, with which he made Israel to sin; he didn't depart from it.	In the three and twentieth year of Yoash the son of Ahaziah, king of Yehudah, Jehoahaz the son of Yehu began to reign over Israel in Shomron, [and reigned] seventeen years.
2 Kings 13:3	OT	2 Kings	yes	no	yes	The anger of YHWH was kindled against Israel, and he delivered them into the hand of Hazael king of Aram, and into the hand of Benhadad the son of Hazael, continually.	He did what was broken in the sight of YHWH, and followed the sins of Yerovam the son of Nebat, with which he made Israel to sin; he didn't depart from it.
2 Kings 13:4	OT	2 Kings	yes	no	yes	Jehoahaz begged YHWH, and YHWH listened to him; for he saw the oppression of Israel, how that the king of Aram oppressed them.	The anger of YHWH was kindled against Israel, and he delivered them into the hand of Hazael king of Aram, and into the hand of Benhadad the son of Hazael, continually.
2 Kings 13:11	OT	2 Kings	yes	no	yes	He did what was broken in the sight of YHWH; he didn't depart from all the sins of Yerovam the son of Nebat, with which he made Israel to sin; but he walked therein.	In the thirty-seventh year of Yoash king of Yehudah began Yoash the son of Jehoahaz to reign over Israel in Shomron, [and reigned] sixteen years.
2 Kings 13:17	OT	2 Kings	yes	no	no	He said, Open the window eastward; and he opened it. Then Elisha said, Shoot; and he shot. He said, YHWH's arrow of victory, even the arrow of victory over Aram; for you shall strike the Syrians in Aphek, until you have consumed them.	He said to the king of Israel, Put your hand on the bow; and he put his hand [on it]. Elisha laid his hands on the king's hands.
2 Kings 13:18	OT	2 Kings	no	yes	no	He said, Take the arrows; and he took them. He said to the king of Israel, Smite on the ground; and he struck thrice, and stayed.	He said, Open the window eastward; and he opened it. Then Elisha said, Shoot; and he shot. He said, YHWH's arrow of victory, even the arrow of victory over Aram; for you shall strike the Syrians in Aphek, until you have consumed them.
2 Kings 13:19	OT	2 Kings	yes	no	no	The person of Elohim was angry with him, and said, You should have struck five or six times: then had you struck Aram until you had consumed it, whereas now you shall strike Aram but thrice.	He said, Take the arrows; and he took them. He said to the king of Israel, Smite on the ground; and he struck thrice, and stayed.
2 Kings 14:3	OT	2 Kings	yes	no	no	He did that which was right in the eyes of YHWH, yet not like Dawid his father: he did according to all that Yoash his father had done.	He was twenty-five years old when he began to reign; and he reigned twenty-nine years in Yerushalayim: and his mother's name was Jehoaddin of Yerushalayim.
2 Kings 14:6	OT	2 Kings	yes	no	no	but the children of the murderers he didn't put to death; according to that which is written in the book of the law of Moshe, as YHWH commanded, saying, The fathers shall not be put to death for the children, nor the children be put to death for the fathers; but everyone shall die for their own sin.	It happened, as soon as the kingdom was established in his hand, that he killed his servants who had slain the king his father:
2 Kings 14:7	OT	2 Kings	no	yes	no	He killed of Edom in the Valley of Salt ten thousand, and took Sela by war, and called the name of it Joktheel, to this day.	but the children of the murderers he didn't put to death; according to that which is written in the book of the law of Moshe, as YHWH commanded, saying, The fathers shall not be put to death for the children, nor the children be put to death for the fathers; but everyone shall die for their own sin.
2 Kings 14:14	OT	2 Kings	yes	no	no	He took all the gold and silver, and all the vessels that were found in the house of YHWH, and in the treasures of the king's house, the hostages also, and returned to Shomron.	Yoash king of Israel took Amaziah king of Yehudah, the son of Yoash the son of Ahaziah, at Beit Shemesh, and came to Yerushalayim, and broke down the wall of Yerushalayim from the gate of Efrayim to the corner gate, four hundred cubits.
2 Kings 14:24	OT	2 Kings	yes	no	no	He did what was broken in the sight of YHWH: he didn't depart from all the sins of Yerovam the son of Nebat, with which he made Israel to sin.	In the fifteenth year of Amaziah the son of Yoash king of Yehudah Yerovam the son of Yoash king of Israel began to reign in Shomron, [and reigned] forty-one years.
2 Kings 14:25	OT	2 Kings	yes	yes	no	He restored the border of Israel from the entrance of Hamath to the sea of the Arabah, according to the word of YHWH, the God of Israel, which he spoke by his servant Yonah the son of Amittai, the prophet, who was of Gath Hepher.	He did what was broken in the sight of YHWH: he didn't depart from all the sins of Yerovam the son of Nebat, with which he made Israel to sin.
2 Kings 15:3	OT	2 Kings	yes	no	yes	He did that which was right in the eyes of YHWH, according to all that his father Amaziah had done.	Sixteen years old was he when he began to reign; and he reigned fifty-two years in Yerushalayim: and his mother's name was Jecoliah of Yerushalayim.
2 Kings 15:5	OT	2 Kings	yes	no	no	YHWH struck the king, so that he was a leper to the day of his death, and lived in a separate house. Yotam the king's son was over the household, judging the people of the land.	However the high places were not taken away: the people still sacrificed and burnt incense in the high places.
2 Kings 15:9	OT	2 Kings	yes	no	no	He did what was broken in the sight of YHWH, as his fathers had done: he didn't depart from the sins of Yerovam the son of Nebat, with which he made Israel to sin.	In the thirty-eighth year of Azaryah king of Yehudah did Zekharyah the son of Yerovam reign over Israel in Shomron six months.
2 Kings 15:18	OT	2 Kings	yes	no	no	He did what was broken in the sight of YHWH: he didn't depart all his days from the sins of Yerovam the son of Nebat, with which he made Israel to sin.	In the nine and thirtieth year of Azaryah king of Yehudah began Menahem the son of Gadi to reign over Israel, [and reigned] ten years in Shomron.
2 Kings 15:24	OT	2 Kings	yes	no	no	He did what was broken in the sight of YHWH: he didn't depart from the sins of Yerovam the son of Nebat, with which he made Israel to sin.	In the fiftieth year of Azaryah king of Yehudah Pekahiah the son of Menahem began to reign over Israel in Shomron, [and reigned] two years.
2 Kings 15:28	OT	2 Kings	yes	no	no	He did what was broken in the sight of YHWH: he didn't depart from the sins of Yerovam the son of Nebat, with which he made Israel to sin.	In the two and fiftieth year of Azaryah king of Yehudah Pekah the son of Remaliah began to reign over Israel in Shomron, [and reigned] twenty years.
2 Kings 15:34	OT	2 Kings	yes	no	yes	He did that which was right in the eyes of YHWH; he did according to all that his father Uzziyah had done.	He was twenty-five years old when he began to reign; and he reigned sixteen years in Yerushalayim: and his mother's name was Jerusha the daughter of Tzadok.
2 Kings 15:35	OT	2 Kings	yes	no	no	However the high places were not taken away: the people still sacrificed and burned incense in the high places. He built the upper gate of the house of YHWH.	He did that which was right in the eyes of YHWH; he did according to all that his father Uzziyah had done.
2 Kings 16:2	OT	2 Kings	yes	no	no	Twenty years old was Achaz when he began to reign; and he reigned sixteen years in Yerushalayim: and he didn't do that which was right in the eyes of YHWH his God, like Dawid his father.	In the seventeenth year of Pekah the son of Remaliah Achaz the son of Yotam king of Yehudah began to reign.
2 Kings 16:3	OT	2 Kings	yes	no	no	But he walked in the way of the kings of Israel, yes, and made his son to pass through the fire, according to the abominations of the nations, whom YHWH cast out from before the children of Israel.	Twenty years old was Achaz when he began to reign; and he reigned sixteen years in Yerushalayim: and he didn't do that which was right in the eyes of YHWH his God, like Dawid his father.
2 Kings 16:4	OT	2 Kings	no	yes	no	He sacrificed and burnt incense in the high places, and on the hills, and under every green tree.	But he walked in the way of the kings of Israel, yes, and made his son to pass through the fire, according to the abominations of the nations, whom YHWH cast out from before the children of Israel.
2 Kings 16:14	OT	2 Kings	yes	no	yes	The bronze altar, which was before YHWH, he brought from the forefront of the house, from between his altar and the house of YHWH, and put it on the north side of his altar.	He burnt his burnt offering and his meal offering, and poured his drink offering, and sprinkled the blood of his peace offerings, on the altar.
2 Kings 16:18	OT	2 Kings	yes	no	no	The covered way for the Sabbath that they had built in the house, and the king's entry outside, turned he to the house of YHWH, because of the king of Ashur.	King Achaz cut off the panels of the bases, and removed the basin from off them, and took down the sea from off the bronze oxen that were under it, and put it on a pavement of stone.
2 Kings 17:2	OT	2 Kings	yes	no	no	He did what was broken in the sight of YHWH, yet not as the kings of Israel who were before him.	In the twelfth year of Achaz king of Yehudah began Hoshea the son of Elah to reign in Shomron over Israel, [and reigned] nine years.
2 Kings 17:17	OT	2 Kings	yes	no	yes	They caused their sons and their daughters to pass through the fire, and used divination and enchantments, and sold themselves to do what was broken in the sight of YHWH, to provoke him to anger.	They forsook all the commandments of YHWH their God, and made them molten images, even two calves, and made an Asherah, and worshiped all the army of the heavens, and served Baal.
2 Kings 17:18	OT	2 Kings	yes	no	no	Therefore YHWH was very angry with Israel, and removed them out of his sight: there was none left but the tribe of Yehudah only.	They caused their sons and their daughters to pass through the fire, and used divination and enchantments, and sold themselves to do what was broken in the sight of YHWH, to provoke him to anger.
2 Kings 17:20	OT	2 Kings	yes	no	no	YHWH rejected all the seed of Israel, and afflicted them, and delivered them into the hand of spoilers, until he had cast them out of his sight.	Also Yehudah didn't keep the commandments of YHWH their God, but walked in the statutes of Israel which they made.
2 Kings 17:21	OT	2 Kings	yes	no	no	For he tore Israel from the house of Dawid; and they made Yerovam the son of Nebat king: and Yerovam drove Israel from following YHWH, and made them sin a great sin.	YHWH rejected all the seed of Israel, and afflicted them, and delivered them into the hand of spoilers, until he had cast them out of his sight.
2 Kings 17:23	OT	2 Kings	yes	no	yes	until YHWH removed Israel out of his sight, as he spoke by all his servants the prophets. So Israel was carried away out of their own land to Ashur to this day.	The children of Israel walked in all the sins of Yerovam which he did; they didn't depart from them;
2 Kings 17:34	OT	2 Kings	yes	no	no	To this day they do after the former manner: they don't revere YHWH, neither do they after their statutes, or after their ordinances, or after the law or after the commandment which YHWH commanded the children of Ya'akov, whom he named Israel;	They revered YHWH, and served their own gods, after the manner of the nations from among whom they had been carried away.
2 Kings 17:36	OT	2 Kings	yes	no	no	but YHWH, who brought you up out of the land of Mitzrayim with great power and with an outstretched arm, him shall you fear, and to him shall you bow yourselves, and to him shall you sacrifice:	with whom YHWH had made a covenant, and charged them, saying, You shall not revere other gods, nor bow yourselves to them, nor serve them, nor sacrifice to them:
2 Kings 18:3	OT	2 Kings	yes	no	no	He did that which was right in the eyes of YHWH, according to all that Dawid his father had done.	He was twenty-five years old when he began to reign; and he reigned twenty-nine years in Yerushalayim: and his mother's name was Abi the daughter of Zekharyah.
2 Kings 18:4	OT	2 Kings	no	yes	no	He removed the high places, and broke the pillars, and cut down the Asherah: and he broke in pieces the bronze serpent that Moshe had made; for to those days the children of Israel did burn incense to it; and he called it Nehushtan.	He did that which was right in the eyes of YHWH, according to all that Dawid his father had done.
2 Kings 18:5	OT	2 Kings	yes	no	no	He trusted in YHWH, the God of Israel; so that after him was none like him among all the kings of Yehudah, nor [among them] that were before him.	He removed the high places, and broke the pillars, and cut down the Asherah: and he broke in pieces the bronze serpent that Moshe had made; for to those days the children of Israel did burn incense to it; and he called it Nehushtan.
2 Kings 18:6	OT	2 Kings	yes	no	yes	For he joined with YHWH; he didn't depart from following YHWH, but kept YHWH’s commandments, which YHWH commanded Moshe.	He trusted in YHWH, the God of Israel; so that after him was none like him among all the kings of Yehudah, nor [among them] that were before him.
2 Kings 18:7	OT	2 Kings	yes	no	yes	YHWH was with him; wherever he went forth he prospered: and he rebelled against the king of Ashur, and didn't serve him.	For he joined with YHWH; he didn't depart from following YHWH, but kept YHWH’s commandments, which YHWH commanded Moshe.
2 Kings 18:8	OT	2 Kings	no	yes	no	He struck the Philistines to Azzah and the borders of it, from the tower of the watchmen to the fortified city.	YHWH was with him; wherever he went forth he prospered: and he rebelled against the king of Ashur, and didn't serve him.
2 Kings 18:15	OT	2 Kings	yes	no	no	Chizkiyahu gave [him] all the silver that was found in the house of YHWH, and in the treasures of the king's house.	Chizkiyahu king of Yehudah sent to the king of Ashur to Lachish, saying, I have offended; return from me: that which you put on me will I bear. The king of Ashur appointed to Chizkiyahu king of Yehudah three hundred talents of silver and thirty talents of gold.
2 Kings 18:32	OT	2 Kings	yes	no	no	Until I come and take you away to a land like your own land, a land of grain and new wine, a land of bread and vineyards, a land of olive trees and of honey, that you may live, and not die: and don't listen to Chizkiyahu, when he persuades you, saying, YHWH will deliver us.	Don't listen to Chizkiyahu: for thus says the king of Ashur, Make your peace with me, and come out to me; and eat you everyone of their vine, and everyone of their fig tree, and everyone drink the waters of their own cistern;
2 Kings 19:1	OT	2 Kings	yes	no	no	It happened, when king Chizkiyahu heard it, that he tore his clothes, and covered himself with sackcloth, and went into the house of YHWH.	
2 Kings 19:2	OT	2 Kings	no	yes	no	He sent Eliakim, who was over the household, and Shebna the scribe, and the elders of the priests, covered with sackcloth, to Yeshayahu the prophet the son of Amoz.	It happened, when king Chizkiyahu heard it, that he tore his clothes, and covered himself with sackcloth, and went into the house of YHWH.
2 Kings 19:4	OT	2 Kings	yes	no	no	It may be YHWH your God will hear all the words of Rabshakeh, whom the king of Ashur his master has sent to defy the living Elohim, and will rebuke the words which YHWH your God has heard. Therefore lift up your prayer for the remnant that is left.	They said to him, Thus says Chizkiyahu, This day is a day of trouble, and of rebuke, and of rejection; for the children are come to the birth, and there is not strength to bring forth.
2 Kings 19:16	OT	2 Kings	yes	no	yes	Incline your ear, YHWH, and hear; open your eyes, YHWH, and see; and hear the words of Sennacherib, with which he has sent him to defy the living Elohim.	Chizkiyahu prayed before YHWH, and said, YHWH, the God of Israel, who sit [above] the cherubim, you are the Elohim, even you alone, of all the kingdoms of the earth; you have made heavens and earth.
2 Kings 19:19	OT	2 Kings	yes	no	yes	Now therefore, YHWH our God, save you us, I beg you, out of his hand, that all the kingdoms of the earth may know that you YHWH are Elohim alone.	and have cast their gods into the fire; for they were no gods, but the work of people's hands, wood and stone; therefore they have destroyed them.
2 Kings 19:21	OT	2 Kings	yes	no	no	This is the word that YHWH has spoken concerning him: The virgin daughter of Tzion has despised you and ridiculed you; the daughter of Yerushalayim has shaken her head at you.	Then Yeshayahu the son of Amoz sent to Chizkiyahu, saying, Thus says YHWH, the God of Israel, Whereas you have prayed to me against Sennacherib king of Ashur, I have heard [you].
2 Kings 19:23	OT	2 Kings	yes	no	no	By your messengers you have defied YHWH, and have said, With the multitude of my chariots am I come up to the height of the mountains, to the innermost parts of Levanon; and I will cut down the tall cedars of it, and the choice fir trees of it; and I will enter into his farthest lodging place, the forest of his fruitful field.	Whom have you defied and blasphemed? and against whom have you exalted your voice and lifted up your eyes on high? [even] against the Holy One of Israel.
2 Kings 19:32	OT	2 Kings	yes	no	no	Therefore thus says YHWH concerning the king of Ashur, He shall not come to this city, nor shoot an arrow there, neither shall he come before it with shield, nor cast up a mound against it.	For out of Yerushalayim shall go forth a remnant, and out of Har Tzion those who shall escape: the zeal of YHWH shall perform this.
2 Kings 19:33	OT	2 Kings	yes	no	no	By the way that he came, by the same shall he return, and he shall not come to this city, says YHWH.	Therefore thus says YHWH concerning the king of Ashur, He shall not come to this city, nor shoot an arrow there, neither shall he come before it with shield, nor cast up a mound against it.
2 Kings 20:1	OT	2 Kings	yes	no	yes	In those days was Chizkiyahu sick to death. Yeshayahu the prophet the son of Amoz came to him, and said to him, Thus says YHWH, Set your house in order: for you shall die, and not live.	
2 Kings 20:2	OT	2 Kings	yes	no	no	Then he turned his face to the wall, and prayed to YHWH, saying,	In those days was Chizkiyahu sick to death. Yeshayahu the prophet the son of Amoz came to him, and said to him, Thus says YHWH, Set your house in order: for you shall die, and not live.
2 Kings 20:4	OT	2 Kings	yes	no	no	It happened, before Yeshayahu was gone out into the middle part of the city, that the word of YHWH came to him, saying,	Remember now, YHWH, I beg you, how I have walked before you in truth and with a perfect heart, and have done that which is good in your sight. Chizkiyahu wept sore.
2 Kings 20:11	OT	2 Kings	yes	no	yes	Yeshayahu the prophet cried to YHWH; and he brought the shadow ten steps backward, by which it had gone down on the dial of Achaz.	Chizkiyahu answered, It is a light thing for the shadow to decline ten steps: nay, but let the shadow return backward ten steps.
2 Kings 20:19	OT	2 Kings	yes	no	yes	Then said Chizkiyahu to Yeshayahu, Good is the word of YHWH which you have spoken. He said moreover, Isn't it so, if peace and truth shall be in my days?	Of your sons who shall issue from you, whom you shall father, shall they take away; and they shall be eunuchs in the palace of the king of Bavel.
2 Kings 21:2	OT	2 Kings	yes	no	no	He did what was broken in the sight of YHWH, after the abominations of the nations whom YHWH cast out before the children of Israel.	Menashe was twelve years old when he began to reign; and he reigned fifty-five years in Yerushalayim: and his mother's name was Hephzibah.
2 Kings 21:4	OT	2 Kings	yes	no	no	He built altars in the house of YHWH, of which YHWH said, In Yerushalayim will I put my name.	For he built again the high places which Chizkiyahu his father had destroyed; and he reared up altars for Baal, and made an Asherah, as did Achav king of Israel, and worshiped all the army of the heavens, and served them.
2 Kings 21:5	OT	2 Kings	yes	yes	no	He built altars for all the army of the heavens in the two courts of the house of YHWH.	He built altars in the house of YHWH, of which YHWH said, In Yerushalayim will I put my name.
2 Kings 21:6	OT	2 Kings	yes	yes	yes	He made his son to pass through the fire, and practiced sorcery, and used enchantments, and dealt with those who had familiar spirits, and with wizards: he did much wrong in the sight of YHWH, to provoke him to anger.	He built altars for all the army of the heavens in the two courts of the house of YHWH.
2 Kings 21:7	OT	2 Kings	yes	yes	no	He set the engraved image of Asherah, that he had made, in the house of which YHWH said to Dawid and to Shlomo his son, In this house, and in Yerushalayim, which I have chosen out of all the tribes of Israel, will I put my name forever;	He made his son to pass through the fire, and practiced sorcery, and used enchantments, and dealt with those who had familiar spirits, and with wizards: he did much wrong in the sight of YHWH, to provoke him to anger.
2 Kings 21:16	OT	2 Kings	yes	no	no	Moreover Menashe shed innocent blood very much, until he had filled Yerushalayim from one end to another; besides his sin with which he made Yehudah to sin, in doing what was broken in the sight of YHWH.	because they have done what is wrong in my sight, and have provoked me to anger, since the day their fathers came forth out of Mitzrayim, even to this day.
2 Kings 21:20	OT	2 Kings	yes	no	no	He did what was broken in the sight of YHWH, as did Menashe his father.	Amon was twenty-two years old when he began to reign; and he reigned two years in Yerushalayim: and his mother's name was Meshullemeth the daughter of Haruz of Jotbah.
2 Kings 21:21	OT	2 Kings	no	yes	no	He walked in all the way that his father walked in, and served the idols that his father served, and worshiped them:	He did what was broken in the sight of YHWH, as did Menashe his father.
2 Kings 21:22	OT	2 Kings	yes	no	no	and he forsook YHWH, the God of his fathers, and didn't walk in the way of YHWH.	He walked in all the way that his father walked in, and served the idols that his father served, and worshiped them:
2 Kings 22:2	OT	2 Kings	yes	no	no	He did that which was right in the eyes of YHWH, and walked in all the way of Dawid his father, and didn't turn aside to the right hand or to the left.	Yoshiyahu was eight years old when he began to reign; and he reigned thirty-one years in Yerushalayim: and his mother's name was Jedidah the daughter of Adaiah of Bozkath.
2 Kings 22:4	OT	2 Kings	yes	no	no	Go up to Hilkiah the high priest, that he may sum the money which is brought into the house of YHWH, which the keepers of the threshold have gathered of the people:	It happened in the eighteenth year of king Yoshiyahu, that the king sent Shaphan, the son of Azaliah the son of Meshullam, the scribe, to the house of YHWH, saying,
2 Kings 22:8	OT	2 Kings	yes	no	no	Hilkiah the high priest said to Shaphan the scribe, I have found the book of the law in the house of YHWH. Hilkiah delivered the book to Shaphan, and he read it.	However there was no reckoning made with them of the money that was delivered into their hand; for they dealt faithfully.
2 Kings 22:18	OT	2 Kings	yes	no	yes	But to the king of Yehudah, who sent you to inquire of YHWH, thus shall you tell him, Thus says YHWH, the God of Israel: As touching the words which you have heard,	Because they have forsaken me, and have burned incense to other gods, that they might provoke me to anger with all the work of their hands, therefore my wrath shall be kindled against this place, and it shall not be quenched.
2 Kings 23:2	OT	2 Kings	yes	no	no	The king went up to the house of YHWH, and all the people of Yehudah and all the inhabitants of Yerushalayim with him, and the priests, and the prophets, and all the people, both small and great: and he read in their ears all the words of the book of the covenant which was found in the house of YHWH.	The king sent, and they gathered to him all the elders of Yehudah and of Yerushalayim.
2 Kings 23:3	OT	2 Kings	yes	no	no	The king stood by the pillar, and made a covenant before YHWH, to walk after YHWH, and to keep YHWH’s commandments, and YHWH’s testimonies, and YHWH’s statutes, with all [his] heart, and all [his] soul, to confirm the words of this covenant that were written in this book: and all the people stood to the covenant.	The king went up to the house of YHWH, and all the people of Yehudah and all the inhabitants of Yerushalayim with him, and the priests, and the prophets, and all the people, both small and great: and he read in their ears all the words of the book of the covenant which was found in the house of YHWH.
2 Kings 23:4	OT	2 Kings	yes	no	yes	The king commanded Hilkiah the high priest, and the priests of the second order, and the keepers of the threshold, to bring forth out of the temple of YHWH all the vessels that were made for Baal, and for the Asherah, and for all the army of the heavens, and he burned them outside of Yerushalayim in the fields of the Kidron, and carried the ashes of them to Beit El.	The king stood by the pillar, and made a covenant before YHWH, to walk after YHWH, and to keep YHWH’s commandments, and YHWH’s testimonies, and YHWH’s statutes, with all [his] heart, and all [his] soul, to confirm the words of this covenant that were written in this book: and all the people stood to the covenant.
2 Kings 23:5	OT	2 Kings	no	yes	no	He put down the idolatrous priests, whom the kings of Yehudah had ordained to burn incense in the high places in the cities of Yehudah, and in the places round about Yerushalayim; those also who burned incense to Baal, to the sun, and to the moon, and to the planets, and to all the army of the heavens.	The king commanded Hilkiah the high priest, and the priests of the second order, and the keepers of the threshold, to bring forth out of the temple of YHWH all the vessels that were made for Baal, and for the Asherah, and for all the army of the heavens, and he burned them outside of Yerushalayim in the fields of the Kidron, and carried the ashes of them to Beit El.
2 Kings 23:6	OT	2 Kings	yes	no	no	He brought out the Asherah from the house of YHWH, outside of Yerushalayim, to the brook Kidron, and burned it at the brook Kidron, and beat it to dust, and cast the dust of it on the graves of the common people.	He put down the idolatrous priests, whom the kings of Yehudah had ordained to burn incense in the high places in the cities of Yehudah, and in the places round about Yerushalayim; those also who burned incense to Baal, to the sun, and to the moon, and to the planets, and to all the army of the heavens.
2 Kings 23:7	OT	2 Kings	yes	yes	no	He broke down the houses of the sodomites, that were in the house of YHWH, where the women wove hangings for the Asherah.	He brought out the Asherah from the house of YHWH, outside of Yerushalayim, to the brook Kidron, and burned it at the brook Kidron, and beat it to dust, and cast the dust of it on the graves of the common people.
2 Kings 23:8	OT	2 Kings	no	yes	no	He brought all the priests out of the cities of Yehudah, and defiled the high places where the priests had burned incense, from Geba to Be'er Sheva; and they broke down the high places of the gates that were at the entrance of the gate of Yehoshua the governor of the city, which were on a person's left hand at the gate of the city.	He broke down the houses of the sodomites, that were in the house of YHWH, where the women wove hangings for the Asherah.
2 Kings 23:11	OT	2 Kings	yes	no	yes	He took away the horses that the kings of Yehudah had given to the sun, at the entrance of the house of YHWH, by the chamber of Natan Melech the officer, who was in the court; and he burned the chariots of the sun with fire.	They defiled Topheth, which is in the valley of the children of Hinnom, that no one might make their son or their daughter to pass through the fire to Molech.
2 Kings 23:16	OT	2 Kings	yes	no	no	As Yoshiyahu turned himself, he spied the tombs that were there in the mountain; and they sent, and took the bones out of the tombs, and burned them on the altar, and defiled it, according to the word of YHWH which the person of Elohim proclaimed, who proclaimed these things.	Moreover the altar that was at Beit El, and the high place which Yerovam the son of Nebat, who made Israel to sin, had made, even that altar and the high place he broke down; and he burned the high place and beat it to dust, and burned the Asherah.
2 Kings 23:17	OT	2 Kings	yes	no	yes	Then he said, What monument is that which I see? The men of the city told him, It is the tomb of the person of Elohim, who came from Yehudah, and proclaimed these things that you have done against the altar of Beit El.	As Yoshiyahu turned himself, he spied the tombs that were there in the mountain; and they sent, and took the bones out of the tombs, and burned them on the altar, and defiled it, according to the word of YHWH which the person of Elohim proclaimed, who proclaimed these things.
2 Kings 23:18	OT	2 Kings	no	yes	no	He said, Let him be; let no one move their bones. So they let his bones alone, with the bones of the prophet who came out of Shomron.	Then he said, What monument is that which I see? The men of the city told him, It is the tomb of the person of Elohim, who came from Yehudah, and proclaimed these things that you have done against the altar of Beit El.
2 Kings 23:19	OT	2 Kings	yes	no	yes	All the houses also of the high places that were in the cities of Shomron, which the kings of Israel had made to provoke [YHWH] to anger, Yoshiyahu took away, and did to them according to all the acts that he had done in Beit El.	He said, Let him be; let no one move their bones. So they let his bones alone, with the bones of the prophet who came out of Shomron.
2 Kings 23:20	OT	2 Kings	no	yes	no	He killed all the priests of the high places that were there, on the altars, and burned people's bones on them; and he returned to Yerushalayim.	All the houses also of the high places that were in the cities of Shomron, which the kings of Israel had made to provoke [YHWH] to anger, Yoshiyahu took away, and did to them according to all the acts that he had done in Beit El.
2 Kings 23:24	OT	2 Kings	yes	no	no	Moreover those who had familiar spirits, and the wizards, and the teraphim, and the idols, and all the abominations that were seen in the land of Yehudah and in Yerushalayim, did Yoshiyahu put away, that he might confirm the words of the law which were written in the book that Hilkiah the priest found in the house of YHWH.	but in the eighteenth year of king Yoshiyahu was this Passover kept to YHWH in Yerushalayim.
2 Kings 23:25	OT	2 Kings	yes	no	yes	Like him was there no king before him, who turned to YHWH with all his heart, and with all his soul, and with all his might, according to all the law of Moshe; neither after him arose there any like him.	Moreover those who had familiar spirits, and the wizards, and the teraphim, and the idols, and all the abominations that were seen in the land of Yehudah and in Yerushalayim, did Yoshiyahu put away, that he might confirm the words of the law which were written in the book that Hilkiah the priest found in the house of YHWH.
2 Kings 23:32	OT	2 Kings	yes	no	yes	He did what was broken in the sight of YHWH, according to all that his fathers had done.	Jehoahaz was twenty-three years old when he began to reign; and he reigned three months in Yerushalayim: and his mother's name was Hamutal the daughter of Yirmeyahu of Libnah.
2 Kings 23:37	OT	2 Kings	yes	no	yes	He did what was broken in the sight of YHWH, according to all that his fathers had done.	Jehoiakim was twenty-five years old when he began to reign; and he reigned eleven years in Yerushalayim: and his mother's name was Zebidah the daughter of Pedaiah of Rumah.
2 Kings 24:2	OT	2 Kings	yes	no	no	YHWH sent against him bands of the Chaldeans, and bands of the Syrians, and bands of the Moabites, and bands of the children of Ammon, and sent them against Yehudah to destroy it, according to the word of YHWH, which YHWH spoke by YHWH’s servants the prophets.	In his days Nebuchadnezzar king of Bavel came up, and Jehoiakim became his servant three years: then he turned and rebelled against him.
2 Kings 24:3	OT	2 Kings	yes	no	yes	Surely at the commandment of YHWH came this on Yehudah, to remove them out of his sight, for the sins of Menashe, according to all that he did,	YHWH sent against him bands of the Chaldeans, and bands of the Syrians, and bands of the Moabites, and bands of the children of Ammon, and sent them against Yehudah to destroy it, according to the word of YHWH, which YHWH spoke by YHWH’s servants the prophets.
2 Kings 24:4	OT	2 Kings	yes	no	no	and also for the innocent blood that he shed; for he filled Yerushalayim with innocent blood: and YHWH would not pardon.	Surely at the commandment of YHWH came this on Yehudah, to remove them out of his sight, for the sins of Menashe, according to all that he did,
2 Kings 24:9	OT	2 Kings	yes	no	yes	He did what was broken in the sight of YHWH, according to all that his father had done.	Jehoiachin was eighteen years old when he began to reign; and he reigned in Yerushalayim three months: and his mother's name was Nehushta the daughter of Elnathan of Yerushalayim.
2 Kings 24:13	OT	2 Kings	yes	no	no	He carried out there all the treasures of the house of YHWH, and the treasures of the king's house, and cut in pieces all the vessels of gold, which Shlomo king of Israel had made in the temple of YHWH, as YHWH had said.	and Jehoiachin the king of Yehudah went out to the king of Bavel, he, and his mother, and his servants, and his princes, and his officers: and the king of Bavel took him in the eighth year of his reign.
2 Kings 24:14	OT	2 Kings	no	yes	no	He carried away all Yerushalayim, and all the princes, and all the mighty men of valor, even ten thousand captives, and all the craftsmen and the smiths; none remained, save the poorest sort of the people of the land.	He carried out there all the treasures of the house of YHWH, and the treasures of the king's house, and cut in pieces all the vessels of gold, which Shlomo king of Israel had made in the temple of YHWH, as YHWH had said.
2 Kings 24:19	OT	2 Kings	yes	no	no	He did what was broken in the sight of YHWH, according to all that Jehoiakim had done.	Tzidkiyahu was twenty-one years old when he began to reign; and he reigned eleven years in Yerushalayim: and his mother's name was Hamutal the daughter of Yirmeyahu of Libnah.
2 Kings 24:20	OT	2 Kings	yes	no	no	For through the anger of YHWH did it happen in Yerushalayim and Yehudah, until he had cast them out from his presence. Tzidkiyahu rebelled against the king of Bavel.	He did what was broken in the sight of YHWH, according to all that Jehoiakim had done.
2 Kings 25:9	OT	2 Kings	yes	no	no	He burnt the house of YHWH, and the king's house; and all the houses of Yerushalayim, even every great house, burnt he with fire.	Now in the fifth month, on the seventh day of the month, which was the nineteenth year of king Nebuchadnezzar, king of Bavel, came Nebuzaradan the captain of the guard, a servant of the king of Bavel, to Yerushalayim.
1 Chronicles 2:3	OT	1 Chronicles	yes	no	no	The sons of Yehudah: Er, and Onan, and Shelah; which three were born to him of Shua's daughter the Canaanitess. Er, Yehudah's firstborn, was wicked in the sight of YHWH; and he killed him.	Dan, Yosef, and Binyamin, Naphtali, Gad, and Asher.
1 Chronicles 4:10	OT	1 Chronicles	yes	no	no	Jabez called on the God of Israel, saying, Oh that you would bless me indeed, and enlarge my border, and that your hand might be with me, and that you would keep me from harm, that it not be to my sorrow! Elohim granted him that which he requested.	Jabez was more honorable than his brothers: and his mother named him Jabez, saying, Because I bore him with sorrow.
1 Chronicles 5:20	OT	1 Chronicles	yes	no	no	They were helped against them, and the Hagrites were delivered into their hand, and all who were with them; for they cried to Elohim in the battle, and he was entreated of them, because they put their trust in him.	They made war with the Hagrites, with Jetur, and Naphish, and Nodab.
1 Chronicles 5:26	OT	1 Chronicles	yes	no	no	The God of Israel stirred up the spirit of Pul king of Ashur, and the spirit of Tilgath Pilneser king of Ashur, and he carried them away, even the Reubenites, and the Gadites, and the half-tribe of Menashe, and brought them to Halah, and Habor, and Hara, and to the river of Gozan, to this day.	They trespassed against the God of their fathers, and played the prostitute after the gods of the peoples of the land, whom Elohim destroyed before them.
1 Chronicles 6:49	OT	1 Chronicles	yes	no	no	But Aharon and his sons offered on the altar of burnt offering, and on the altar of incense, for all the work of the most holy place, and to make atonement for Israel, according to all that Moshe the servant of Elohim had commanded.	Their brothers the Levites were appointed for all the service of the tent of the house of Elohim.
1 Chronicles 9:19	OT	1 Chronicles	yes	no	no	Shallum the son of Kore, the son of Ebiasaph, the son of Korah, and his brothers, of his father's house, the Korahites, were over the work of the service, keepers of the thresholds of the tent: and their fathers had been over the camp of YHWH, keepers of the entry.	who hitherto [waited] in the king's gate eastward: they were the porters for the camp of the children of Levi.
1 Chronicles 9:20	OT	1 Chronicles	yes	no	no	Pinchas the son of Eleazar was ruler over them in time past, [and] YHWH was with him.	Shallum the son of Kore, the son of Ebiasaph, the son of Korah, and his brothers, of his father's house, the Korahites, were over the work of the service, keepers of the thresholds of the tent: and their fathers had been over the camp of YHWH, keepers of the entry.
1 Chronicles 10:13	OT	1 Chronicles	yes	no	no	So Shaul died for his trespass which he committed against YHWH, because of the word of YHWH, which he didn't keep; and also because they asked counsel of one who had a familiar spirit, to inquire [thereby],	all the valiant men arose, and took away the body of Shaul, and the bodies of his sons, and brought them to Jabesh, and buried their bones under the oak in Jabesh, and fasted seven days.
1 Chronicles 10:14	OT	1 Chronicles	yes	no	no	and didn't inquire of YHWH: therefore he killed him, and turned the kingdom to Dawid the son of Yishai.	So Shaul died for his trespass which he committed against YHWH, because of the word of YHWH, which he didn't keep; and also because they asked counsel of one who had a familiar spirit, to inquire [thereby],
1 Chronicles 11:9	OT	1 Chronicles	yes	no	no	Dawid grew greater and greater; for YHWH of Armies was with him.	He built the city round about, from Millo even round about; and Yoav repaired the rest of the city.
1 Chronicles 11:10	OT	1 Chronicles	yes	no	no	Now these are the chief of the mighty men whom Dawid had, who shown themselves strong with him in his kingdom, together with all Israel, to make him king, according to the word of YHWH concerning Israel.	Dawid grew greater and greater; for YHWH of Armies was with him.
1 Chronicles 11:19	OT	1 Chronicles	yes	no	no	and said, my God forbid it me, that I should do this: shall I drink the blood of these people who have put their lives in jeopardy? for with [the jeopardy of] their lives they brought it. Therefore he would not drink it. These things did the three mighty men.	The three broke through the army of the Philistines, and drew water out of the well of Beit Lechem, that was by the gate, and took it, and brought it to Dawid: but Dawid would not drink of it, but poured it out to YHWH,
1 Chronicles 12:18	OT	1 Chronicles	yes	no	no	"Then the Ruach came on Amasai, who was chief of the thirty, [and he said], ""We are yours, Dawid, and on your side, you son of Yishai: peace, peace be to you, and peace be to your helpers; for your God helps you."" Then Dawid received them, and made them captains of the band."	Dawid went out to meet them, and answered them, If you be come peaceably to me to help me, my heart shall be knit to you; but if [you be come] to betray me to my adversaries, seeing there is no wrong in my hands, the God of our fathers look thereon, and rebuke it.
1 Chronicles 12:22	OT	1 Chronicles	yes	no	no	For from day to day men came to Dawid to help him, until there was a great army, like the army of Elohim.	They helped Dawid against the band of rovers: for they were all mighty men of valor, and were captains in the army.
1 Chronicles 12:23	OT	1 Chronicles	yes	no	no	These are the numbers of the heads of those who were armed for war, who came to Dawid to Chevron, to turn the kingdom of Shaul to him, according to the word of YHWH.	For from day to day men came to Dawid to help him, until there was a great army, like the army of Elohim.
1 Chronicles 13:10	OT	1 Chronicles	yes	no	no	The anger of YHWH was kindled against Uzza, and he struck him, because he put forth his hand to the ark; and there he died before Elohim.	When they came to the threshing floor of Chidon, Uzza put forth his hand to hold the ark; for the oxen stumbled.
1 Chronicles 13:11	OT	1 Chronicles	yes	no	no	Dawid was displeased, because YHWH had broken forth on Uzza; and he called that place Peretz Uzza, to this day.	The anger of YHWH was kindled against Uzza, and he struck him, because he put forth his hand to the ark; and there he died before Elohim.
1 Chronicles 13:14	OT	1 Chronicles	yes	no	no	The ark of Elohim remained with the family of Oved-Edom in his house three months: and YHWH blessed the house of Oved-Edom, and all that he had.	So Dawid didn't move the ark to him into the city of Dawid, but carried it aside into the house of Oved-Edom the Gittite.
1 Chronicles 14:2	OT	1 Chronicles	yes	no	no	Dawid perceived that YHWH had established him king over Israel; for his kingdom was exalted on high, for his people Israel's sake.	Hiram king of Tzor sent messengers to Dawid, and cedar trees, and masons, and carpenters, to build him a house.
1 Chronicles 14:10	OT	1 Chronicles	yes	no	no	Dawid inquired of Elohim, saying, Shall I go up against the Philistines? and will you deliver them into my hand? YHWH said to him, Go up; for I will deliver them into your hand.	Now the Philistines had come and made a raid in the valley of Rephaim.
1 Chronicles 14:14	OT	1 Chronicles	yes	no	no	Dawid inquired again of Elohim; and Elohim said to him, You shall not go up after them: turn away from them, and come on them over against the mulberry trees.	The Philistines yet again made a raid in the valley.
1 Chronicles 14:16	OT	1 Chronicles	yes	no	no	Dawid did as Elohim commanded him: and they struck the army of the Philistines from Gibeon even to Gezer.	It shall be, when you hear the sound of marching in the tops of the mulberry trees, that then you shall go out to battle; for Elohim is gone out before you to strike the army of the Philistines.
1 Chronicles 14:17	OT	1 Chronicles	yes	no	no	The fame of Dawid went out into all lands; and YHWH brought the fear of him on all nations.	Dawid did as Elohim commanded him: and they struck the army of the Philistines from Gibeon even to Gezer.
1 Chronicles 15:1	OT	1 Chronicles	yes	no	no	[Dawid] made him houses in the city of Dawid; and he prepared a place for the ark of Elohim, and pitched for it a tent.	
1 Chronicles 15:2	OT	1 Chronicles	yes	no	no	Then Dawid said, None ought to carry the ark of Elohim but the Levites: for them has YHWH chosen to carry the ark of Elohim, and to minister to him forever.	[Dawid] made him houses in the city of Dawid; and he prepared a place for the ark of Elohim, and pitched for it a tent.
1 Chronicles 15:3	OT	1 Chronicles	yes	no	no	Dawid assembled all Israel at Yerushalayim, to bring up the ark of YHWH to its place, which he had prepared for it.	Then Dawid said, None ought to carry the ark of Elohim but the Levites: for them has YHWH chosen to carry the ark of Elohim, and to minister to him forever.
1 Chronicles 15:13	OT	1 Chronicles	yes	no	no	For because you didn't carry it at the first, YHWH our God made a breach on us, because we didn't seek him according to the ordinance.	and said to them, You are the heads of the fathers' [houses] of the Levites: sanctify yourselves, both you and your brothers, that you may bring up the ark of YHWH, the God of Israel, to [the place] that I have prepared for it.
1 Chronicles 15:29	OT	1 Chronicles	yes	no	no	It happened, as the ark of the covenant of YHWH came to the city of Dawid, that Michal the daughter of Shaul looked out at the window, and saw king Dawid dancing and playing; and she despised him in her heart.	Thus all Israel brought up the ark of the covenant of YHWH with shouting, and with sound of the cornet, and with trumpets, and with cymbals, sounding aloud with stringed instruments and harps.
1 Chronicles 16:2	OT	1 Chronicles	yes	no	no	When Dawid had made an end of offering the burnt offering and the peace offerings, he blessed the people in the name of YHWH.	They brought in the ark of Elohim, and set it in the midst of the tent that Dawid had pitched for it: and they offered burnt offerings and peace offerings before Elohim.
1 Chronicles 16:4	OT	1 Chronicles	yes	no	no	He appointed certain of the Levites to minister before the ark of YHWH, and to celebrate and to thank and praise YHWH, the God of Israel:	They dealt to everyone of Israel, both man and woman, to every one a loaf of bread, and a portion [of flesh], and a cake of raisins.
1 Chronicles 16:7	OT	1 Chronicles	yes	no	no	Then on that day Dawid first ordained to give thanks to YHWH, by the hand of Asaph and his brothers.	and Benayahu and Jahaziel the priests with trumpets continually, before the ark of the covenant of Elohim.
1 Chronicles 16:8	OT	1 Chronicles	yes	no	no	Oh give thanks to YHWH. Call on YHWH’s name. Make his doings known among the peoples.	Then on that day Dawid first ordained to give thanks to YHWH, by the hand of Asaph and his brothers.
1 Chronicles 16:37	OT	1 Chronicles	yes	no	no	So he left there, before the ark of the covenant of YHWH, Asaph and his brothers, to minister before the ark continually, as every day's work required;	Blessed be YHWH, the God of Israel, from everlasting even to everlasting. All the people said, Amen, and praised YHWH.
1 Chronicles 16:39	OT	1 Chronicles	yes	no	no	and Tzadok the priest, and his brothers the priests, before the tent of YHWH in the high place that was at Gibeon,	and Oved-Edom with their brothers, sixty-eight; Oved-Edom also the son of Jeduthun and Hosah to be doorkeepers;
1 Chronicles 17:1	OT	1 Chronicles	yes	no	no	It happened, when Dawid lived in his house, that Dawid said to Natan the prophet, Behold, I dwell in a house of cedar, but the ark of the covenant of YHWH [dwells] under curtains.	
1 Chronicles 17:16	OT	1 Chronicles	yes	no	no	Then Dawid the king went in, and sat before YHWH; and he said, Who am I, YHWH Elohim, and what is my house, that you have brought me thus far?	According to all these words, and according to all this vision, so did Natan speak to Dawid.
1 Chronicles 17:23	OT	1 Chronicles	yes	no	no	Now, YHWH, let the word that you have spoken concerning your servant, and concerning his house, be established forever, and do as you have spoken.	For your people Israel did you make your own people forever; and you, YHWH, became their God.
1 Chronicles 17:25	OT	1 Chronicles	yes	no	no	For you, my God, have revealed to your servant that you will build him a house: therefore has your servant found [in his heart] to pray before you.	Let your name be established and magnified forever, saying, YHWH of Armies is the God of Israel, even an Elohim to Israel: and the house of Dawid your servant is established before you.
1 Chronicles 18:6	OT	1 Chronicles	yes	no	no	Then Dawid put [garrisons] in Aram of Dammeseq; and the Syrians became servants to Dawid, and brought tribute. YHWH gave victory to Dawid wherever he went.	When the Syrians of Dammeseq came to help Hadarezer king of Zobah, Dawid struck of the Syrians twenty-two thousand men.
1 Chronicles 18:11	OT	1 Chronicles	yes	no	no	These also did king Dawid dedicate to YHWH, with the silver and the gold that he carried away from all the nations; from Edom, and from Moab, and from the children of Ammon, and from the Philistines, and from Amalek.	he sent Hadoram his son to king Dawid, to Greet him, and to bless him, because he had fought against Hadarezer and struck him; (for Hadarezer had wars with Tou;) and [he had with him] all manner of vessels of gold and silver and brass.
1 Chronicles 18:13	OT	1 Chronicles	yes	no	no	He put garrisons in Edom; and all the Edomites became servants to Dawid. YHWH gave victory to Dawid wherever he went.	Moreover Avishai the son of Zeruiah struck of the Edomites in the Valley of Salt eighteen thousand.
1 Chronicles 19:13	OT	1 Chronicles	yes	no	no	Be of good courage, and let us play the person for our people, and for the cities of our God: and YHWH do that which seems him good.	He said, If the Syrians be too strong for me, then you shall help me; but if the children of Ammon be too strong for you, then I will help you.
1 Chronicles 21:3	OT	1 Chronicles	yes	no	no	Yoav said, YHWH make YHWH’s people a hundred times as many as they are: but, my lord the king, aren't they all my lord's servants? Why does my lord require this thing? Why will he be a cause of guilt to Israel?	Dawid said to Yoav and to the princes of the people, Go, number Israel from Be'er Sheva even to Dan; and bring me word, that I may know the sum of them.
1 Chronicles 21:7	OT	1 Chronicles	yes	no	no	Elohim was displeased with this thing; therefore he struck Israel.	But he didn't count Levi and Binyamin among them; for the king's word was abominable to Yoav.
1 Chronicles 21:11	OT	1 Chronicles	yes	no	no	So Gad came to Dawid, and said to him, Thus says YHWH, Take which you will:	Go and speak to Dawid, saying, Thus says YHWH, I offer you three things: choose you one of them, that I may do it to you.
1 Chronicles 21:13	OT	1 Chronicles	yes	no	no	Dawid said to Gad, I am in a great strait: let me fall, I pray, into the hand of YHWH; for very great are his mercies: and let me not fall into the human hand.	either three years of famine; or three months to be consumed before your foes, while the sword of your enemies overtakes you; or else three days the sword of YHWH, even pestilence in the land, and the angel of YHWH destroying throughout all the borders of Israel. Now therefore consider what answer I shall return to the one who sent me.
1 Chronicles 21:15	OT	1 Chronicles	yes	no	no	Elohim sent an angel to Yerushalayim to destroy it: and as he was about to destroy, YHWH saw, and YHWH relented from the harm, and said to the destroying angel, It is enough; now stay your hand. The angel of YHWH was standing by the threshing floor of Ornan the Jebusite.	So YHWH sent a pestilence on Israel; and there fell of Israel seventy thousand men.
1 Chronicles 21:16	OT	1 Chronicles	yes	no	no	Dawid lifted up his eyes, and saw the angel of YHWH standing between earth and the heavens, having a drawn sword in his hand stretched out over Yerushalayim. Then Dawid and the elders, clothed in sackcloth, fell on their faces.	Elohim sent an angel to Yerushalayim to destroy it: and as he was about to destroy, YHWH saw, and YHWH relented from the harm, and said to the destroying angel, It is enough; now stay your hand. The angel of YHWH was standing by the threshing floor of Ornan the Jebusite.
1 Chronicles 21:19	OT	1 Chronicles	yes	no	no	Dawid went up at the saying of Gad, which he spoke in the name of YHWH.	Then the angel of YHWH commanded Gad to tell Dawid, that Dawid should go up, and raise an altar to YHWH in the threshing floor of Ornan the Jebusite.
1 Chronicles 21:26	OT	1 Chronicles	yes	no	no	Dawid built there an altar to YHWH, and offered burnt offerings and peace offerings, and called on YHWH; and he answered him from the heavens by fire on the altar of burnt offering.	So Dawid gave to Ornan for the place six hundred shekels of gold by weight.
1 Chronicles 21:27	OT	1 Chronicles	yes	no	no	YHWH commanded the angel; and he put up his sword again into the sheath of it.	Dawid built there an altar to YHWH, and offered burnt offerings and peace offerings, and called on YHWH; and he answered him from the heavens by fire on the altar of burnt offering.
1 Chronicles 21:28	OT	1 Chronicles	yes	no	no	At that time, when Dawid saw that YHWH had answered him in the threshing floor of Ornan the Jebusite, then he sacrificed there.	YHWH commanded the angel; and he put up his sword again into the sheath of it.
1 Chronicles 21:30	OT	1 Chronicles	yes	no	no	But Dawid couldn't go before it to inquire of Elohim; for he was afraid because of the sword of the angel of YHWH.	For the tent of YHWH, which Moshe made in the wilderness, and the altar of burnt offering, were at that time in the high place at Gibeon.
1 Chronicles 22:2	OT	1 Chronicles	yes	no	no	Dawid commanded to gather together the foreigners who were in the land of Israel; and he set masons to hew worked stones to build the house of Elohim.	Then Dawid said, This is the house of YHWH Elohim, and this is the altar of burnt offering for Israel.
1 Chronicles 22:5	OT	1 Chronicles	yes	no	no	Dawid said, Shlomo my son is young and tender, and the house that is to be built for YHWH must be exceedingly magnificent, of fame and of glory throughout all countries: I will therefore make preparation for it. So Dawid prepared abundantly before his death.	and cedar trees without number: for the Sidonians and they of Tzor brought cedar trees in abundance to Dawid.
1 Chronicles 22:6	OT	1 Chronicles	yes	no	no	Then he called for Shlomo his son, and charged him to build a house for YHWH, the God of Israel.	Dawid said, Shlomo my son is young and tender, and the house that is to be built for YHWH must be exceedingly magnificent, of fame and of glory throughout all countries: I will therefore make preparation for it. So Dawid prepared abundantly before his death.
1 Chronicles 22:7	OT	1 Chronicles	yes	no	no	Dawid said to Shlomo his son, As for me, it was in my heart to build a house to the name of YHWH my God.	Then he called for Shlomo his son, and charged him to build a house for YHWH, the God of Israel.
1 Chronicles 22:11	OT	1 Chronicles	yes	no	no	Now, my son, YHWH be with you; and prosper you, and build the house of YHWH your God, as he has spoken concerning you.	he shall build a house for my name; and he shall be my son, and I will be his father; and I will establish the throne of his kingdom over Israel for ever.
1 Chronicles 23:13	OT	1 Chronicles	yes	no	no	The sons of Amram: Aharon and Moshe; and Aharon was separated, that he should sanctify the most holy things, he and his sons, forever, to burn incense before YHWH, to minister to YHWH, and to bless in YHWH’s name, forever.	The sons of Kohath: Amram, Izhar, Chevron, and Uzziel, four.
1 Chronicles 24:19	OT	1 Chronicles	yes	no	no	This was the ordering of them in their service, to come into the house of YHWH according to the ordinance [given] to them by Aharon their father, as YHWH, the God of Israel, had commanded him.	the twenty-third to Delaiah, the twenty-fourth to Maaziah.
1 Chronicles 26:5	OT	1 Chronicles	yes	no	no	Ammiel the sixth, Yissakhar the seventh, Peullethai the eighth; for Elohim blessed him.	Oved-Edom had sons: Shemaiah the firstborn, Jehozabad the second, Joah the third, and Sacar the fourth, and Nethanel the fifth,
1 Chronicles 26:22	OT	1 Chronicles	yes	no	no	The sons of Jehieli: Zetham, and Joel his brother, over the treasures of the house of YHWH.	The sons of Ladan, the sons of the Gershonites belonging to Ladan, the heads of the fathers' [houses] belonging to Ladan the Gershonite: Jehieli.
1 Chronicles 26:30	OT	1 Chronicles	yes	no	no	Of the Hebronites, Hashabiah and his brothers, men of valor, one thousand seven hundred, had the oversight of Israel beyond the Yarden westward, for all the business of YHWH, and for the service of the king.	Of the Izharites, Chenaniah and his sons were for the outward business over Israel, for officers and judges.
1 Chronicles 26:32	OT	1 Chronicles	yes	no	no	His brothers, men of valor, were two thousand seven hundred, heads of fathers' [houses], whom king Dawid made overseers over the Reubenites, and the Gadites, and the half-tribe of the Manassites, for every matter pertaining to Elohim, and for the affairs of the king.	Of the Hebronites was Jerijah the chief, even of the Hebronites, according to their generations by fathers' [houses]. In the fortieth year of the reign of Dawid they were sought for, and there were found among them mighty men of valor at Jazer of Gilead.
1 Chronicles 28:2	OT	1 Chronicles	yes	no	no	Then Dawid the king stood up on his feet, and said, Hear me, my brothers, and my people: as for me, it was in my heart to build a house of rest for the ark of the covenant of YHWH, and for the footstool of our God; and I had made ready for the building.	Dawid assembled all the princes of Israel, the princes of the tribes, and the captains of the companies who served the king by division, and the captains of thousands, and the captains of hundreds, and the rulers over all the substance and possessions of the king and of his sons, with the officers, and the mighty men, even all the mighty men of valor, to Yerushalayim.
1 Chronicles 28:4	OT	1 Chronicles	yes	no	no	However YHWH, the God of Israel, chose me out of all the house of my father to be king over Israel forever: for he has chosen Yehudah to be prince; and in the house of Yehudah, the house of my father; and among the sons of my father he took pleasure in me to make me king over all Israel;	But Elohim said to me, You shall not build a house for my name, because you are a warrior, and have shed blood.
1 Chronicles 28:5	OT	1 Chronicles	yes	no	no	Of all my sons (for YHWH has given me many sons), he has chosen Shlomo my son to sit on the throne of the kingdom of YHWH over Israel.	However YHWH, the God of Israel, chose me out of all the house of my father to be king over Israel forever: for he has chosen Yehudah to be prince; and in the house of Yehudah, the house of my father; and among the sons of my father he took pleasure in me to make me king over all Israel;
1 Chronicles 28:6	OT	1 Chronicles	no	yes	no	He said to me, Shlomo your son, he shall build my house and my courts; for I have chosen him to be my son, and I will be his father.	Of all my sons (for YHWH has given me many sons), he has chosen Shlomo my son to sit on the throne of the kingdom of YHWH over Israel.
1 Chronicles 28:9	OT	1 Chronicles	yes	no	no	You, Shlomo my son, know the God of your father, and serve him with a perfect heart and with a willing mind; for YHWH searches all hearts, and understands all the imaginations of the thoughts: if you seek him, he will be found of you; but if you forsake him, he will cast you off forever.	Now therefore, in the sight of all Israel, the assembly of YHWH, and in the audience of our God, observe and seek out all the commandments of YHWH your God; that you may possess this good land, and leave it for an inheritance to your children after you forever.
1 Chronicles 28:12	OT	1 Chronicles	yes	no	no	and the pattern of all that he had by the Ruach, for the courts of the house of YHWH, and for all the surrounding rooms, for the treasuries of the house of Elohim, and for the treasuries of the dedicated things;	Then Dawid gave to Shlomo his son the pattern of the porch [of the temple], and of the houses of it, and of the treasuries of it, and of the upper rooms of it, and of the inner chambers of it, and of the place of the mercy seat;
1 Chronicles 28:20	OT	1 Chronicles	yes	no	no	Dawid said to Shlomo his son, Be strong and of good courage, and do it: don't be afraid, nor be dismayed; for YHWH Elohim, even my God, is with you; he will not fail you, nor forsake you, until all the work for the service of the house of YHWH is finished.	All this, [said Dawid], have I been made to understand in writing from the hand of YHWH, even all the works of this pattern.
1 Chronicles 29:5	OT	1 Chronicles	yes	no	no	of gold for the [things of] gold, and of silver for the [things of] silver, and for all manner of work [to be made] by the hands of artificers. Who then offers willingly to consecrate himself this day to YHWH?	even three thousand talents of gold, of the gold of Ophir, and seven thousand talents of refined silver, with which to overlay the walls of the houses;
1 Chronicles 29:22	OT	1 Chronicles	yes	no	no	and ate and drink before YHWH on that day with great gladness. They made Shlomo the son of Dawid king the second time, and anointed him to YHWH to be prince, and Tzadok to be priest.	They sacrificed sacrifices to YHWH, and offered burnt offerings to YHWH, on the next day after that day, even one thousand bulls, one thousand rams, and one thousand lambs, with their drink offerings, and sacrifices in abundance for all Israel,
1 Chronicles 29:23	OT	1 Chronicles	yes	no	no	Then Shlomo sat on the throne of YHWH as king instead of Dawid his father, and prospered; and all Israel obeyed him.	and ate and drink before YHWH on that day with great gladness. They made Shlomo the son of Dawid king the second time, and anointed him to YHWH to be prince, and Tzadok to be priest.
1 Chronicles 29:25	OT	1 Chronicles	yes	no	no	YHWH magnified Shlomo exceedingly in the sight of all Israel, and bestowed on him such royal majesty as had not been on any king before him in Israel.	All the princes, the mighty men, and also all of the sons of king Dawid submitted themselves to Shlomo the king.
2 Chronicles 1:1	OT	2 Chronicles	yes	no	no	Shlomo the son of Dawid was strengthened in his kingdom, and YHWH his God was with him, and magnified him exceedingly.	
2 Chronicles 1:3	OT	2 Chronicles	yes	no	no	So Shlomo, and all the assembly with him, went to the high place that was at Gibeon; for there was the tent of meeting of Elohim, which Moshe the servant of YHWH had made in the wilderness.	Shlomo spoke to all Israel, to the captains of thousands and of hundreds, and to the judges, and to every prince in all Israel, the heads of the fathers' [houses].
2 Chronicles 1:4	OT	2 Chronicles	yes	no	no	But Dawid had brought the ark of Elohim up from Kiriath Jearim to the place that Dawid had prepared for it; for he had pitched a tent for it at Yerushalayim.	So Shlomo, and all the assembly with him, went to the high place that was at Gibeon; for there was the tent of meeting of Elohim, which Moshe the servant of YHWH had made in the wilderness.
2 Chronicles 1:7	OT	2 Chronicles	yes	no	no	"In that night Elohim appeared to Shlomo, and said to him, ""Ask what I shall give you."""	Shlomo went up there to the bronze altar before YHWH, which was at the tent of meeting, and offered one thousand burnt offerings on it.
2 Chronicles 1:8	OT	2 Chronicles	yes	no	no	Shlomo said to Elohim, You have shown great loving kindness to Dawid my father, and have made me king in his place.	"In that night Elohim appeared to Shlomo, and said to him, ""Ask what I shall give you."""
2 Chronicles 2:1	OT	2 Chronicles	yes	no	yes	Now Shlomo purposed to build a house for the name of YHWH, and a house for his kingdom.	
2 Chronicles 2:4	OT	2 Chronicles	yes	no	no	Behold, I am about to build a house for the name of YHWH my God, to dedicate it to him, and to burn before him incense of sweet spices, and for the continual show bread, and for the burnt offerings morning and evening, on the Sabbaths, and on the new moons, and on the set feasts of YHWH our God. This is [an ordinance] forever to Israel.	Shlomo sent to Huram the king of Tzor, saying, As you dealt with Dawid my father, and sent him cedars to build him a house in which to dwell, [even so deal with me].
2 Chronicles 2:11	OT	2 Chronicles	yes	no	no	"Then Huram the king of Tzor answered in writing, which he sent to Shlomo, ""Because YHWH loves YHWH’s people, YHWH has made you king over them."""	Behold, I will give to your servants, the cutters who cut timber, twenty thousand measures of beaten wheat, and twenty thousand measures of barley, and twenty thousand baths of wine, and twenty thousand baths of oil.
2 Chronicles 2:12	OT	2 Chronicles	yes	no	yes	"Huram continued, ""Blessed be YHWH, the God of Israel, that made heavens and earth, who has given to Dawid the king a wise son, endowed with discretion and understanding, that should build a house for YHWH, and a house for his kingdom."	"Then Huram the king of Tzor answered in writing, which he sent to Shlomo, ""Because YHWH loves YHWH’s people, YHWH has made you king over them."""
2 Chronicles 3:1	OT	2 Chronicles	yes	no	no	Then Shlomo began to build the house of YHWH at Yerushalayim on Mount Moriah, where [YHWH] appeared to Dawid his father, which he made ready in the place that Dawid had appointed, in the threshing floor of Ornan the Jebusite.	
2 Chronicles 3:2	OT	2 Chronicles	no	yes	no	He began to build in the second [day] of the second month, in the fourth year of his reign.	Then Shlomo began to build the house of YHWH at Yerushalayim on Mount Moriah, where [YHWH] appeared to Dawid his father, which he made ready in the place that Dawid had appointed, in the threshing floor of Ornan the Jebusite.
2 Chronicles 4:11	OT	2 Chronicles	yes	no	no	Huram made the pots, and the shovels, and the basins. So Huram made an end of doing the work that he did for king Shlomo in the house of Elohim:	He set the sea on the right side [of the house] eastward, toward the south.
2 Chronicles 4:16	OT	2 Chronicles	yes	no	no	The pots also, and the shovels, and the forks, and all the vessels of it, did Huram his father make for king Shlomo for the house of YHWH of bright brass.	one sea, and the twelve oxen under it.
2 Chronicles 5:1	OT	2 Chronicles	yes	no	no	Thus all the work that Shlomo did for the house of YHWH was finished. Shlomo brought in the things that Dawid his father had dedicated, even the silver, and the gold, and all the vessels, and put them in the treasuries of the house of Elohim.	
2 Chronicles 6:4	OT	2 Chronicles	yes	no	no	He said, Blessed be YHWH, the God of Israel, who spoke with YHWH’s mouth to Dawid my father, and has with YHWH’s hands fulfilled it, saying,	The king turned his face, and blessed all the assembly of Israel: and all the assembly of Israel stood.
2 Chronicles 6:12	OT	2 Chronicles	yes	yes	no	He stood before the altar of YHWH in the presence of all the assembly of Israel, and spread forth his hands	There have I set the ark, in which is the covenant of YHWH, which YHWH made with the children of Israel.
2 Chronicles 6:14	OT	2 Chronicles	yes	no	no	and he said, YHWH, the God of Israel, there is no Elohim like you, in heavens, or on earth; who keep covenant and loving kindness with your servants, who walk before you with all their heart;	(for Shlomo had made a bronze scaffold, five cubits long, and five cubits broad, and three cubits high, and had set it in the midst of the court; and on it he stood, and kneeled down on his knees before all the assembly of Israel, and spread forth his hands toward heavens;)
2 Chronicles 6:16	OT	2 Chronicles	yes	no	no	Now therefore, YHWH, the God of Israel, keep with your servant Dawid my father that which you have promised him, saying, There shall not fail you a person in my sight to sit on the throne of Israel, if only your children take heed to their way, to walk in my law as you have walked before me.	who have kept with your servant Dawid my father that which you did promise him: yes, you spoke with your mouth, and have fulfilled it with your hand, as it is this day.
2 Chronicles 6:19	OT	2 Chronicles	yes	no	no	Yet have you respect to the prayer of your servant, and to his supplication, YHWH my God, to listen to the cry and to the prayer which your servant prays before you;	But will Elohim indeed dwell with people on the earth? Behold, heavens and the heavens of heavens can't contain you; how much less this house which I have built!
2 Chronicles 7:7	OT	2 Chronicles	yes	no	no	Moreover Shlomo made the middle of the court holy that was before the house of YHWH; for there he offered the burnt offerings, and the fat of the peace offerings, because the bronze altar which Shlomo had made was not able to receive the burnt offering, and the meal offering, and the fat.	The priests stood, according to their offices; the Levites also with instruments of music of YHWH, which Dawid the king had made to give thanks to YHWH, (for YHWH’s loving kindness endures for ever), when Dawid praised by their ministry: and the priests sounded trumpets before them; and all Israel stood.
2 Chronicles 7:10	OT	2 Chronicles	yes	no	no	On the three and twentieth day of the seventh month he sent the people away to their tents, joyful and glad of heart for the goodness that YHWH had shown to Dawid, and to Shlomo, and to Israel his people.	On the eighth day they held a solemn assembly: for they kept the dedication of the altar seven days, and the feast seven days.
2 Chronicles 7:11	OT	2 Chronicles	yes	no	no	Thus Shlomo finished the house of YHWH, and the king's house: and he successfully completed all that came into Shlomo's heart to make in the house of YHWH, and in his own house.	On the three and twentieth day of the seventh month he sent the people away to their tents, joyful and glad of heart for the goodness that YHWH had shown to Dawid, and to Shlomo, and to Israel his people.
2 Chronicles 7:12	OT	2 Chronicles	yes	no	no	YHWH appeared to Shlomo by night, and said to him, I have heard your prayer, and have chosen this place to myself for a house of sacrifice.	Thus Shlomo finished the house of YHWH, and the king's house: and he successfully completed all that came into Shlomo's heart to make in the house of YHWH, and in his own house.
2 Chronicles 7:22	OT	2 Chronicles	yes	no	no	They shall answer, Because they abandoned YHWH, the God of their fathers, who brought them forth out of the land of Mitzrayim, and laid hold on other gods, and worshiped them, and served them: therefore has he brought all this brokenness on them.	This house, which is so high, everyone who passes by it shall be astonished, and shall say, Why has YHWH done thus to this land, and to this house?
2 Chronicles 8:1	OT	2 Chronicles	yes	no	yes	It happened at the end of twenty years, in which Shlomo had built the house of YHWH, and his own house,	
2 Chronicles 8:11	OT	2 Chronicles	yes	no	no	Shlomo brought up the daughter of Pharaoh out of the city of Dawid to the house that he had built for her; for he said, My wife shall not dwell in the house of Dawid king of Israel, because the places where the ark of YHWH has come are holy.	These were the chief officers of king Shlomo, even two-hundred fifty, who ruled over the people.
2 Chronicles 8:12	OT	2 Chronicles	yes	no	no	Then Shlomo offered burnt offerings to YHWH on the altar of YHWH, which he had built before the porch,	Shlomo brought up the daughter of Pharaoh out of the city of Dawid to the house that he had built for her; for he said, My wife shall not dwell in the house of Dawid king of Israel, because the places where the ark of YHWH has come are holy.
2 Chronicles 8:14	OT	2 Chronicles	yes	no	no	He appointed, according to the ordinance of Dawid his father, the divisions of the priests to their service, and the Levites to their offices, to praise, and to minister before the priests, as the duty of every day required; the doorkeepers also by their divisions at every gate: for so had Dawid the person of Elohim commanded.	even as the duty of every day required, offering according to the commandment of Moshe, on the Sabbaths, and on the new moons, and on the set feasts, three times in the year, [even] in the feast of unleavened bread, and in the feast of weeks, and in the feast of tents.
2 Chronicles 9:4	OT	2 Chronicles	yes	no	no	and the food of his table, and the sitting of his servants, and the attendance of his ministers, and their clothing, his cup bearers also, and their clothing, and his ascent by which he went up to the house of YHWH; there was no more spirit in her.	When the queen of Sheba had seen the wisdom of Shlomo, and the house that he had built,
2 Chronicles 9:8	OT	2 Chronicles	yes	no	no	Blessed be YHWH your God, who delighted in you, to set you on YHWH’s throne, to be king for YHWH your God: because your God loved Israel, to establish them forever, therefore made he you king over them, to do justice and righteousness.	Happy are your men, and happy are these your servants, who stand continually before you, and hear your wisdom.
2 Chronicles 9:23	OT	2 Chronicles	yes	no	no	All the kings of the earth sought the presence of Shlomo, to hear his wisdom, which Elohim had put in his heart.	So king Shlomo exceeded all the kings of the earth in riches and wisdom.
2 Chronicles 11:14	OT	2 Chronicles	yes	no	no	For the Levites left their suburbs and their possession, and came to Yehudah and Yerushalayim: for Yerovam and his sons cast them off, that they should not execute the priest's office to YHWH;	The priests and the Levites who were in all Israel resorted to him out of all their border.
2 Chronicles 12:1	OT	2 Chronicles	yes	no	no	It happened, when the kingdom of Rechavam was established, and he was strong, that he forsook the law of YHWH, and all Israel with him.	
2 Chronicles 12:9	OT	2 Chronicles	yes	no	no	So Shishak king of Mitzrayim came up against Yerushalayim, and took away the treasures of the house of YHWH, and the treasures of the king's house: he took all away: he took away also the shields of gold which Shlomo had made.	Nevertheless they shall be his servants, that they may know my service, and the service of the kingdoms of the countries.
2 Chronicles 12:12	OT	2 Chronicles	yes	no	no	When he humbled himself, the wrath of YHWH turned from him, so as not to destroy him altogether: and moreover in Yehudah there were good things [found].	It was so, that as often as the king entered into the house of YHWH, the guard came and bore them, and brought them back into the guard chamber.
2 Chronicles 12:13	OT	2 Chronicles	yes	no	yes	So king Rechavam strengthened himself in Yerushalayim, and reigned: for Rechavam was forty-one years old when he began to reign, and he reigned seventeen years in Yerushalayim, the city which YHWH had chosen out of all the tribes of Israel, to put his name there: and his mother's name was Naamah the Ammonitess.	When he humbled himself, the wrath of YHWH turned from him, so as not to destroy him altogether: and moreover in Yehudah there were good things [found].
2 Chronicles 12:14	OT	2 Chronicles	yes	yes	no	He did what was broken, because he didn't set his heart to seek YHWH.	So king Rechavam strengthened himself in Yerushalayim, and reigned: for Rechavam was forty-one years old when he began to reign, and he reigned seventeen years in Yerushalayim, the city which YHWH had chosen out of all the tribes of Israel, to put his name there: and his mother's name was Naamah the Ammonitess.
2 Chronicles 13:5	OT	2 Chronicles	yes	no	no	Ought you not to know that YHWH, the God of Israel, gave the kingdom over Israel to Dawid forever, even to him and to his sons by a covenant of salt?	Aviyah stood up on Mount Zemaraim, which is in the hill country of Efrayim, and said, Hear me, Yerovam and all Israel:
2 Chronicles 13:10	OT	2 Chronicles	yes	no	yes	But as for us, YHWH is our God, and we have not forsaken him; and [we have] priests ministering to YHWH, the sons of Aharon, and the Levites in their work:	Haven't you driven out the priests of YHWH, the sons of Aharon, and the Levites, and made you priests after the manner of the peoples of [other] lands? so that whoever comes to consecrate themselves with a young bull and seven rams, the same may be a priest of [those who are] no gods.
2 Chronicles 13:11	OT	2 Chronicles	yes	no	no	and they burn to YHWH every morning and every evening burnt offerings and sweet incense: the show bread also [set they] in order on the pure table; and the lampstand of gold with the lamps of it, to burn every evening: for we keep the charge of YHWH our God; but you have forsaken him.	But as for us, YHWH is our God, and we have not forsaken him; and [we have] priests ministering to YHWH, the sons of Aharon, and the Levites in their work:
2 Chronicles 13:12	OT	2 Chronicles	yes	no	yes	Behold, Elohim is with us at our head, and his priests with the trumpets of alarm to sound an alarm against you. Children of Israel, don't you fight against YHWH, the God of your fathers; for you shall not prosper.	and they burn to YHWH every morning and every evening burnt offerings and sweet incense: the show bread also [set they] in order on the pure table; and the lampstand of gold with the lamps of it, to burn every evening: for we keep the charge of YHWH our God; but you have forsaken him.
2 Chronicles 13:20	OT	2 Chronicles	yes	no	yes	Neither did Yerovam recover strength again in the days of Aviyah: and YHWH struck him, and he died.	Aviyah pursued after Yerovam, and took cities from him, Beit El with the towns of it, and Jeshanah with the towns of it, and Ephron with the towns of it.
2 Chronicles 14:2	OT	2 Chronicles	yes	no	no	Asa did that which was good and right in the eyes of YHWH his God:	So Aviyah slept with his fathers, and they buried him in the city of Dawid; and Asa his son reigned in his place. In his days the land was quiet ten years.
2 Chronicles 14:6	OT	2 Chronicles	yes	no	no	He built fortified cities in Yehudah; for the land was quiet, and he had no war in those years, because YHWH had given him rest.	Also he took away out of all the cities of Yehudah the high places and the sun images: and the kingdom was quiet before him.
2 Chronicles 14:7	OT	2 Chronicles	yes	no	yes	For he said to Yehudah, Let us build these cities, and make about them walls, and towers, gates, and bars; the land is yet before us, because we have sought YHWH our God; we have sought him, and he has given us rest on every side. So they built and prospered.	He built fortified cities in Yehudah; for the land was quiet, and he had no war in those years, because YHWH had given him rest.
2 Chronicles 14:13	OT	2 Chronicles	yes	no	yes	Asa and the people who were with him pursued them to Gerar: and there fell of the Ethiopians so many that they could not recover themselves; for they were destroyed before YHWH, and before his army; and they carried away very much booty.	So YHWH struck the Ethiopians before Asa, and before Yehudah; and the Ethiopians fled.
2 Chronicles 15:2	OT	2 Chronicles	yes	no	yes	and he went out to meet Asa, and said to him, Hear you me, Asa, and all Yehudah and Binyamin: YHWH is with you, while you are with him; and if you seek him, he will be found of you; but if you forsake him, he will forsake you.	The Ruach of Elohim came on Azaryah the son of Oded:
2 Chronicles 15:4	OT	2 Chronicles	yes	no	yes	But when in their distress they turned to YHWH, the God of Israel, and sought him, he was found of them.	Now for a long season Israel was without the true Elohim, and without a teaching priest, and without law:
2 Chronicles 15:8	OT	2 Chronicles	yes	no	no	When Asa heard these words, and the prophecy of Oded the prophet, he took courage, and put away the abominations out of all the land of Yehudah and Binyamin, and out of the cities which he had taken from the hill country of Efrayim; and he renewed the altar of YHWH, that was before the porch of YHWH.	But be you strong, and don't let your hands be slack; for your work shall be rewarded.
2 Chronicles 15:9	OT	2 Chronicles	yes	yes	no	He gathered all Yehudah and Binyamin, and those who sojourned with them out of Efrayim and Menashe, and out of Shim'on: for they fell to him out of Israel in abundance, when they saw that YHWH his God was with him.	When Asa heard these words, and the prophecy of Oded the prophet, he took courage, and put away the abominations out of all the land of Yehudah and Binyamin, and out of the cities which he had taken from the hill country of Efrayim; and he renewed the altar of YHWH, that was before the porch of YHWH.
2 Chronicles 15:15	OT	2 Chronicles	yes	no	no	All Yehudah rejoiced at the oath; for they had sworn with all their heart, and sought him with their whole desire; and he was found of them: and YHWH gave them rest round about.	They swore to YHWH with a loud voice, and with shouting, and with trumpets, and with cornets.
2 Chronicles 15:18	OT	2 Chronicles	yes	no	yes	He brought into the house of Elohim the things that his father had dedicated, and that he himself had dedicated, silver, and gold, and vessels.	But the high places were not taken away out of Israel: nevertheless the heart of Asa was perfect all his days.
2 Chronicles 16:7	OT	2 Chronicles	yes	no	no	At that time Hanani the seer came to Asa king of Yehudah, and said to him, Because you have relied on the king of Aram, and have not relied on YHWH your God, therefore is the army of the king of Aram escaped out of your hand.	Then Asa the king took all Yehudah; and they carried away the stones of Ramah, and the timber of it, with which Baasha had built; and he built therewith Geba and Mizpah.
2 Chronicles 16:8	OT	2 Chronicles	yes	no	yes	Weren't the Ethiopians and the Lubim a huge army, with chariots and horsemen exceeding many? yet, because you did rely on YHWH, he delivered them into your hand.	At that time Hanani the seer came to Asa king of Yehudah, and said to him, Because you have relied on the king of Aram, and have not relied on YHWH your God, therefore is the army of the king of Aram escaped out of your hand.
2 Chronicles 16:9	OT	2 Chronicles	yes	no	no	For the eyes of YHWH run back and forth throughout the whole earth, to show himself strong in the behalf of them whose heart is perfect toward him. Herein you have done foolishly; for from henceforth you shall have wars.	Weren't the Ethiopians and the Lubim a huge army, with chariots and horsemen exceeding many? yet, because you did rely on YHWH, he delivered them into your hand.
2 Chronicles 16:12	OT	2 Chronicles	yes	no	no	In the thirty-ninth year of his reign Asa was diseased in his feet; his disease was exceeding great: yet in his disease he didn't seek YHWH, but to the physicians.	Behold, the acts of Asa, first and last, behold, they are written in the book of the kings of Yehudah and Israel.
2 Chronicles 17:3	OT	2 Chronicles	yes	no	yes	YHWH was with Yehoshafat, because he walked in the first ways of his father Dawid, and didn't seek the Baals,	He placed forces in all the fortified cities of Yehudah, and set garrisons in the land of Yehudah, and in the cities of Efrayim, which Asa his father had taken.
2 Chronicles 17:4	OT	2 Chronicles	yes	no	no	but sought to the God of his father, and walked in YHWH’s commandments, and not after the doings of Israel.	YHWH was with Yehoshafat, because he walked in the first ways of his father Dawid, and didn't seek the Baals,
2 Chronicles 17:5	OT	2 Chronicles	yes	no	yes	Therefore YHWH established the kingdom in his hand; and all Yehudah brought to Yehoshafat tribute; and he had riches and honor in abundance.	but sought to the God of his father, and walked in YHWH’s commandments, and not after the doings of Israel.
2 Chronicles 17:6	OT	2 Chronicles	yes	yes	no	His heart was lifted up in the ways of YHWH: and furthermore he took away the high places and the Asherim out of Yehudah.	Therefore YHWH established the kingdom in his hand; and all Yehudah brought to Yehoshafat tribute; and he had riches and honor in abundance.
2 Chronicles 17:16	OT	2 Chronicles	yes	no	no	and next to him Amasiah the son of Zichri, who willingly offered himself to YHWH; and with him two hundred thousand mighty men of valor.	and next to him Jehohanan the captain, and with him two hundred eighty thousand;
2 Chronicles 18:6	OT	2 Chronicles	yes	no	yes	But Yehoshafat said, Isn't there here a prophet of YHWH besides, that we may inquire of him?	Then the king of Israel gathered the prophets together, four hundred men, and said to them, Shall we go to Ramoth Gilead to battle, or shall I forbear? They said, Go up; for Elohim will deliver it into the hand of the king.
2 Chronicles 18:7	OT	2 Chronicles	yes	no	yes	The king of Israel said to Yehoshafat, There is yet one man by whom we may inquire of YHWH: but I hate him; for he never prophesies good concerning me, but always brokenness: the same is Micaiah the son of Imla. Yehoshafat said, Don't let the king say so.	But Yehoshafat said, Isn't there here a prophet of YHWH besides, that we may inquire of him?
2 Chronicles 18:10	OT	2 Chronicles	yes	no	yes	Tzidkiyahu the son of Chenaanah made him horns of iron, and said, Thus says YHWH, With these shall you push the Syrians, until they be consumed.	Now the king of Israel and Yehoshafat the king of Yehudah sat each on his throne, arrayed in their robes, and they were sitting in an open place at the entrance of the gate of Shomron; and all the prophets were prophesying before them.
2 Chronicles 18:15	OT	2 Chronicles	yes	no	no	The king said to him, How many times shall I adjure you that you speak to me nothing but the truth in the name of YHWH?	When he was come to the king, the king said to him, Micaiah, shall we go to Ramoth Gilead to battle, or shall I forbear? He said, Go up, and prosper; and they shall be delivered into your hand.
2 Chronicles 18:16	OT	2 Chronicles	yes	yes	no	He said, I saw all Israel scattered on the mountains, as sheep that have no shepherd: and YHWH said, These have no master; let them return everyone to their house in peace.	The king said to him, How many times shall I adjure you that you speak to me nothing but the truth in the name of YHWH?
2 Chronicles 18:19	OT	2 Chronicles	yes	no	no	YHWH said, 'Who shall entice Achav king of Israel, that he may go up and fall at Ramoth Gilead?' One spoke saying after this manner, and another saying after that manner.	"[Micaiah] said, ""Therefore hear you the word of YHWH: I saw YHWH sitting on YHWH’s throne, and all the army of heavens standing on YHWH’s right hand and on YHWH’s left."
2 Chronicles 18:20	OT	2 Chronicles	yes	no	no	There came forth a spirit, and stood before YHWH, and said, 'I will entice him.' YHWH said to him, 'How?'	YHWH said, 'Who shall entice Achav king of Israel, that he may go up and fall at Ramoth Gilead?' One spoke saying after this manner, and another saying after that manner.
2 Chronicles 18:21	OT	2 Chronicles	no	yes	no	He said, 'I will go forth, and will be a lying spirit in the mouth of all his prophets.' He said, 'You shall entice him, and shall prevail also: go forth, and do so.'	There came forth a spirit, and stood before YHWH, and said, 'I will entice him.' YHWH said to him, 'How?'
2 Chronicles 18:27	OT	2 Chronicles	yes	no	yes	Micaiah said, If you return at all in peace, YHWH has not spoken by me. He said, Hear, you peoples, all of you.	and say, Thus says the king, Put this fellow in the prison, and feed him with bread of affliction and with water of affliction, until I return in peace.
2 Chronicles 18:31	OT	2 Chronicles	yes	no	yes	It happened, when the captains of the chariots saw Yehoshafat, that they said, It is the king of Israel. Therefore they turned about to fight against him: but Yehoshafat cried out, and YHWH helped him; and Elohim moved them [to depart] from him.	Now the king of Aram had commanded the captains of his chariots, saying, Fight neither with small nor great, save only with the king of Israel.
2 Chronicles 19:2	OT	2 Chronicles	yes	no	no	Yehu the son of Hanani the seer went out to meet him, and said to king Yehoshafat, Should you help the wicked, and love those who hate YHWH? for this thing wrath is on you from before YHWH.	Yehoshafat the king of Yehudah returned to his house in peace to Yerushalayim.
2 Chronicles 19:4	OT	2 Chronicles	yes	no	no	Yehoshafat lived at Yerushalayim: and he went out again among the people from Be'er Sheva to the hill country of Efrayim, and brought them back to YHWH, the God of their fathers.	Nevertheless there are good things found in you, in that you have put away the Asheroth out of the land, and have set your heart to seek Elohim.
2 Chronicles 19:5	OT	2 Chronicles	no	yes	no	He set judges in the land throughout all the fortified cities of Yehudah, city by city,	Yehoshafat lived at Yerushalayim: and he went out again among the people from Be'er Sheva to the hill country of Efrayim, and brought them back to YHWH, the God of their fathers.
2 Chronicles 19:6	OT	2 Chronicles	yes	no	no	and said to the judges, Consider what you do: for you don't judge for man, but for YHWH; and [he is] with you in the judgment.	He set judges in the land throughout all the fortified cities of Yehudah, city by city,
2 Chronicles 19:9	OT	2 Chronicles	yes	yes	no	He charged them, saying, Thus shall you do in reverence for YHWH, faithfully, and with a perfect heart.	Moreover in Yerushalayim did Yehoshafat set of the Levites and the priests, and of the heads of the fathers' [houses] of Israel, for the judgment of YHWH, and for controversies. They returned to Yerushalayim.
2 Chronicles 20:3	OT	2 Chronicles	yes	no	yes	Yehoshafat feared, and set himself to seek to YHWH; and he proclaimed a fast throughout all Yehudah.	Then there came some who told Yehoshafat, saying, There comes a great multitude against you from beyond the sea from Aram; and behold, they are in Hazazon Tamar (the same is En Gedi).
2 Chronicles 20:6	OT	2 Chronicles	yes	no	no	and he said, YHWH, the God of our fathers, aren't you Elohim in heavens? and aren't you ruler over all the kingdoms of the nations? and in your hand is power and might, so that none is able to withstand you.	Yehoshafat stood in the assembly of Yehudah and Yerushalayim, in the house of YHWH, before the new court;
2 Chronicles 20:15	OT	2 Chronicles	yes	no	no	and he said, Listen you, all Yehudah, and you inhabitants of Yerushalayim, and you king Yehoshafat: Thus says YHWH to you, Don't be afraid you, neither be dismayed by reason of this great multitude; for the battle is not yours, but Elohim's.	Then on Jahaziel the son of Zekharyah, the son of Benayahu, the son of Jeiel, the son of Mattaniah, the Levite, of the sons of Asaph, came the Ruach of YHWH in the midst of the assembly;
2 Chronicles 20:18	OT	2 Chronicles	yes	no	no	Yehoshafat bowed his head with his face to the ground; and all Yehudah and the inhabitants of Yerushalayim fell down before YHWH, worshipping YHWH.	You shall not need to fight in this [battle]: set yourselves, stand you still, and see the salvation of YHWH with you, O Yehudah and Yerushalayim; don't be afraid, nor be dismayed: tomorrow go out against them: for YHWH is with you.
2 Chronicles 20:20	OT	2 Chronicles	yes	no	yes	They rose early in the morning, and went forth into the wilderness of Tekoa: and as they went forth, Yehoshafat stood and said, Hear me, Yehudah, and you inhabitants of Yerushalayim: believe in YHWH your God, so shall you be established; believe his prophets, so shall you prosper.	The Levites, of the children of the Kohathites and of the children of the Korahites, stood up to praise YHWH, the God of Israel, with an exceeding loud voice.
2 Chronicles 20:30	OT	2 Chronicles	yes	no	no	So the realm of Yehoshafat was quiet; for his God gave him rest round about.	Reverence for God was on all the kingdoms of the countries, when they heard that YHWH fought against the enemies of Israel.
2 Chronicles 20:32	OT	2 Chronicles	yes	no	no	He walked in the way of Asa his father, and didn't turn aside from it, doing that which was right in the eyes of YHWH.	Yehoshafat reigned over Yehudah: he was thirty-five years old when he began to reign; and he reigned twenty-five years in Yerushalayim: and his mother's name was Azubah the daughter of Shilhi.
2 Chronicles 21:6	OT	2 Chronicles	yes	no	no	He walked in the way of the kings of Israel, as did the house of Achav; for he had the daughter of Achav as wife: and he did what was broken in the sight of YHWH.	Yoram was thirty-two years old when he began to reign; and he reigned eight years in Yerushalayim.
2 Chronicles 21:7	OT	2 Chronicles	yes	no	no	However YHWH would not destroy the house of Dawid, because of the covenant that he had made with Dawid, and as he promised to give a lamp to him and to his children always.	He walked in the way of the kings of Israel, as did the house of Achav; for he had the daughter of Achav as wife: and he did what was broken in the sight of YHWH.
2 Chronicles 21:10	OT	2 Chronicles	yes	no	no	So Edom revolted from under the hand of Yehudah to this day: then did Libnah revolt at the same time from under his hand, because he had forsaken YHWH, the God of his fathers.	Then Yoram passed over with his captains, and all his chariots with him: and he rose up by night, and struck the Edomites who surrounded him, along with the captains of the chariots.
2 Chronicles 21:12	OT	2 Chronicles	yes	no	yes	There came a writing to him from Eliyahu the prophet, saying, Thus says YHWH, the God of Dawid your father, Because you have not walked in the ways of Yehoshafat your father, nor in the ways of Asa king of Yehudah,	Moreover he made high places in the mountains of Yehudah, and made the inhabitants of Yerushalayim to play the prostitute, and led Yehudah astray.
2 Chronicles 21:18	OT	2 Chronicles	yes	no	no	After all this YHWH struck him in his bowels with an incurable disease.	and they came up against Yehudah, and broke into it, and carried away all the substance that was found in the king's house, and his sons also, and his wives; so that there was never a son left him, save Jehoahaz, the youngest of his sons.
2 Chronicles 22:4	OT	2 Chronicles	yes	no	no	He did what was broken in the sight of YHWH, as did the house of Achav; for they were his counselors after the death of his father, to his destruction.	He also walked in the ways of the house of Achav; for his mother was his counselor to do wickedly.
2 Chronicles 22:5	OT	2 Chronicles	no	yes	no	He walked also after their counsel, and went with Yoram the son of Achav king of Israel to war against Hazael king of Aram at Ramoth Gilead: and the Syrians wounded Yoram.	He did what was broken in the sight of YHWH, as did the house of Achav; for they were his counselors after the death of his father, to his destruction.
2 Chronicles 22:7	OT	2 Chronicles	yes	no	yes	Now the destruction of Ahaziah was of Elohim, in that he went to Yoram: for when he was come, he went out with Yoram against Yehu the son of Nimshi, whom YHWH had anointed to cut off the house of Achav.	He returned to be healed in Jezreel of the wounds which they had given him at Ramah, when he fought against Hazael king of Aram. Azaryah the son of Yoram king of Yehudah went down to see Yoram the son of Achav in Jezreel, because he was sick.
2 Chronicles 22:9	OT	2 Chronicles	yes	no	no	He sought Ahaziah, and they caught him (now he was hiding in Shomron), and they brought him to Yehu, and killed him; and they buried him, for they said, He is the son of Yehoshafat, who sought YHWH with all his heart. The house of Ahaziah had no power to hold the kingdom.	It happened, when Yehu was executing judgment on the house of Achav, that he found the princes of Yehudah, and the sons of the brothers of Ahaziah, ministering to Ahaziah, and killed them.
2 Chronicles 22:12	OT	2 Chronicles	yes	no	no	He was with them hid in the house of Elohim six years: and Athaliah reigned over the land.	But Jehoshabeath, the daughter of the king, took Yoash the son of Ahaziah, and stole him away from among the king's sons who were slain, and put him and his nurse in the bedchamber. So Jehoshabeath, the daughter of king Yoram, the wife of Yehoyada the priest (for she was the sister of Ahaziah), hid him from Athaliah, so that she didn't kill him.
2 Chronicles 23:3	OT	2 Chronicles	yes	no	yes	All the assembly made a covenant with the king in the house of Elohim. He said to them, Behold, the king's son shall reign, as YHWH has spoken concerning the sons of Dawid.	They went about in Yehudah, and gathered the Levites out of all the cities of Yehudah, and the heads of fathers' [houses] of Israel, and they came to Yerushalayim.
2 Chronicles 23:14	OT	2 Chronicles	yes	no	no	Yehoyada the priest brought out the captains of hundreds who were set over the army, and said to them, Have her forth between the ranks; and whoever follows her, let him be slain with the sword: for the priest said, Don't kill her in the house of YHWH.	and she looked, and, behold, the king stood by his pillar at the entrance, and the captains and the trumpets by the king; and all the people of the land rejoiced, and blew trumpets; the singers also [played] on instruments of music, and led the singing of praise. Then Athaliah tore her clothes, and said, Treason! treason!
2 Chronicles 23:16	OT	2 Chronicles	yes	no	no	Yehoyada made a covenant between himself, and all the people, and the king, that they should be YHWH's people.	So they made way for her; and she went to the entrance of the horse gate to the king's house: and they killed her there.
2 Chronicles 23:20	OT	2 Chronicles	yes	yes	no	He took the captains of hundreds, and the nobles, and the governors of the people, and all the people of the land, and brought down the king from the house of YHWH: and they came through the upper gate to the king's house, and set the king on the throne of the kingdom.	They set the porters at the gates of the house of YHWH, that no one who was unclean in anything should enter in.
2 Chronicles 24:5	OT	2 Chronicles	yes	yes	no	He gathered together the priests and the Levites, and said to them, Go out to the cities of Yehudah, and gather of all Israel money to repair the house of your God from year to year; and see that you hasten the matter. However the Levites didn't hurry.	It happened after this, that Yoash was minded to restore the house of YHWH.
2 Chronicles 24:6	OT	2 Chronicles	yes	no	no	The king called for Yehoyada the chief, and said to him, Why haven't you required of the Levites to bring in out of Yehudah and out of Yerushalayim the tax of Moshe the servant of YHWH, and of the assembly of Israel, for the tent of the testimony?	He gathered together the priests and the Levites, and said to them, Go out to the cities of Yehudah, and gather of all Israel money to repair the house of your God from year to year; and see that you hasten the matter. However the Levites didn't hurry.
2 Chronicles 24:16	OT	2 Chronicles	yes	no	no	They buried him in the city of Dawid among the kings, because he had done good in Israel, and toward Elohim and Elohim’s house.	But Yehoyada grew old and was full of days, and he died; one hundred thirty years old was he when he died.
2 Chronicles 24:19	OT	2 Chronicles	yes	no	no	Yet he sent prophets to them, to bring them again to YHWH; and they testified against them: but they would not give ear.	They forsook the house of YHWH, the God of their fathers, and served the Asherim and the idols: and wrath came on Yehudah and Yerushalayim for this their guiltiness.
2 Chronicles 24:20	OT	2 Chronicles	yes	no	no	The Ruach of Elohim came on Zekharyah the son of Yehoyada the priest; and he stood above the people, and said to them, Thus says Elohim, Why disobey you the commandments of YHWH, so that you can't prosper? because you have forsaken YHWH, YHWH has also forsaken you.	Yet he sent prophets to them, to bring them again to YHWH; and they testified against them: but they would not give ear.
2 Chronicles 24:21	OT	2 Chronicles	yes	no	no	They conspired against him, and stoned him with stones at the commandment of the king in the court of the house of YHWH.	The Ruach of Elohim came on Zekharyah the son of Yehoyada the priest; and he stood above the people, and said to them, Thus says Elohim, Why disobey you the commandments of YHWH, so that you can't prosper? because you have forsaken YHWH, YHWH has also forsaken you.
2 Chronicles 24:22	OT	2 Chronicles	yes	no	no	Thus Yoash the king didn't remember the kindness which Yehoyada his father had done to him, but killed his son. When he died, he said, YHWH look on it, and require it.	They conspired against him, and stoned him with stones at the commandment of the king in the court of the house of YHWH.
2 Chronicles 24:27	OT	2 Chronicles	yes	no	yes	Now concerning his sons, and the greatness of the burdens [laid] on him, and the rebuilding of the house of Elohim, behold, they are written in the commentary of the book of the kings. Amaziah his son reigned in his place.	These are those who conspired against him: Zabad the son of Shimeath the Ammonitess, and Jehozabad the son of Shimrith the Moabitess.
2 Chronicles 25:2	OT	2 Chronicles	yes	no	no	He did that which was right in the eyes of YHWH, but not with a perfect heart.	Amaziah was twenty-five years old when he began to reign; and he reigned twenty-nine years in Yerushalayim: and his mother's name was Jehoaddan, of Yerushalayim.
2 Chronicles 25:4	OT	2 Chronicles	yes	no	no	But he didn't put their children to death, but did according to that which is written in the law in the book of Moshe, as YHWH commanded, saying, The fathers shall not die for the children, neither shall the children die for the fathers; but everyone shall die for their own sin.	Now it happened, when the kingdom was established to him, that he killed his servants who had killed the king his father.
2 Chronicles 25:7	OT	2 Chronicles	yes	no	no	But there came a person of Elohim to him, saying, O king, don't let the army of Israel go with you; for YHWH is not with Israel, [to wit], with all the children of Efrayim.	He hired also one hundred thousand mighty men of valor out of Israel for one hundred talents of silver.
2 Chronicles 25:15	OT	2 Chronicles	yes	no	yes	Therefore the anger of YHWH was kindled against Amaziah, and he sent to him a prophet, who said to him, Why have you sought after the gods of the people, which have not delivered their own people out of your hand?	Now it happened, after that Amaziah was come from the slaughter of the Edomites, that he brought the gods of the children of Seir, and set them up to be his gods, and bowed down himself before them, and burned incense to them.
2 Chronicles 25:16	OT	2 Chronicles	yes	no	no	It happened, as he talked with him, that [the king] said to him, Have we made you of the king's counsel? Stop! Why should you be struck down? Then the prophet stopped, and said, I know that Elohim has determined to destroy you, because you have done this, and have not listened to my counsel.	Therefore the anger of YHWH was kindled against Amaziah, and he sent to him a prophet, who said to him, Why have you sought after the gods of the people, which have not delivered their own people out of your hand?
2 Chronicles 25:24	OT	2 Chronicles	yes	no	no	[He took] all the gold and silver, and all the vessels that were found in the house of Elohim with Oved-Edom, and the treasures of the king's house, the hostages also, and returned to Shomron.	Yoash king of Israel took Amaziah king of Yehudah, the son of Yoash the son of Jehoahaz, at Beit Shemesh, and brought him to Yerushalayim, and broke down the wall of Yerushalayim from the gate of Efrayim to the corner gate, four hundred cubits.
2 Chronicles 25:27	OT	2 Chronicles	yes	no	yes	Now from the time that Amaziah did turn away from following YHWH they made a conspiracy against him in Yerushalayim; and he fled to Lachish: but they sent after him to Lachish, and killed him there.	Now the rest of the acts of Amaziah, first and last, behold, aren't they written in the book of the kings of Yehudah and Israel?
2 Chronicles 26:4	OT	2 Chronicles	yes	no	yes	He did that which was right in the eyes of YHWH, according to all that his father Amaziah had done.	Sixteen years old was Uzziyah when he began to reign; and he reigned fifty-two years in Yerushalayim: and his mother's name was Jechiliah, of Yerushalayim.
2 Chronicles 26:5	OT	2 Chronicles	yes	yes	no	He set himself to seek Elohim in the days of Zekharyah, who had understanding in the vision of Elohim: and as long as he sought YHWH, Elohim made him to prosper.	He did that which was right in the eyes of YHWH, according to all that his father Amaziah had done.
2 Chronicles 26:6	OT	2 Chronicles	no	yes	no	He went forth and warred against the Philistines, and broke down the wall of Gath, and the wall of Jabneh, and the wall of Ashdod; and he built cities in [the country of] Ashdod, and among the Philistines.	He set himself to seek Elohim in the days of Zekharyah, who had understanding in the vision of Elohim: and as long as he sought YHWH, Elohim made him to prosper.
2 Chronicles 26:7	OT	2 Chronicles	yes	no	no	Elohim helped him against the Philistines, and against the Arabians who lived in Gur Baal, and the Meunim.	He went forth and warred against the Philistines, and broke down the wall of Gath, and the wall of Jabneh, and the wall of Ashdod; and he built cities in [the country of] Ashdod, and among the Philistines.
2 Chronicles 26:16	OT	2 Chronicles	yes	no	yes	But when he was strong, his heart was lifted up, so that he did corruptly, and he trespassed against YHWH his God; for he went into the temple of YHWH to burn incense on the altar of incense.	He made in Yerushalayim engines, invented by skillful men, to be on the towers and on the battlements, with which to shoot arrows and great stones. His name spread far abroad; for he was marvelously helped, until he was strong.
2 Chronicles 26:17	OT	2 Chronicles	yes	no	yes	Azaryah the priest went in after him, and with him eighty priests of YHWH, who were valiant men:	But when he was strong, his heart was lifted up, so that he did corruptly, and he trespassed against YHWH his God; for he went into the temple of YHWH to burn incense on the altar of incense.
2 Chronicles 26:18	OT	2 Chronicles	yes	no	no	and they withstood Uzziyah the king, and said to him, It pertains not to you, Uzziyah, to burn incense to YHWH, but to the priests the sons of Aharon, who are consecrated to burn incense: go out of the sanctuary; for you have trespassed; neither shall it be for your honor from YHWH Elohim.	Azaryah the priest went in after him, and with him eighty priests of YHWH, who were valiant men:
2 Chronicles 26:19	OT	2 Chronicles	yes	no	no	Then Uzziyah was angry; and he had a censer in his hand to burn incense; and while he was angry with the priests, the leprosy broke forth in his forehead before the priests in the house of YHWH, beside the altar of incense.	and they withstood Uzziyah the king, and said to him, It pertains not to you, Uzziyah, to burn incense to YHWH, but to the priests the sons of Aharon, who are consecrated to burn incense: go out of the sanctuary; for you have trespassed; neither shall it be for your honor from YHWH Elohim.
2 Chronicles 26:20	OT	2 Chronicles	yes	no	no	Azaryah the chief priest, and all the priests, looked on him, and behold, he was leprous in his forehead, and they thrust him out quickly from there; yes, himself hurried also to go out, because YHWH had struck him.	Then Uzziyah was angry; and he had a censer in his hand to burn incense; and while he was angry with the priests, the leprosy broke forth in his forehead before the priests in the house of YHWH, beside the altar of incense.
2 Chronicles 26:21	OT	2 Chronicles	yes	no	no	Uzziyah the king was a leper to the day of his death, and lived in a separate house, being a leper; for he was cut off from the house of YHWH: and Yotam his son was over the king's house, judging the people of the land.	Azaryah the chief priest, and all the priests, looked on him, and behold, he was leprous in his forehead, and they thrust him out quickly from there; yes, himself hurried also to go out, because YHWH had struck him.
2 Chronicles 27:2	OT	2 Chronicles	yes	no	yes	He did that which was right in the eyes of YHWH, according to all that his father Uzziyah had done: however he didn't enter into the temple of YHWH. The people did yet corruptly.	Yotam was twenty-five years old when he began to reign; and he reigned sixteen years in Yerushalayim: and his mother's name was Jerushah the daughter of Tzadok.
2 Chronicles 27:3	OT	2 Chronicles	yes	yes	no	He built the upper gate of the house of YHWH, and on the wall of Ophel he built much.	He did that which was right in the eyes of YHWH, according to all that his father Uzziyah had done: however he didn't enter into the temple of YHWH. The people did yet corruptly.
2 Chronicles 27:6	OT	2 Chronicles	yes	no	no	So Yotam became mighty, because he ordered his ways before YHWH his God.	He fought also with the king of the children of Ammon, and prevailed against them. The children of Ammon gave him the same year one hundred talents of silver, and ten thousand measures of wheat, and ten thousand of barley. So much did the children of Ammon render to him, in the second year also, and in the third.
2 Chronicles 28:1	OT	2 Chronicles	yes	no	no	Achaz was twenty years old when he began to reign; and he reigned sixteen years in Yerushalayim: and he didn't do that which was right in the eyes of YHWH, like Dawid his father;	
2 Chronicles 28:3	OT	2 Chronicles	yes	no	no	Moreover he burnt incense in the valley of the son of Hinnom, and burnt his children in the fire, according to the abominations of the nations whom YHWH cast out before the children of Israel.	but he walked in the ways of the kings of Israel, and made also molten images for the Baals.
2 Chronicles 28:4	OT	2 Chronicles	no	yes	no	He sacrificed and burnt incense in the high places, and on the hills, and under every green tree.	Moreover he burnt incense in the valley of the son of Hinnom, and burnt his children in the fire, according to the abominations of the nations whom YHWH cast out before the children of Israel.
2 Chronicles 28:5	OT	2 Chronicles	yes	no	no	Therefore YHWH his God delivered him into the hand of the king of Aram; and they struck him, and carried away of his a great multitude of captives, and brought them to Dammeseq. He was also delivered into the hand of the king of Israel, who struck him with a great slaughter.	He sacrificed and burnt incense in the high places, and on the hills, and under every green tree.
2 Chronicles 28:9	OT	2 Chronicles	yes	no	yes	But a prophet of YHWH was there, whose name was Oded: and he went out to meet the army that came to Shomron, and said to them, Behold, because YHWH, the God of your fathers, was angry with Yehudah, he has delivered them into your hand, and you have slain them in a rage which has reached up to heavens.	The children of Israel carried away captive of their brothers two hundred thousand, women, sons, and daughters, and took also away much spoil from them, and brought the spoil to Shomron.
2 Chronicles 28:19	OT	2 Chronicles	yes	no	no	For YHWH brought Yehudah low because of Achaz king of Israel; for he had dealt wantonly in Yehudah, and trespassed severely against YHWH.	The Philistines also had invaded the cities of the lowland, and of the South of Yehudah, and had taken Beit Shemesh, and Aijalon, and Gederoth, and Soco with the towns of it, and Timnah with the towns of it, Gimzo also and the towns of it: and they lived there.
2 Chronicles 28:21	OT	2 Chronicles	yes	no	no	For Achaz took away a portion out of the house of YHWH, and out of the house of the king and of the princes, and gave it to the king of Ashur: but it didn't help him.	Tilgath Pilneser king of Ashur came to him, and distressed him, but didn't strengthen him.
2 Chronicles 28:22	OT	2 Chronicles	yes	no	no	In the time of his distress did he trespass yet more against YHWH, this same king Achaz.	For Achaz took away a portion out of the house of YHWH, and out of the house of the king and of the princes, and gave it to the king of Ashur: but it didn't help him.
2 Chronicles 28:24	OT	2 Chronicles	yes	no	yes	Achaz gathered together the vessels of the house of Elohim, and cut in pieces the vessels of the house of Elohim, and shut up the doors of the house of YHWH; and he made him altars in every corner of Yerushalayim.	For he sacrificed to the gods of Dammeseq, which struck him; and he said, Because the gods of the kings of Aram helped them, [therefore] will I sacrifice to them, that they may help me. But they were the ruin of him, and of all Israel.
2 Chronicles 28:25	OT	2 Chronicles	yes	no	no	In every city of Yehudah he made high places to burn incense to other gods, and provoked to anger YHWH, the God of his fathers.	Achaz gathered together the vessels of the house of Elohim, and cut in pieces the vessels of the house of Elohim, and shut up the doors of the house of YHWH; and he made him altars in every corner of Yerushalayim.
2 Chronicles 29:2	OT	2 Chronicles	yes	no	no	He did that which was right in the eyes of YHWH, according to all that Dawid his father had done.	Chizkiyahu began to reign when he was twenty-five years old; and he reigned twenty-nine years in Yerushalayim: and his mother's name was Aviyah, the daughter of Zekharyah.
2 Chronicles 29:3	OT	2 Chronicles	yes	yes	no	He in the first year of his reign, in the first month, opened the doors of the house of YHWH, and repaired them.	He did that which was right in the eyes of YHWH, according to all that Dawid his father had done.
2 Chronicles 29:4	OT	2 Chronicles	no	yes	no	He brought in the priests and the Levites, and gathered them together into the broad place on the east,	He in the first year of his reign, in the first month, opened the doors of the house of YHWH, and repaired them.
2 Chronicles 29:6	OT	2 Chronicles	yes	no	no	For our fathers have trespassed, and done what was broken in the sight of YHWH our God, and have forsaken him, and have turned away their faces from the habitation of YHWH, and turned their backs.	and said to them, Hear me, you Levites; now sanctify yourselves, and sanctify the house of YHWH, the God of your fathers, and carry forth the filthiness out of the holy place.
2 Chronicles 29:8	OT	2 Chronicles	yes	no	yes	Therefore the wrath of YHWH was on Yehudah and Yerushalayim, and he has delivered them to be tossed back and forth, to be an astonishment, and a hissing, as you see with your eyes.	Also they have shut up the doors of the porch, and put out the lamps, and have not burned incense nor offered burnt offerings in the holy place to the God of Israel.
2 Chronicles 29:11	OT	2 Chronicles	yes	no	no	My sons, don't be negligent now; for YHWH has chosen you to stand before him, to minister to him, and that you should be his ministers, and burn incense.	Now it is in my heart to make a covenant with YHWH, the God of Israel, that YHWH’s fierce anger may turn away from us.
2 Chronicles 29:19	OT	2 Chronicles	yes	no	no	Moreover all the vessels, which king Achaz in his reign did cast away when he trespassed, have we prepared and sanctified; and behold, they are before the altar of YHWH.	Then they went in to Chizkiyahu the king within [the palace], and said, We have cleansed all the house of YHWH, and the altar of burnt offering, with all the vessels of it, and the table of show bread, with all the vessels of it.
2 Chronicles 29:21	OT	2 Chronicles	yes	no	no	They brought seven bulls, and seven rams, and seven lambs, and seven male goats, for a sin offering for the kingdom and for the sanctuary and for Yehudah. He commanded the priests the sons of Aharon to offer them on the altar of YHWH.	Then Chizkiyahu the king arose early, and gathered the princes of the city, and went up to the house of YHWH.
2 Chronicles 29:25	OT	2 Chronicles	yes	no	yes	He set the Levites in the house of YHWH with cymbals, with stringed instruments, and with harps, according to the commandment of Dawid, and of Gad the king's seer, and Natan the prophet; for the commandment was of YHWH by his prophets.	and the priests killed them, and they made a sin offering with their blood on the altar, to make atonement for all Israel; for the king commanded [that] the burnt offering and the sin offering [should be made] for all Israel.
2 Chronicles 30:6	OT	2 Chronicles	yes	no	yes	So the posts went with the letters from the king and his princes throughout all Israel and Yehudah, and according to the commandment of the king, saying, You children of Israel, turn again to YHWH, the God of Avraham, Yitzhak, and Israel, that he may return to the remnant that have escaped of you out of the hand of the kings of Ashur.	So they established a decree to make proclamation throughout all Israel, from Be'er Sheva even to Dan, that they should come to keep the Passover to YHWH, the God of Israel, at Yerushalayim: for they had not kept it in great numbers in such sort as it is written.
2 Chronicles 30:19	OT	2 Chronicles	yes	no	no	who sets his heart to seek Elohim, YHWH, the God of his fathers, though not [cleansed] according to the purification of the sanctuary.	For a multitude of the people, even many of Efrayim and Menashe, Yissakhar and Zevulun, had not cleansed themselves, yet did they eat the Passover otherwise than it is written. For Chizkiyahu had prayed for them, saying, The good YHWH pardon everyone
2 Chronicles 31:3	OT	2 Chronicles	yes	yes	no	[He appointed] also the king's portion of his substance for the burnt offerings, [to wit], for the morning and evening burnt offerings, and the burnt offerings for the Sabbaths, and for the new moons, and for the set feasts, as it is written in the law of YHWH.	Chizkiyahu appointed the divisions of the priests and the Levites after their divisions, everyone according to their service, both the priests and the Levites, for burnt offerings and for peace offerings, to minister, and to give thanks, and to praise in the gates of the camp of YHWH.
2 Chronicles 31:4	OT	2 Chronicles	yes	no	no	Moreover he commanded the people who lived in Yerushalayim to give the portion of the priests and the Levites, that they might give themselves to the law of YHWH.	[He appointed] also the king's portion of his substance for the burnt offerings, [to wit], for the morning and evening burnt offerings, and the burnt offerings for the Sabbaths, and for the new moons, and for the set feasts, as it is written in the law of YHWH.
2 Chronicles 31:10	OT	2 Chronicles	yes	no	no	Azaryah the chief priest, of the house of Tzadok, answered him and said, Since [the people] began to bring the offerings into the house of YHWH, we have eaten and had enough, and have left plenty: for YHWH has blessed YHWH’s people; and that which is left is this great store.	Then Chizkiyahu questioned the priests and the Levites concerning the heaps.
2 Chronicles 31:13	OT	2 Chronicles	yes	no	no	Jehiel, and Azaziah, and Nahath, and Asahel, and Jerimoth, and Jozabad, and Eliel, and Ismachiah, and Mahath, and Benayahu, were overseers under the hand of Conaniah and Shimei his brother, by the appointment of Chizkiyahu the king, and Azaryah the ruler of the house of Elohim.	They brought in the offerings and the tithes and the dedicated things faithfully: and over them Conaniah the Levite was ruler, and Shimei his brother was second.
2 Chronicles 31:20	OT	2 Chronicles	yes	no	no	Thus did Chizkiyahu throughout all Yehudah; and he worked that which was good and right and faithful before YHWH his God.	Also for the sons of Aharon the priests, who were in the fields of the suburbs of their cities, in every city, there were people who were mentioned by name, to give portions to all the males among the priests, and to all who were reckoned by genealogy among the Levites.
2 Chronicles 31:21	OT	2 Chronicles	yes	no	yes	In every work that he began in the service of the house of Elohim, and in the law, and in the commandments, to seek his God, he did it with all his heart, and prospered.	Thus did Chizkiyahu throughout all Yehudah; and he worked that which was good and right and faithful before YHWH his God.
2 Chronicles 32:8	OT	2 Chronicles	yes	no	yes	with him is an arm of flesh; but with us is YHWH our God to help us, and to fight our battles. The people rested themselves on the words of Chizkiyahu king of Yehudah.	Be strong and of good courage, don't be afraid nor dismayed for the king of Ashur, nor for all the multitude who is with him; for there is a greater with us than with him:
2 Chronicles 32:14	OT	2 Chronicles	yes	no	no	Who was there among all the gods of those nations which my fathers utterly destroyed, that could deliver his people out of my hand, that your God should be able to deliver you out of my hand?	Don't you know what I and my fathers have done to all the peoples of the lands? Were the gods of the nations of the lands in any wise able to deliver their land out of my hand?
2 Chronicles 32:15	OT	2 Chronicles	yes	no	yes	Now therefore don't let Chizkiyahu deceive you, nor persuade you after this manner, neither believe you him; for no god of any nation or kingdom was able to deliver his people out of my hand, and out of the hand of my fathers: how much less shall your God deliver you out of my hand?	Who was there among all the gods of those nations which my fathers utterly destroyed, that could deliver his people out of my hand, that your God should be able to deliver you out of my hand?
2 Chronicles 32:16	OT	2 Chronicles	yes	yes	no	His servants spoke yet more against YHWH Elohim, and against YHWH’s servant Chizkiyahu.	Now therefore don't let Chizkiyahu deceive you, nor persuade you after this manner, neither believe you him; for no god of any nation or kingdom was able to deliver his people out of my hand, and out of the hand of my fathers: how much less shall your God deliver you out of my hand?
2 Chronicles 32:17	OT	2 Chronicles	yes	yes	no	He wrote also letters, to rail on YHWH, the God of Israel, and to speak against YHWH, saying, As the gods of the nations of the lands, which have not delivered their people out of my hand, so shall the God of Chizkiyahu not deliver YHWH’s people out of my hand.	His servants spoke yet more against YHWH Elohim, and against YHWH’s servant Chizkiyahu.
2 Chronicles 32:21	OT	2 Chronicles	yes	no	no	YHWH sent an angel, who cut off all the mighty men of valor, and the leaders and captains, in the camp of the king of Ashur. So he returned with shame of face to his own land. When he was come into the house of his god, those who came forth from his own bowels killed him there with the sword.	Chizkiyahu the king, and Yeshayahu the prophet the son of Amoz, prayed because of this, and cried to heavens.
2 Chronicles 32:23	OT	2 Chronicles	yes	no	no	Many brought gifts to YHWH to Yerushalayim, and precious things to Chizkiyahu king of Yehudah; so that he was exalted in the sight of all nations from thenceforth.	Thus YHWH saved Chizkiyahu and the inhabitants of Yerushalayim from the hand of Sennacherib the king of Ashur, and from the hand of all [others], and guided them on every side.
2 Chronicles 32:24	OT	2 Chronicles	yes	no	yes	In those days Chizkiyahu was sick even to death: and he prayed to YHWH; and he spoke to him, and gave him a sign.	Many brought gifts to YHWH to Yerushalayim, and precious things to Chizkiyahu king of Yehudah; so that he was exalted in the sight of all nations from thenceforth.
2 Chronicles 32:26	OT	2 Chronicles	yes	no	no	Notwithstanding Chizkiyahu humbled himself for the pride of his heart, both he and the inhabitants of Yerushalayim, so that the wrath of YHWH didn't come on them in the days of Chizkiyahu.	But Chizkiyahu didn't render again according to the benefit done to him; for his heart was lifted up: therefore there was wrath on him, and on Yehudah and Yerushalayim.
2 Chronicles 32:29	OT	2 Chronicles	yes	no	no	Moreover he provided him cities, and possessions of flocks and herds in abundance; for Elohim had given him very much substance.	storehouses also for the increase of grain and new wine and oil; and stalls for all manner of animals, and flocks in folds.
2 Chronicles 32:31	OT	2 Chronicles	yes	no	yes	However in [the business of] the ambassadors of the princes of Bavel, who sent to him to inquire of the wonder that was done in the land, Elohim left him, to try him, that he might know all that was in his heart.	This same Chizkiyahu also stopped the upper spring of the waters of Gihon, and brought them straight down on the west side of the city of Dawid. Chizkiyahu prospered in all his works.
2 Chronicles 33:2	OT	2 Chronicles	yes	no	no	He did what was broken in the sight of YHWH, after the abominations of the nations whom YHWH cast out before the children of Israel.	Menashe was twelve years old when he began to reign; and he reigned fifty-five years in Yerushalayim.
2 Chronicles 33:4	OT	2 Chronicles	yes	no	no	He built altars in the house of YHWH, of which YHWH said, In Yerushalayim shall my name be forever.	For he built again the high places which Chizkiyahu his father had broken down; and he reared up altars for the Baals, and made Asheroth, and worshiped all the army of the heavens, and served them.
2 Chronicles 33:5	OT	2 Chronicles	yes	yes	no	He built altars for all the army of the heavens in the two courts of the house of YHWH.	He built altars in the house of YHWH, of which YHWH said, In Yerushalayim shall my name be forever.
2 Chronicles 33:6	OT	2 Chronicles	yes	yes	yes	He also made his children to pass through the fire in the valley of the son of Hinnom; and he practiced sorcery, and used enchantments, and practiced sorcery, and dealt with those who had familiar spirits, and with wizards: he did much wrong in the sight of YHWH, to provoke him to anger.	He built altars for all the army of the heavens in the two courts of the house of YHWH.
2 Chronicles 33:7	OT	2 Chronicles	yes	yes	no	He set the engraved image of the idol, which he had made, in the house of Elohim, of which Elohim said to Dawid and to Shlomo his son, In this house, and in Yerushalayim, which I have chosen out of all the tribes of Israel, will I put my name forever:	He also made his children to pass through the fire in the valley of the son of Hinnom; and he practiced sorcery, and used enchantments, and practiced sorcery, and dealt with those who had familiar spirits, and with wizards: he did much wrong in the sight of YHWH, to provoke him to anger.
2 Chronicles 33:10	OT	2 Chronicles	yes	no	yes	YHWH spoke to Menashe, and to his people; but they gave no heed.	Menashe seduced Yehudah and the inhabitants of Yerushalayim, so that they did wrong more than did the nations whom YHWH destroyed before the children of Israel.
2 Chronicles 33:11	OT	2 Chronicles	yes	no	no	Therefore YHWH brought on them the captains of the army of the king of Ashur, who took Menashe in chains, and bound him with fetters, and carried him to Bavel.	YHWH spoke to Menashe, and to his people; but they gave no heed.
2 Chronicles 33:12	OT	2 Chronicles	yes	no	no	When he was in distress, he begged YHWH his God, and humbled himself greatly before the God of his fathers.	Therefore YHWH brought on them the captains of the army of the king of Ashur, who took Menashe in chains, and bound him with fetters, and carried him to Bavel.
2 Chronicles 33:13	OT	2 Chronicles	yes	yes	no	He prayed to him; and he was entreated of him, and heard his supplication, and brought him again to Yerushalayim into his kingdom. Then Menashe knew that YHWH was Elohim.	When he was in distress, he begged YHWH his God, and humbled himself greatly before the God of his fathers.
2 Chronicles 33:15	OT	2 Chronicles	yes	no	yes	He took away the foreign gods, and the idol out of the house of YHWH, and all the altars that he had built in the mountain of the house of YHWH, and in Yerushalayim, and cast them out of the city.	Now after this he built an outer wall to the city of Dawid, on the west side of Gihon, in the valley, even to the entrance at the fish gate; and he compassed Ophel about [with it], and raised it up to a very great height: and he put valiant captains in all the fortified cities of Yehudah.
2 Chronicles 33:16	OT	2 Chronicles	yes	yes	no	He built up the altar of YHWH, and offered thereon sacrifices of peace offerings and of thanksgiving, and commanded Yehudah to serve YHWH, the God of Israel.	He took away the foreign gods, and the idol out of the house of YHWH, and all the altars that he had built in the mountain of the house of YHWH, and in Yerushalayim, and cast them out of the city.
2 Chronicles 33:18	OT	2 Chronicles	yes	no	yes	Now the rest of the acts of Menashe, and his prayer to his God, and the words of the seers who spoke to him in the name of YHWH, the God of Israel, behold, they are written among the acts of the kings of Israel.	Nevertheless the people sacrificed still in the high places, but only to YHWH their God.
2 Chronicles 33:19	OT	2 Chronicles	yes	yes	yes	His prayer also, and how [Elohim] was entreated of him, and all his sin and his trespass, and the places in which he built high places, and set up the Asherim and the engraved images, before he humbled himself: behold, they are written in the history of Hozai.	Now the rest of the acts of Menashe, and his prayer to his God, and the words of the seers who spoke to him in the name of YHWH, the God of Israel, behold, they are written among the acts of the kings of Israel.
2 Chronicles 33:22	OT	2 Chronicles	yes	no	no	He did what was broken in the sight of YHWH, as did Menashe his father; and Amon sacrificed to all the engraved images which Menashe his father had made, and served them.	Amon was twenty-two years old when he began to reign; and he reigned two years in Yerushalayim.
2 Chronicles 33:23	OT	2 Chronicles	yes	yes	no	He didn't humble himself before YHWH, as Menashe his father had humbled himself; but this same Amon trespassed more and more.	He did what was broken in the sight of YHWH, as did Menashe his father; and Amon sacrificed to all the engraved images which Menashe his father had made, and served them.
2 Chronicles 33:24	OT	2 Chronicles	no	yes	no	His servants conspired against him, and put him to death in his own house.	He didn't humble himself before YHWH, as Menashe his father had humbled himself; but this same Amon trespassed more and more.
2 Chronicles 34:2	OT	2 Chronicles	yes	no	no	He did that which was right in the eyes of YHWH, and walked in the ways of Dawid his father, and didn't turn aside to the right hand or to the left.	Yoshiyahu was eight years old when he began to reign; and he reigned thirty-one years in Yerushalayim.
2 Chronicles 34:3	OT	2 Chronicles	yes	no	no	For in the eighth year of his reign, while he was yet young, he began to seek after the God of Dawid his father; and in the twelfth year he began to purge Yehudah and Yerushalayim from the high places, and the Asherim, and the engraved images, and the molten images.	He did that which was right in the eyes of YHWH, and walked in the ways of Dawid his father, and didn't turn aside to the right hand or to the left.
2 Chronicles 34:8	OT	2 Chronicles	yes	no	no	Now in the eighteenth year of his reign, when he had purged the land and the house, he sent Shaphan the son of Azaliah, and Maaseiah the governor of the city, and Joah the son of Joahaz the recorder, to repair the house of YHWH his God.	He broke down the altars, and beat the Asherim and the engraved images into powder, and hewed down all the incense altars throughout all the land of Israel, and returned to Yerushalayim.
2 Chronicles 34:26	OT	2 Chronicles	yes	no	yes	But to the king of Yehudah, who sent you to inquire of YHWH, thus shall you tell him, Thus says YHWH, the God of Israel: As touching the words which you have heard,	Because they have forsaken me, and have burned incense to other gods, that they might provoke me to anger with all the works of their hands; therefore is my wrath poured out on this place, and it shall not be quenched.
2 Chronicles 34:27	OT	2 Chronicles	yes	no	no	because your heart was tender, and you did humble yourself before Elohim, when you heard his words against this place, and against the inhabitants of it, and have humbled yourself before me, and have torn your clothes, and wept before me; I also have heard you, says YHWH.	But to the king of Yehudah, who sent you to inquire of YHWH, thus shall you tell him, Thus says YHWH, the God of Israel: As touching the words which you have heard,
2 Chronicles 34:30	OT	2 Chronicles	yes	no	no	The king went up to the house of YHWH, and all the people of Yehudah and the inhabitants of Yerushalayim, and the priests, and the Levites, and all the people, both great and small: and he read in their ears all the words of the book of the covenant that was found in the house of YHWH.	Then the king sent and gathered together all the elders of Yehudah and Yerushalayim.
2 Chronicles 34:31	OT	2 Chronicles	yes	no	yes	The king stood in his place, and made a covenant before YHWH, to walk after YHWH, and to keep YHWH’s commandments, and YHWH’s testimonies, and YHWH’s statutes, with all his heart, and with all his soul, to perform the words of the covenant that were written in this book.	The king went up to the house of YHWH, and all the people of Yehudah and the inhabitants of Yerushalayim, and the priests, and the Levites, and all the people, both great and small: and he read in their ears all the words of the book of the covenant that was found in the house of YHWH.
2 Chronicles 34:32	OT	2 Chronicles	yes	yes	no	He caused all who were found in Yerushalayim and Binyamin to stand [to it]. The inhabitants of Yerushalayim did according to the covenant of Elohim, the God of their fathers.	The king stood in his place, and made a covenant before YHWH, to walk after YHWH, and to keep YHWH’s commandments, and YHWH’s testimonies, and YHWH’s statutes, with all his heart, and with all his soul, to perform the words of the covenant that were written in this book.
2 Chronicles 34:33	OT	2 Chronicles	yes	no	no	Yoshiyahu took away all the abominations out of all the countries that pertained to the children of Israel, and made all who were found in Israel to serve, even to serve YHWH their God. All his days they didn't depart from following YHWH, the God of their fathers.	He caused all who were found in Yerushalayim and Binyamin to stand [to it]. The inhabitants of Yerushalayim did according to the covenant of Elohim, the God of their fathers.
2 Chronicles 35:2	OT	2 Chronicles	yes	yes	no	He set the priests in their offices, and encouraged them to the service of the house of YHWH.	Yoshiyahu kept a Passover to YHWH in Yerushalayim: and they killed the Passover on the fourteenth [day] of the first month.
2 Chronicles 35:3	OT	2 Chronicles	yes	yes	no	He said to the Levites who taught all Israel, who were holy to YHWH, Put the holy ark in the house which Shlomo the son of Dawid king of Israel did build; there shall no more be a burden on your shoulders: now serve YHWH your God, and YHWH’s people Israel.	He set the priests in their offices, and encouraged them to the service of the house of YHWH.
2 Chronicles 35:8	OT	2 Chronicles	yes	no	no	His princes gave for a freewill offering to the people, to the priests, and to the Levites. Hilkiah and Zekharyah and Jehiel, the rulers of the house of Elohim, gave to the priests for the Passover offerings two thousand and six hundred [small livestock], and three hundred oxen.	Yoshiyahu gave to the children of the people, of the flock, lambs and kids, all of them for the Passover offerings, to all who were present, to the number of thirty thousand, and three thousand bulls: these were of the king's substance.
2 Chronicles 35:21	OT	2 Chronicles	yes	no	no	But he sent ambassadors to him, saying, What have I to do with you, you king of Yehudah? [I come] not against you this day, but against the house with which I have war; and Elohim has commanded me to make haste: forbear you from [meddling with] Elohim, who is with me, that Elohim not destroy you.	After all this, when Yoshiyahu had prepared the temple, Neco king of Mitzrayim went up to fight against Carchemish by the Perat: and Yoshiyahu went out against him.
2 Chronicles 35:22	OT	2 Chronicles	yes	no	no	Nevertheless Yoshiyahu would not turn his face from him, but disguised himself, that he might fight with him, and didn't listen to the words of Neco from the mouth of Elohim, and came to fight in the valley of Megiddo.	But he sent ambassadors to him, saying, What have I to do with you, you king of Yehudah? [I come] not against you this day, but against the house with which I have war; and Elohim has commanded me to make haste: forbear you from [meddling with] Elohim, who is with me, that Elohim not destroy you.
2 Chronicles 35:26	OT	2 Chronicles	yes	no	no	Now the rest of the acts of Yoshiyahu, and his good deeds, according to that which is written in the law of YHWH,	Yirmeyahu lamented for Yoshiyahu: and all the singing men and singing women spoke of Yoshiyahu in their lamentations to this day; and they made them an ordinance in Israel: and behold, they are written in the lamentations.
2 Chronicles 36:5	OT	2 Chronicles	yes	no	no	Jehoiakim was Twenty-five years old when he began to reign; and he reigned eleven years in Yerushalayim: and he did what was broken in the sight of YHWH his God.	The king of Mitzrayim made Eliakim his brother king over Yehudah and Yerushalayim, and changed his name to Jehoiakim. Neco took Joahaz his brother, and carried him to Mitzrayim.
2 Chronicles 36:7	OT	2 Chronicles	yes	no	yes	Nebuchadnezzar also carried of the vessels of the house of YHWH to Bavel, and put them in his temple at Bavel.	Against him came up Nebuchadnezzar king of Bavel, and bound him in fetters, to carry him to Bavel.
2 Chronicles 36:9	OT	2 Chronicles	yes	no	no	Jehoiachin was eight years old when he began to reign; and he reigned three months and ten days in Yerushalayim: and he did what was broken in the sight of YHWH.	Now the rest of the acts of Jehoiakim, and his abominations which he did, and that which was found in him, behold, they are written in the book of the kings of Israel and Yehudah: and Jehoiachin his son reigned in his place.
2 Chronicles 36:10	OT	2 Chronicles	yes	no	no	At the return of the year king Nebuchadnezzar sent, and brought him to Bavel, with the goodly vessels of the house of YHWH, and made Tzidkiyahu his brother king over Yehudah and Yerushalayim.	Jehoiachin was eight years old when he began to reign; and he reigned three months and ten days in Yerushalayim: and he did what was broken in the sight of YHWH.
2 Chronicles 36:12	OT	2 Chronicles	yes	no	yes	and he did what was broken in the sight of YHWH his God; he didn't humble himself before Yirmeyahu the prophet [speaking] from the mouth of YHWH.	Tzidkiyahu was twenty-one years old when he began to reign; and he reigned eleven years in Yerushalayim:
2 Chronicles 36:13	OT	2 Chronicles	yes	yes	yes	He also rebelled against king Nebuchadnezzar, who had made him swear by Elohim: but he stiffened his neck, and hardened his heart against turning to YHWH, the God of Israel.	and he did what was broken in the sight of YHWH his God; he didn't humble himself before Yirmeyahu the prophet [speaking] from the mouth of YHWH.
2 Chronicles 36:18	OT	2 Chronicles	yes	no	no	All the vessels of the house of Elohim, great and small, and the treasures of the house of YHWH, and the treasures of the king, and of his princes, all these he brought to Bavel.	Therefore he brought on them the king of the Chaldeans, who killed their young people with the sword in the house of their sanctuary, and had no compassion on young person or virgin, old man or gray-headed: he gave them all into his hand.
2 Chronicles 36:20	OT	2 Chronicles	no	yes	no	He carried those who had escaped from the sword away to Bavel; and they were servants to him and his sons until the reign of the kingdom of Paras:	They burnt the house of Elohim, and broke down the wall of Yerushalayim, and burnt all the palaces of it with fire, and destroyed all the goodly vessels of it.
2 Chronicles 36:22	OT	2 Chronicles	yes	no	no	Now in the first year of Cyrus king of Paras, that the word of YHWH by the mouth of Yirmeyahu might be accomplished, YHWH stirred up the spirit of Cyrus king of Paras, so that he made a proclamation throughout all his kingdom, and [put it] also in writing, saying,	to fulfill the word of YHWH by the mouth of Yirmeyahu, until the land had enjoyed its Sabbaths: [for] as long as it lay desolate it kept Sabbath, to fulfill seventy years.
2 Chronicles 36:23	OT	2 Chronicles	yes	no	yes	Thus says Cyrus king of Paras, All the kingdoms of the earth has YHWH, the God of heavens, given me; and he has charged me to build him a house in Yerushalayim, which is in Yehudah. Whoever there is among you of all their people, YHWH their God be with him, and let him go up.	Now in the first year of Cyrus king of Paras, that the word of YHWH by the mouth of Yirmeyahu might be accomplished, YHWH stirred up the spirit of Cyrus king of Paras, so that he made a proclamation throughout all his kingdom, and [put it] also in writing, saying,
Ezra 1:1	OT	Ezra	yes	no	no	Now in the first year of Cyrus king of Paras, that the word of YHWH by the mouth of Yirmeyahu might be accomplished, YHWH stirred up the spirit of Cyrus king of Paras, so that he made a proclamation throughout all his kingdom, and [put it] also in writing, saying,	
Ezra 1:2	OT	Ezra	yes	no	yes	Thus says Cyrus king of Paras, All the kingdoms of the earth has YHWH, the God of heavens, given me; and he has charged me to build him a house in Yerushalayim, which is in Yehudah.	Now in the first year of Cyrus king of Paras, that the word of YHWH by the mouth of Yirmeyahu might be accomplished, YHWH stirred up the spirit of Cyrus king of Paras, so that he made a proclamation throughout all his kingdom, and [put it] also in writing, saying,
Ezra 1:3	OT	Ezra	yes	no	no	Whoever there is among you of all their people, their God be with him, and let him go up to Yerushalayim, which is in Yehudah, and build the house of YHWH, the God of Israel (they are Elohim), which is in Yerushalayim.	Thus says Cyrus king of Paras, All the kingdoms of the earth has YHWH, the God of heavens, given me; and he has charged me to build him a house in Yerushalayim, which is in Yehudah.
Ezra 1:4	OT	Ezra	yes	no	no	Whoever is left, in any place where they sojourns, let the men of their place help him with silver, and with gold, and with goods, and with animals, besides the freewill offering for the house of Elohim which is in Yerushalayim.	Whoever there is among you of all their people, their God be with him, and let him go up to Yerushalayim, which is in Yehudah, and build the house of YHWH, the God of Israel (they are Elohim), which is in Yerushalayim.
Ezra 1:7	OT	Ezra	yes	no	no	Also Cyrus the king brought forth the vessels of the house of YHWH, which Nebuchadnezzar had brought forth out of Yerushalayim, and had put in the house of his gods;	All those who were round about them strengthened their hands with vessels of silver, with gold, with goods, and with animals, and with precious things, besides all that was willingly offered.
Ezra 3:9	OT	Ezra	yes	no	no	Then stood Jeshua with his sons and his brothers, Kadmiel and his sons, the sons of Yehudah, together, to have the oversight of the workmen in the house of Elohim: the sons of Henadad, with their sons and their brothers the Levites.	Now in the second year of their coming to the house of Elohim at Yerushalayim, in the second month, began Zerubavel the son of She'altiel, and Jeshua the son of Jozadak, and the rest of their brothers the priests and the Levites, and all those who were come out of the captivity to Yerushalayim, and appointed the Levites, from twenty years old and upward, to have the oversight of the work of the house of YHWH.
Ezra 4:2	OT	Ezra	yes	no	no	then they drew near to Zerubavel, and to the heads of fathers' [houses], and said to them, Let us build with you; for we seek your God, as you do; and we sacrifice to him since the days of Esar Haddon king of Ashur, who brought us up here.	Now when the adversaries of Yehudah and Binyamin heard that the children of the captivity were building a temple to YHWH, the God of Israel;
Ezra 5:14	OT	Ezra	yes	no	no	The gold and silver vessels also of the house of Elohim, which Nebuchadnezzar took out of the temple that was in Yerushalayim, and brought into the temple of Bavel, those did Cyrus the king take out of the temple of Bavel, and they were delivered to one whose name was Sheshbazzar, whom he had made governor;	But in the first year of Cyrus king of Bavel, Cyrus the king made a decree to build this house of Elohim.
Ezra 5:15	OT	Ezra	yes	no	no	and he said to him, Take these vessels, go, put them in the temple that is in Yerushalayim, and let the house of Elohim be built in its place.	The gold and silver vessels also of the house of Elohim, which Nebuchadnezzar took out of the temple that was in Yerushalayim, and brought into the temple of Bavel, those did Cyrus the king take out of the temple of Bavel, and they were delivered to one whose name was Sheshbazzar, whom he had made governor;
Ezra 5:17	OT	Ezra	yes	no	no	Now therefore, if it seem good to the king, let there be search made in the king's treasure house, which is there at Bavel, whether it be so, that a decree was made of Cyrus the king to build this house of Elohim at Yerushalayim; and let the king send his pleasure to us concerning this matter.	Then came the same Sheshbazzar, and laid the foundations of the house of Elohim which is in Yerushalayim: and since that time even until now has it been in building, and yet it is not completed.
Ezra 6:10	OT	Ezra	yes	no	no	that they may offer sacrifices of sweet savor to the God of heavens, and pray for the life of the king, and of his sons.	That which they have need of, both young bulls, and rams, and lambs, for burnt offerings to the God of heavens; [also] wheat, salt, wine, and oil, according to the word of the priests who are at Yerushalayim, let it be given them day by day without fail;
Ezra 7:6	OT	Ezra	yes	no	yes	this Ezra went up from Bavel: and he was a ready scribe in the law of Moshe, which YHWH, the God of Israel, had given; and the king granted him all his request, according to the hand of YHWH his God on him.	the son of Abishua, the son of Pinchas, the son of Eleazar, the son of Aharon the chief priest;
Ezra 7:9	OT	Ezra	yes	no	no	For on the first [day] of the first month began he to go up from Bavel; and on the first [day] of the fifth month came he to Yerushalayim, according to the good hand of his God on him.	He came to Yerushalayim in the fifth month, which was in the seventh year of the king.
Ezra 7:10	OT	Ezra	yes	no	no	For Ezra had set his heart to seek the law of YHWH, and to do it, and to teach in Israel statutes and ordinances.	For on the first [day] of the first month began he to go up from Bavel; and on the first [day] of the fifth month came he to Yerushalayim, according to the good hand of his God on him.
Ezra 7:14	OT	Ezra	yes	no	no	Because you are sent of the king and his seven counselors, to inquire concerning Yehudah and Yerushalayim, according to the law of your God which is in your hand,	I make a decree, that all those of the people of Israel, and their priests and the Levites, in my realm, who are minded of their own free will to go to Yerushalayim, go with you.
Ezra 7:15	OT	Ezra	yes	no	no	and to carry the silver and gold, which the king and his counselors have freely offered to the God of Israel, whose habitation is in Yerushalayim,	Because you are sent of the king and his seven counselors, to inquire concerning Yehudah and Yerushalayim, according to the law of your God which is in your hand,
Ezra 7:23	OT	Ezra	yes	no	no	Whatever is commanded by the God of heavens, let it be done exactly for the house of the God of heavens; for why should there be wrath against the realm of the king and his sons?	to one hundred talents of silver, and to one hundred measures of wheat, and to one hundred baths of wine, and to one hundred baths of oil, and salt without prescribing how much.
Ezra 7:26	OT	Ezra	yes	no	no	Whoever will not do the law of your God, and the law of the king, let judgment be executed on him with all diligence, whether it be to death, or to banishment, or to confiscation of goods, or to imprisonment.	You, Ezra, after the wisdom of your God who is in your hand, appoint magistrates and judges, who may judge all the people who are beyond the River, all such as know the laws of your God; and teach you the one who doesn't know them.
Ezra 7:28	OT	Ezra	yes	no	no	and has extended loving kindness to me before the king, and his counselors, and before all the king's mighty princes. I was strengthened according to the hand of YHWH my God on me, and I gathered together out of Israel chief men to go up with me.	Blessed be YHWH, the God of our fathers, who has put such a thing as this in the king's heart, to beautify the house of YHWH which is in Yerushalayim;
Ezra 8:17	OT	Ezra	yes	no	no	I sent them forth to Iddo the chief at the place Casiphia; and I told them what they should tell Iddo, [and] his brothers the Nethinim, at the place Casiphia, that they should bring to us ministers for the house of our God.	Then sent I for Eliezer, for Ariel, for Shemaiah, and for Elnathan, and for Jarib, and for Elnathan, and for Natan, and for Zekharyah, and for Meshullam, chief men; also for Joiarib, and for Elnathan, who were teachers.
Ezra 8:18	OT	Ezra	yes	no	no	According to the good hand of our God on us they brought us a person of discretion, of the sons of Mahli, the son of Levi, the son of Israel; and Sherebiah, with his sons and his brothers, eighteen;	I sent them forth to Iddo the chief at the place Casiphia; and I told them what they should tell Iddo, [and] his brothers the Nethinim, at the place Casiphia, that they should bring to us ministers for the house of our God.
Ezra 8:21	OT	Ezra	yes	no	no	Then I proclaimed a fast there, at the river Ahava, that we might humble ourselves before our God, to seek of him a straight way for us, and for our little ones, and for all our substance.	and of the Nethinim, whom Dawid and the princes had given for the service of the Levites, two hundred and twenty Nethinim: all of them were mentioned by name.
Ezra 8:22	OT	Ezra	yes	no	yes	For I was ashamed to ask of the king a band of soldiers and horsemen to help us against the enemy in the way, because we had spoken to the king, saying, The hand of our God is on all those who seek him, for good; but his power and his wrath is against all those who forsake him.	Then I proclaimed a fast there, at the river Ahava, that we might humble ourselves before our God, to seek of him a straight way for us, and for our little ones, and for all our substance.
Ezra 8:23	OT	Ezra	yes	no	yes	So we fasted and begged our God for this: and he was entreated of us.	For I was ashamed to ask of the king a band of soldiers and horsemen to help us against the enemy in the way, because we had spoken to the king, saying, The hand of our God is on all those who seek him, for good; but his power and his wrath is against all those who forsake him.
Ezra 8:25	OT	Ezra	yes	no	no	and weighed to them the silver, and the gold, and the vessels, even the offering for the house of our God, which the king, and his counselors, and his princes, and all Israel there present, had offered:	Then I set apart twelve of the chiefs of the priests, even Sherebiah, Hashabiah, and ten of their brothers with them,
Ezra 8:33	OT	Ezra	yes	no	no	On the fourth day the silver and the gold and the vessels were weighed in the house of our God into the hand of Meremoth the son of Uriyah the priest; and with him was Eleazar the son of Pinchas; and with them was Jozabad the son of Jeshua, and Noadiah the son of Binnui, the Levite;	We came to Yerushalayim, and abode there three days.
Ezra 9:8	OT	Ezra	yes	no	yes	Now for a little moment grace has been shown from YHWH our God, to leave us a remnant to escape, and to give us a nail in his holy place, that our God may lighten our eyes, and give us a little reviving in our bondage.	Since the days of our fathers we have been exceeding guilty to this day; and for our iniquities have we, our kings, and our priests, been delivered into the hand of the kings of the lands, to the sword, to captivity, and to plunder, and to confusion of face, as it is this day.
Ezra 10:1	OT	Ezra	yes	no	no	Now while Ezra prayed and made confession, weeping and casting himself down before the house of Elohim, there was gathered together to him out of Israel a very great assembly of people and women and children; for the people wept very sore.	
Ezra 10:6	OT	Ezra	yes	no	no	Then Ezra rose up from before the house of Elohim, and went into the chamber of Jehohanan the son of Eliashib: and [when] he came there, he ate no bread, nor drank water; for he mourned because of the trespass of them of the captivity.	Then arose Ezra, and made the chiefs of the priests, the Levites, and all Israel, to swear that they would do according to this word. So they swore.
Nehemiah 1:11	OT	Nehemiah	yes	no	no	YHWH, I beg you, let now your ear be attentive to the prayer of your servant, and to the prayer of your servants, who delight to revere your name; and please prosper your servant this day, and grant him mercy in the sight of this man. Now I was cup bearer to the king.	Now these are your servants and your people, whom you have redeemed by your great power, and by your strong hand.
Nehemiah 2:8	OT	Nehemiah	yes	no	no	and a letter to Asaph the keeper of the king's forest, that he may give me timber to make beams for the gates of the castle which appertains to the house, and for the wall of the city, and for the house that I shall enter into. The king granted me, according to the good hand of my God on me.	Moreover I said to the king, If it please the king, let letters be given me to the governors beyond the River, that they may let me pass through until I come to Yehudah;
Nehemiah 2:18	OT	Nehemiah	yes	no	no	I told them of the hand of my God which was good on me, as also of the king's words that he had spoken to me. They said, Let us rise up and build. So they strengthened their hands for the good [work].	Then said I to them, You see the trouble that we are in, how Yerushalayim lies waste, and the gates of it are burned with fire: come, and let us build up the wall of Yerushalayim, that we be no more a reproach.
Nehemiah 5:13	OT	Nehemiah	yes	no	no	Also I shook out my lap, and said, So Elohim shake out everyone from their house, and from their labor, that doesn't perform this promise; even thus be he shaken out, and emptied. All the assembly said, Amen, and praised YHWH. The people did according to this promise.	Then said they, We will restore them, and will require nothing of them; so will we do, even as you say. Then I called the priests, and took an oath of them, that they would do according to this promise.
Nehemiah 6:10	OT	Nehemiah	yes	no	no	I went to the house of Shemaiah the son of Delaiah the son of Mehetabel, who was shut up; and he said, Let us meet together in the house of Elohim, within the temple, and let us shut the doors of the temple: for they will come to kill you; yes, in the night will they come to kill you.	For they all would have made us afraid, saying, Their hands shall be weakened from the work, that it not be done. But now, [Elohim], strengthen you my hands.
Nehemiah 6:12	OT	Nehemiah	yes	no	no	I discerned, and behold, Elohim had not sent him; but he pronounced this prophecy against me: and Tobiah and Sanballat had hired him.	I said, Should such a person as I flee? and who is there that, being such as I, would go into the temple to save his life? I will not go in.
Nehemiah 7:2	OT	Nehemiah	yes	no	no	that I gave my brother Hanani, and Hananiah the governor of the castle, charge over Yerushalayim; for he was a faithful man, and revered God above many.	Now it happened, when the wall was built, and I had set up the doors, and the porters and the singers and the Levites were appointed,
Nehemiah 8:10	OT	Nehemiah	yes	no	no	Then he said to them, Go your way, eat the fat, and drink the sweet, and send portions to him for whom nothing is prepared; for this day is holy to our YHWH. Don't be grieved; for the joy of YHWH is your strength.	Nechemyah, who was the governor, and Ezra the priest the scribe, and the Levites who taught the people, said to all the people, This day is holy to YHWH your God; don't mourn, nor weep. For all the people wept, when they heard the words of the law.
Nehemiah 8:18	OT	Nehemiah	yes	no	no	Also day by day, from the first day to the last day, he read in the book of the law of Elohim. They kept the feast seven days; and on the eighth day was a solemn assembly, according to the ordinance.	All the assembly of those who were come again out of the captivity made booths, and lived in the booths; for since the days of Jeshua the son of Nun to that day the children of Israel had not done so. There was very great gladness.
Nehemiah 9:7	OT	Nehemiah	yes	no	no	You are YHWH the Elohim, who did choose Avram, and brought him forth out of Ur of the Chaldees, and gave him the name of Avraham,	You are YHWH, even you alone; you have made heavens, the heavens of heavens, with all their army, the earth and all things that are thereon, the seas and all that is in them, and you preserve them all; and the army of heavens worships you.
Nehemiah 12:45	OT	Nehemiah	yes	no	no	They kept the charge of their God, and the charge of the purification, and [so did] the singers and the porters, according to the commandment of Dawid, and of Shlomo his son.	On that day were men appointed over the chambers for the treasures, for the wave offerings, for the first fruits, and for the tithes, to gather into them, according to the fields of the cities, the portions appointed by the law for the priests and Levites: for Yehudah rejoiced for the priests and for the Levites who waited.
Nehemiah 13:7	OT	Nehemiah	yes	no	yes	and I came to Yerushalayim, and understood the brokenness that Eliashib had done for Tobiah, in preparing him a chamber in the courts of the house of Elohim.	But in all this [time] I was not at Yerushalayim; for in the two and thirtieth year of Artaxerxes king of Bavel I went to the king: and after certain days asked I leave of the king,
Nehemiah 13:26	OT	Nehemiah	yes	no	yes	Did not Shlomo king of Israel sin by these things? yet among many nations was there no king like him, and he was beloved of his God, and Elohim made him king over all Israel: nevertheless even him did foreign women cause to sin.	I contended with them, and cursed them, and struck certain of them, and plucked off their hair, and made them swear by Elohim, [saying], You shall not give your daughters to their sons, nor take their daughters for your sons, or for yourselves.
Job 1:8	OT	Job	yes	no	no	"YHWH said to the Adversary, ""Have you considered my servant, Job? For there is none like him in the earth, a blameless and an upright man, one who reveres God, and turns away from harm."""	"YHWH said to the Adversary, ""Where have you come from?"" Then the Adversary answered YHWH, and said, ""From going back and forth in the earth, and from walking up and down in it."""
Job 1:12	OT	Job	yes	no	yes	"YHWH said to the Adversary, ""Behold, all that he has is in your power. Only on himself don't put forth your hand."" So the Adversary went forth from the presence of YHWH."	"But put forth your hand now, and touch all that he has, and he will renounce you to your face."""
Job 1:16	OT	Job	yes	no	no	"While he was still speaking, there also came another, and said, ""The fire of Elohim has fallen from the heavens, and has burned up the sheep and the servants, and consumed them, and I alone have escaped to tell you."""	"and the Sabeans attacked, and took them away. Yes, they have killed the servants with the edge of the sword, and I alone have escaped to tell you."""
Job 1:21	OT	Job	yes	no	no	"He said, ""Naked I came out of my mother's womb, and naked shall I return there. YHWH gave, and YHWH has taken away. Blessed be the name of YHWH."""	Then Job arose, and tore his robe, and shaved his head, and fell down on the ground, and worshiped.
Job 2:1	OT	Job	yes	no	no	Again it happened on the day when the Elohim's sons came to present themselves before YHWH, that the Adversary came also among them to present himself before YHWH.	
Job 2:3	OT	Job	yes	no	yes	"YHWH said to the Adversary, ""Have you considered my servant Job? For there is none like him in the earth, a blameless and an upright man, one who reveres God, and turns away from harm. He still maintains his integrity, although you incited me against him, to ruin him without cause."""	"YHWH said to the Adversary, ""Where have you come from?"" the Adversary answered YHWH, and said, ""From going back and forth in the earth, and from walking up and down in it."""
Job 2:6	OT	Job	yes	no	yes	"YHWH said to the Adversary, ""Behold, he is in your hand. Only spare his life."""	"But put forth your hand now, and touch his bone and his flesh, and he will renounce you to your face."""
Job 2:7	OT	Job	yes	no	no	So the Adversary went forth from the presence of YHWH, and struck Job with painful sores from the sole of his foot to his head.	"YHWH said to the Adversary, ""Behold, he is in your hand. Only spare his life."""
Job 2:8	OT	Job	no	yes	no	He took for himself a potsherd to scrape himself with, and he sat among the ashes.	So the Adversary went forth from the presence of YHWH, and struck Job with painful sores from the sole of his foot to his head.
Job 2:9	OT	Job	yes	no	no	"Then his wife said to him, ""Do you still maintain your integrity? Renounce Elohim, and die."""	He took for himself a potsherd to scrape himself with, and he sat among the ashes.
Job 2:10	OT	Job	yes	no	no	"But he said to her, ""You speak as one of the foolish women would speak. What? Shall we receive good at the hand of Elohim, and shall we not receive adversity?"" In all this Job didn't sin with his lips."	"Then his wife said to him, ""Do you still maintain your integrity? Renounce Elohim, and die."""
Job 4:9	OT	Job	yes	no	yes	By the breath of Elohim they perish. By the blast of his anger are they consumed.	According to what I have seen, those who plow iniquity, and sow trouble, reap the same.
Job 6:9	OT	Job	yes	no	yes	even that it would please Elohim to crush me; that he would let loose his hand, and cut me off!	"""Oh that I might have my request, that Elohim would grant the thing that I long for,"
Job 8:20	OT	Job	yes	no	no	"""Behold, Elohim will not cast away a blameless man, neither will he uphold the people who do wrong."	Behold, this is the joy of his way: out of the earth, others shall spring.
Job 8:21	OT	Job	no	yes	no	He will still fill your mouth with laughter, your lips with shouting.	"""Behold, Elohim will not cast away a blameless man, neither will he uphold the people who do wrong."
Job 9:4	OT	Job	yes	no	no	Elohim, the one who is wise in heart, and mighty in strength: who has hardened himself against him, and prospered?	If he is pleased to contend with him, he can't answer him one time in a thousand.
Job 11:5	OT	Job	yes	no	no	But oh that Elohim would speak, and open his lips against you,	For you say, 'My doctrine is pure. I am clean in your eyes.'
Job 11:6	OT	Job	yes	no	no	that he would show you the secrets of wisdom! For true wisdom has two sides. Know therefore that Elohim exacts of you less than your iniquity deserves.	But oh that Elohim would speak, and open his lips against you,
Job 13:7	OT	Job	yes	no	no	Will you speak unrighteously for Elohim, and talk deceitfully for him?	Hear now my reasoning. Listen to the pleadings of my lips.
Job 13:8	OT	Job	yes	no	no	Will you show partiality to him? Will you contend for Elohim?	Will you speak unrighteously for Elohim, and talk deceitfully for him?
Job 15:25	OT	Job	yes	no	no	Because he has stretched out his hand against Elohim, and behaves himself proudly against the Almighty;	Distress and anguish make him afraid. They prevail against him, as a king ready to the battle.
Job 15:30	OT	Job	yes	no	no	He shall not depart out of darkness. The flame shall dry up his branches. By the breath of Elohim's mouth shall he go away.	He shall not be rich, neither shall his substance continue, neither shall their possessions be extended on the earth.
Job 19:6	OT	Job	yes	no	no	know now that Elohim has subverted me, and has surrounded me with his net.	If indeed you will magnify yourselves against me, and plead against me my reproach;
Job 20:15	OT	Job	yes	no	no	He has swallowed down riches, and he shall vomit them up again. Elohim will cast them out of his belly.	yet his food in his bowels is turned. It is cobra venom within him.
Job 20:16	OT	Job	no	yes	no	He shall suck cobra venom. The viper's tongue shall kill him.	He has swallowed down riches, and he shall vomit them up again. Elohim will cast them out of his belly.
Job 20:23	OT	Job	yes	no	no	When he is about to fill his belly, Elohim will cast the fierceness of Elohim’s wrath on him. It will rain on him while he is eating.	In the fullness of his sufficiency, distress shall overtake him. The hand of everyone who is in misery shall come on him.
Job 20:24	OT	Job	no	yes	no	He shall flee from the iron weapon. The bronze arrow shall strike him through.	When he is about to fill his belly, Elohim will cast the fierceness of Elohim’s wrath on him. It will rain on him while he is eating.
Job 20:29	OT	Job	yes	no	yes	"This is the portion of a wicked person from Elohim, the heritage appointed to him by Elohim."""	The increase of his house shall depart. They shall rush away in the day of his wrath.
Job 21:15	OT	Job	yes	no	yes	What is the Almighty, that we should serve him? What profit should we have, if we pray to him?'	They tell Elohim, 'Depart from us, for we don't want to know about your ways.
Job 21:19	OT	Job	yes	no	yes	You say, 'Elohim lays up his iniquity for his children.' Let him recompense it to himself, that he may know it.	How often is it that they are as stubble before the wind, as chaff that the storm carries away?
Job 21:20	OT	Job	yes	no	no	Let his own eyes see his destruction. Let him drink of the wrath of the Almighty.	You say, 'Elohim lays up his iniquity for his children.' Let him recompense it to himself, that he may know it.
Job 22:3	OT	Job	yes	no	no	Is it any pleasure to the Almighty, that you are righteous? Or does it benefit him, that you make your ways perfect?	"""Can a person be profitable to Elohim? Surely the one who is wise is profitable to themselves."
Job 22:13	OT	Job	yes	no	no	You say, 'What does Elohim know? Can he judge through the thick darkness?	"""Isn't Elohim in the heights of heavens? See the height of the stars, how high they are!"
Job 24:1	OT	Job	yes	no	no	"""Why aren't times laid up by the Almighty? Why don't those who know him see his days?"	
Job 24:22	OT	Job	yes	no	yes	Yet Elohim preserves the mighty by Elohim’s power. He rises up who has no assurance of life.	He devours the barren who don't bear. He shows no kindness to the widow.
Job 27:8	OT	Job	yes	no	no	For what is the hope of the godless, when he is cut off, when Elohim takes away his life?	"""Let my enemy be as the wicked. Let the one who rises up against me be as the unrighteous."
Job 27:9	OT	Job	yes	no	no	Will Elohim hear his cry when trouble comes on him?	For what is the hope of the godless, when he is cut off, when Elohim takes away his life?
Job 27:10	OT	Job	yes	no	no	Will he delight himself in the Almighty, and call on Elohim at all times?	Will Elohim hear his cry when trouble comes on him?
Job 28:28	OT	Job	yes	no	no	"To man he said, 'Behold, the fear of YHWH, that is wisdom. To depart from harm is understanding.'"""	then he saw it, and declared it. He established it, yes, and searched it out.
Job 31:14	OT	Job	yes	no	no	What then shall I do when Elohim rises up? When he visits, what shall I answer him?	"""If I have despised the cause of my male servant or of my female servant, when they contended with me;"
Job 31:23	OT	Job	yes	no	no	For calamity from Elohim is a terror to me. Because his majesty, I can do nothing.	then let my shoulder fall from the shoulder blade, and my arm be broken from the bone.
Job 32:2	OT	Job	yes	no	no	Then the wrath of Elihu the son of Barachel, the Buzite, of the family of Ram, was kindled against Job. His wrath was kindled because he justified himself rather than Elohim.	So these three men ceased to answer Job, because he was righteous in his own eyes.
Job 32:13	OT	Job	yes	no	no	Beware lest you say, 'We have found wisdom, Elohim may refute him, not man;'	Yes, I gave you my full attention, but there was no one who convinced Job, or who answered their words, among you.
Job 33:24	OT	Job	yes	no	no	then Elohim is gracious to him, and says, 'Deliver him from going down to the pit, I have found a ransom.'	"""If there is beside him an angel, an interpreter, one among a thousand, to show to man what is right for him;"
Job 33:25	OT	Job	no	yes	no	His flesh shall be fresher than a child's. He returns to the days of his youth.	then Elohim is gracious to him, and says, 'Deliver him from going down to the pit, I have found a ransom.'
Job 33:26	OT	Job	yes	no	yes	He prays to Elohim, and he is favorable to him, so that he sees his face with joy. He restores to man his righteousness.	His flesh shall be fresher than a child's. He returns to the days of his youth.
Job 33:27	OT	Job	no	yes	no	He sings before men, and says, 'I have sinned, and perverted that which was right, and it didn't profit me.	He prays to Elohim, and he is favorable to him, so that he sees his face with joy. He restores to man his righteousness.
Job 34:24	OT	Job	no	yes	no	He breaks in pieces mighty men in ways past finding out, and sets others in their place.	For they don't need to consider a person further, that they should go before Elohim in judgment.
Job 34:37	OT	Job	yes	no	no	"For he adds rebellion to his sin. He claps his hands among us, and multiplies his words against Elohim."""	I wish that Job were tried to the end, because of his answering like wicked men.
Job 36:26	OT	Job	yes	no	no	Behold, Elohim is great, and we don't know him. The number of his years is unsearchable.	All people have looked thereon. Man sees it afar off.
Job 37:3	OT	Job	no	yes	no	He sends it forth under the whole heavens, and his lightning to the ends of the earth.	Hear, oh, hear the noise of Elohim’s voice, the sound that goes out of Elohim’s mouth.
Job 37:15	OT	Job	yes	no	no	Do you know how Elohim controls them, and causes the lightning of his cloud to shine?	"""Listen to this, Job. Stand still, and consider the wondrous works of Elohim."
Job 38:41	OT	Job	yes	no	no	Who provides for the raven his prey, when his young ones cry to Elohim, and wander for lack of food?	when they crouch in their dens, and lie in wait in the thicket?
Job 39:17	OT	Job	yes	no	no	because Elohim has deprived her of wisdom, neither has he imparted to her understanding.	She deals harshly with her young ones, as if they were not hers. Though her labor is in vain, she is without fear,
Job 40:2	OT	Job	yes	no	no	"""Shall the one who argues contend with the Almighty? The one who argues with Elohim, let him answer it."""	Moreover YHWH answered Job,
Job 40:9	OT	Job	yes	no	no	Or do you have an arm like Elohim? Can you thunder with a voice like him?	Will you even annul my judgment? Will you condemn me, that you may be justified?
Job 40:19	OT	Job	yes	no	no	He is the chief of the ways of Elohim. The one who made him gives him their sword.	His bones are like tubes of brass. His limbs are like bars of iron.
Job 42:10	OT	Job	yes	no	no	YHWH turned the captivity of Job, when he prayed for his friends. YHWH gave Job twice as much as he had before.	So Eliphaz the Temanite and Bildad the Shuhite and Zophar the Naamathite went, and did what YHWH commanded them, and YHWH accepted Job.
Job 42:11	OT	Job	yes	no	yes	Then came there to him all his brothers, and all his sisters, and all those who had been of his acquaintance before, and ate bread with him in his house. They comforted him, and consoled him concerning all the harm that YHWH had brought on him. Everyone also gave him a piece of money, and everyone a ring of gold.	YHWH turned the captivity of Job, when he prayed for his friends. YHWH gave Job twice as much as he had before.
Job 42:12	OT	Job	yes	no	no	So YHWH blessed the latter end of Job more than his beginning. He had fourteen thousand sheep, six thousand camels, one thousand yoke of oxen, and a thousand female donkeys.	Then came there to him all his brothers, and all his sisters, and all those who had been of his acquaintance before, and ate bread with him in his house. They comforted him, and consoled him concerning all the harm that YHWH had brought on him. Everyone also gave him a piece of money, and everyone a ring of gold.
Job 42:13	OT	Job	no	yes	no	He had also seven sons and three daughters.	So YHWH blessed the latter end of Job more than his beginning. He had fourteen thousand sheep, six thousand camels, one thousand yoke of oxen, and a thousand female donkeys.
Psalms 3:2	OT	Psalms	yes	no	no	"Many there are who say of my soul, ""There is no help for him in Elohim."" Selah."	YHWH, how my adversaries have increased! Many are those who rise up against me.
Psalms 5:12	OT	Psalms	yes	no	no	For you will bless the righteous. YHWH, you will surround him with favor as with a shield.	But let all those who take refuge in you rejoice, Let them always shout for joy, because you defend them. Let them also who love your name be joyful in you.
Psalms 10:11	OT	Psalms	yes	no	no	"He says in his heart, ""Elohim has forgotten. Elohim hides Elohim’s face. Elohim will never see it."""	The helpless are crushed. They collapse. They fall under their oppressor’s strength.
Psalms 12:5	OT	Psalms	yes	no	no	"""Because of the oppression of the weak and because of the groaning of the needy, I will now arise,"" says YHWH; ""I will set him in safety from those who malign him."""	"who have said, ""With our tongue we will prevail. Our lips are our own. Who is lord over us?"""
Psalms 14:6	OT	Psalms	yes	no	no	You frustrate the plan of the poor, because YHWH is his refuge.	There they were in great fear, for Elohim is in the generation of the righteous.
Psalms 17:13	OT	Psalms	yes	no	no	Arise, YHWH, confront him. Cast him down. Deliver my soul from the wicked by your sword;	He is like a lion that is greedy of his prey, as it were a young lion lurking in secret places.
Psalms 18:50	OT	Psalms	yes	no	no	YHWH gives great deliverance to YHWH’s king, and shows loving kindness to YHWH’s anointed, to Dawid and to his seed, forevermore.	Therefore I will give thanks to you, YHWH, among the nations, and will sing praises to your name.
Psalms 20:6	OT	Psalms	yes	no	no	Now I know that YHWH saves YHWH’s anointed. YHWH will answer him from YHWH’s holy heavens, with the saving strength of YHWH’s right hand.	We will triumph in your salvation. In the name of our God, we will set up our banners. May YHWH grant all your requests.
Psalms 21:1	OT	Psalms	yes	no	no	The king rejoices in your strength, YHWH! How greatly he rejoices in your salvation!	
Psalms 21:7	OT	Psalms	yes	no	no	For the king trusts in YHWH. Through the loving kindness of the Most High, he shall not be moved.	For you make him most blessed forever. You make him glad with joy in your presence.
Psalms 22:8	OT	Psalms	yes	no	no	"""He trusts in YHWH; let him deliver him. Let him rescue him, since he delights in him."""	All those who see me mock me. They insult me with their lips. They shake their heads, saying,
Psalms 22:24	OT	Psalms	yes	no	no	For YHWH has not despised nor abhorred the affliction of the afflicted, Neither has YHWH hidden YHWH’s face from him; but when he cried to YHWH, YHWH heard.	You who revere YHWH, praise YHWH! All you descendants of Ya'akov, glorify YHWH! Stand in awe of YHWH, all you descendants of Israel!
Psalms 24:5	OT	Psalms	yes	no	no	He shall receive a blessing from YHWH, righteousness from the God of his salvation.	The one who has clean hands and a pure heart; who has not lifted up their soul to falsehood, and has not sworn deceitfully.
Psalms 25:22	OT	Psalms	yes	no	no	Redeem Israel, Elohim, out all of his troubles.	Let integrity and uprightness preserve me, for I wait for you.
Psalms 34:6	OT	Psalms	yes	no	no	This poor man cried, and YHWH heard him, and saved him out of all his troubles.	They looked to YHWH, and were radiant. Their faces shall never be covered with shame.
Psalms 37:13	OT	Psalms	yes	no	no	YHWH will laugh at him, for YHWH sees that his day is coming.	The wicked person plots against the just, and gnashes at them with their teeth.
Psalms 55:20	OT	Psalms	no	yes	no	He raises his hands against his friends. He has violated his covenant.	Elohim, who is enthroned forever, will hear, and answer them. Selah. They never change, who don't revere God.
Psalms 56:1	OT	Psalms	yes	no	no	Be merciful to me, Elohim, for man wants to swallow me up. All day long, he attacks and oppresses me.	
Psalms 61:7	OT	Psalms	yes	no	no	He shall be enthroned in Elohim's presence forever. Appoint your loving kindness and truth, that they may preserve him.	You will prolong the king's life; his years shall be for generations.
Psalms 68:21	OT	Psalms	yes	no	no	But Elohim will strike through the head of Elohim’s enemies, the hairy scalp of such a one as still continues in his guiltiness.	Elohim is to us a God of deliverance. To YHWH, YHWH, belongs escape from death.
Psalms 71:11	OT	Psalms	yes	no	no	"saying, ""Elohim has forsaken him. Pursue and take him, for no one will rescue him."""	For my enemies talk about me. Those who watch for my soul conspire together,
Psalms 72:2	OT	Psalms	no	yes	no	He will judge your people with righteousness, and your poor with justice.	Elohim, give the king your justice; your righteousness to the royal son.
Psalms 78:70	OT	Psalms	yes	no	no	YHWH also chose Dawid YHWH’s servant, and took him from the sheepfolds;	YHWH built YHWH’s sanctuary like the heights, like the earth which YHWH has established forever.
Psalms 78:71	OT	Psalms	yes	no	no	from following the ewes that have their young, Elohim brought him to be the shepherd of Ya'akov, Elohim’s people, and Israel, Elohim’s inheritance.	YHWH also chose Dawid YHWH’s servant, and took him from the sheepfolds;
Psalms 81:5	OT	Psalms	no	yes	no	He appointed it in Yosef for a testimony, when he went out over the land of Mitzrayim, I heard a language that I didn't know.	For it is a statute for Israel, an ordinance of the God of Ya'akov.
Psalms 89:26	OT	Psalms	yes	no	no	He will call to me, 'You are my Cosmic Parent, my God, and the rock of my salvation!'	I will set his hand also on the sea, and his right hand on the rivers.
Psalms 103:13	OT	Psalms	yes	no	no	Like a father has compassion on his children, so YHWH has compassion on those who revere YHWH.	As far as the east is from the west, so far has YHWH removed our transgressions from us.
Psalms 104:14	OT	Psalms	yes	no	no	YHWH causes the grass to grow for the livestock, and plants for man to cultivate, that he may bring forth food out of the earth:	YHWH waters the mountains from YHWH’s chambers. The earth is filled with the fruit of your works.
Psalms 105:19	OT	Psalms	yes	no	no	until the time that his word happened, and YHWH's word proved him true.	They bruised his feet with shackles. His neck was locked in irons,
Psalms 105:37	OT	Psalms	yes	no	no	YHWH brought them forth with silver and gold. There was not one feeble person among his tribes.	YHWH struck also all the firstborn in their land, the first fruits of all their manhood.
Psalms 106:33	OT	Psalms	yes	no	no	because they were rebellious against YHWH’s spirit, he spoke rashly with his lips.	They angered YHWH also at the waters of Meribah, so that Moshe was troubled for their sakes;
Psalms 109:14	OT	Psalms	yes	no	no	Let the iniquity of his fathers be remembered by YHWH. Don't let the sin of his mother be blotted out.	Let his posterity be cut off. In the generation following let their name be blotted out.
Psalms 110:5	OT	Psalms	yes	no	no	YHWH is at your right hand. He will crush kings in the day of his wrath.	"YHWH has sworn, and will not change YHWH’s mind: ""You are a priest forever in the order of Malki-Tzedek."""
Psalms 110:6	OT	Psalms	no	yes	no	He will judge among the nations. He will heap up dead bodies. He will crush the ruler of the whole earth.	YHWH is at your right hand. He will crush kings in the day of his wrath.
Psalms 132:1	OT	Psalms	yes	no	no	YHWH, remember Dawid and all his affliction,	
Psalms 132:2	OT	Psalms	yes	no	no	how he swore to YHWH, and vowed to the Mighty One of Ya'akov:	YHWH, remember Dawid and all his affliction,
Psalms 136:15	OT	Psalms	yes	no	no	But overthrew Pharaoh and his army in the Red Sea; for YHWH’s loving kindness endures forever:	And made Israel to pass through the midst of it; for YHWH’s loving kindness endures forever;
Proverbs 3:12	OT	Proverbs	yes	no	no	for whom YHWH loves, YHWH reproves; even as a father reproves the son in whom he delights.	My child, don't despise YHWH's discipline, neither be weary of YHWH’s reproof:
Proverbs 5:21	OT	Proverbs	yes	no	no	For the ways of man are before the eyes of YHWH. YHWH examines all his paths.	For why should you, my child, be captivated with an adulteress? Why embrace the bosom of another?
Proverbs 19:3	OT	Proverbs	yes	no	no	The foolishness of man subverts his way; his heart rages against YHWH.	It isn't good to have zeal without knowledge; nor being hasty with one's feet and missing the way.
Proverbs 19:23	OT	Proverbs	yes	no	yes	Reverence for YHWH leads to life, then contentment; he rests and will not be touched by trouble.	That which makes a person to be desired is their kindness. A poor person is better than a liar.
Proverbs 24:18	OT	Proverbs	yes	no	no	lest YHWH see it, and it displease YHWH, and YHWH turn away YHWH’s wrath from him.	Don't rejoice when your enemy falls. Don't let your heart be glad when they are overthrown;
Proverbs 25:22	OT	Proverbs	yes	no	no	for you will heap coals of fire on his head, and YHWH will reward you.	If your enemy is hungry, give them food to eat. If they are thirsty, give them water to drink:
Isaiah 2:4	OT	Isaiah	no	yes	no	He will judge between the nations, and will decide concerning many peoples; and they shall beat their swords into plowshares, and their spears into pruning hooks. Nation shall not lift up sword against nation, neither shall they learn war any more.	"Many peoples shall go and say, ""Come, let's go up to the mountain of YHWH, to the house of the God of Ya'akov; and YHWH will teach us of YHWH’s ways, and we will walk in YHWH’s paths."" For out of Tzion the law shall go forth, and the word of YHWH from Yerushalayim."
Isaiah 2:10	OT	Isaiah	yes	no	no	Enter into the rock, and hide in the dust, from before the terror of YHWH, and from the glory of his majesty.	A person is brought low, and humanity is humbled; therefore don't forgive them.
Isaiah 2:19	OT	Isaiah	yes	no	no	People shall go into the caves of the rocks, and into the holes of the earth, from before the terror of YHWH, and from the glory of his majesty, when he arises to shake the earth mightily.	The idols shall utterly pass away.
Isaiah 2:21	OT	Isaiah	yes	no	no	To go into the caverns of the rocks, and into the clefts of the ragged rocks, from before the terror of YHWH, and from the glory of his majesty, when he arises to shake the earth mightily.	In that day, people shall cast away their idols of silver, and their idols of gold, which have been made for themselves to worship, to the moles and to the bats;
Isaiah 5:7	OT	Isaiah	yes	no	no	For the vineyard of YHWH of Armies is the house of Israel, and the people of Yehudah his pleasant plant: and he looked for justice, but, behold, oppression; for righteousness, but, behold, a cry of distress.	"I will lay it a wasteland. It won't be pruned nor hoed, but it will grow briers and thorns. I will also command the clouds that they rain no rain on it."""
Isaiah 5:12	OT	Isaiah	yes	no	no	The harp, lyre, tambourine, and flute, with wine, are at their feasts; but they don't regard the work of YHWH, neither have they considered the operation of his hands.	Woe to those who rise up early in the morning, that they may follow strong drink; who stay late into the night, until wine inflames them!
Isaiah 5:26	OT	Isaiah	no	yes	no	He will lift up a banner to the nations from far, and he will whistle for them from the end of the earth. Behold, they will come speedily and swiftly.	Therefore YHWH's anger burns against YHWH’s people, and YHWH has stretched out YHWH’s hand against them, and has struck them. The mountains tremble, and their dead bodies are as refuse in the midst of the streets. For all this, YHWH’s anger is not turned away, but YHWH’s hand is still stretched out.
Isaiah 6:1	OT	Isaiah	yes	no	no	In the year that king Uzziyah died, I saw YHWH sitting on a throne, high and lifted up; and his train filled the temple.	
Isaiah 6:9	OT	Isaiah	no	yes	no	"He said, ""Go, and tell this people, 'You hear indeed, but don't understand; and you see indeed, but don't perceive.'"	"I heard YHWH's voice, saying, ""Whom shall I send, and who will go for us?"" Then I said, ""Here I am. Send me!"""
Isaiah 7:13	OT	Isaiah	yes	yes	no	"He said, ""Listen now, house of Dawid: Is it not enough for you to try the patience of people, that you will try the patience of my God also?"	"But Achaz said, ""I will not ask, neither will I tempt YHWH."""
Isaiah 7:14	OT	Isaiah	yes	no	no	Therefore YHWH will give you a sign. Behold, the virgin will conceive, and bear a son, and shall call his name Immanuel.	"He said, ""Listen now, house of Dawid: Is it not enough for you to try the patience of people, that you will try the patience of my God also?"
Isaiah 7:15	OT	Isaiah	no	yes	no	He shall eat butter and honey when he knows to refuse the broken, and choose the good.	Therefore YHWH will give you a sign. Behold, the virgin will conceive, and bear a son, and shall call his name Immanuel.
Isaiah 8:3	OT	Isaiah	yes	no	no	"I went to the prophetess, and she conceived, and bore a son. Then said YHWH to me, ""Call his name 'Maher Shalal Hash Baz.'"	"and I will take for myself faithful witnesses to testify: Uriyah the priest, and Zekharyah the son of Jeberechiah."""
Isaiah 8:7	OT	Isaiah	yes	no	no	now therefore, behold, YHWH brings upon them the mighty flood waters of the River: the king of Ashur and all his glory. It will come up over all its channels, and go over all its banks.	"""Because this people have refused the waters of Shiloah that go softly, and rejoice in Rezin and Remaliah's son;"
Isaiah 8:14	OT	Isaiah	no	yes	no	He will be a sanctuary, but for both houses of Israel, he will be a trap and a snare for the inhabitants of Yerushalayim.	YHWH of Armies is who you must regard as holy. YHWH is the one you must fear. YHWH is the one you must dread.
Isaiah 8:17	OT	Isaiah	yes	no	no	I will wait for YHWH, who hides YHWH’s face from the house of Ya'akov, and I will look for him.	Wrap up the testimony. Seal the law among my disciples.
Isaiah 9:6	OT	Isaiah	yes	no	no	For to us a child is born. To us a son is given; and the government will be on his shoulders. His name will be called Wonderful, Counselor, Mighty Elohim, Everlasting Cosmic Parent, Prince of Peace.	For all the armor of the armed man in the noisy battle, and the garments rolled in blood, will be for burning, fuel for the fire.
Isaiah 9:7	OT	Isaiah	yes	no	no	Of the increase of his government and of peace there shall be no end, on the throne of Dawid, and on his kingdom, to establish it, and to uphold it with justice and with righteousness from that time on, even forever. The zeal of YHWH of Armies will perform this.	For to us a child is born. To us a son is given; and the government will be on his shoulders. His name will be called Wonderful, Counselor, Mighty Elohim, Everlasting Cosmic Parent, Prince of Peace.
Isaiah 9:11	OT	Isaiah	yes	no	no	Therefore YHWH will set up on high against him the adversaries of Rezin, and will stir up his enemies,	"""The bricks have fallen, but we will build with hewn stone. The sycamore fig trees have been cut down, but we will put cedars in their place."""
Isaiah 9:17	OT	Isaiah	yes	no	no	Therefore YHWH will not rejoice over their young people, neither will he have compassion on their fatherless and widows; for everyone is profane and one who does wrong, and every mouth speaks folly. For all this his anger is not turned away, but his hand is stretched out still.	For those who lead this people lead them astray; and those who are led by them are destroyed.
Isaiah 10:12	OT	Isaiah	yes	no	no	Therefore it will happen that, when YHWH has performed his whole work on Har Tzion and on Yerushalayim, I will punish the fruit of the willful proud heart of the king of Ashur, and the insolence of his haughty looks.	shall I not, as I have done to Shomron and her idols, so do to Yerushalayim and her idols?
Isaiah 10:16	OT	Isaiah	yes	no	no	Therefore YHWH, YHWH of Armies, will send among his fat ones leanness; and under his glory a burning will be kindled like the burning of fire.	Should an axe brag against the one who chops with it? Should a saw exalt itself above the one who saws with it? As if a rod should lift those who lift it up, or as if a staff should lift up someone who is not wood.
Isaiah 10:24	OT	Isaiah	yes	no	no	"Therefore YHWH, YHWH of Armies, says ""My people who dwell in Tzion, don't be afraid of the Assyrian, though he strike you with the rod, and lift up his staff against you, as Mitzrayim did."	For YHWH, YHWH of Armies, will make a full end, and that determined, in the midst of all the earth.
Isaiah 10:26	OT	Isaiah	yes	no	no	YHWH of Armies will stir up a scourge against him, as in the slaughter of Midian at the rock of Oreb. YHWH’s rod will be over the sea, and YHWH will lift it up like YHWH did against Mitzrayim.	"For yet a very little while, and the indignation against you will be accomplished, and my anger will be directed to his destruction."""
Isaiah 10:34	OT	Isaiah	no	yes	no	He will cut down the thickets of the forest with iron, and Levanon will fall by the Mighty One.	Behold, YHWH, YHWH of Armies, will lop the boughs with terror. The tall will be cut down, and the lofty will be brought low.
Isaiah 11:2	OT	Isaiah	yes	no	no	The Ruach of YHWH will rest on him: the spirit of wisdom and understanding, the spirit of counsel and might, the spirit of knowledge and of reverence for YHWH.	A shoot will come out of the stock of Yishai, and a branch out of his roots will bear fruit.
Isaiah 11:3	OT	Isaiah	yes	yes	no	His delight will be in reverence for YHWH. He will not judge by the sight of his eyes, neither decide by the hearing of his ears;	The Ruach of YHWH will rest on him: the spirit of wisdom and understanding, the spirit of counsel and might, the spirit of knowledge and of reverence for YHWH.
Isaiah 11:12	OT	Isaiah	no	yes	no	He will set up a banner for the nations, and will assemble the outcasts of Israel, and gather together the dispersed of Yehudah from the four corners of the earth.	It will happen in that day that YHWH will set YHWH’s hand again the second time to recover the remnant that is left of YHWH’s people from Ashur, from Mitzrayim, from Pathros, from Cush, from Elam, from Shinar, from Hamath, and from the islands of the sea.
Isaiah 11:15	OT	Isaiah	yes	no	no	YHWH will utterly destroy the tongue of the Egyptian sea; and with his scorching wind he will wave his hand over the River, and will split it into seven streams, and cause men to march over in sandals.	They will fly down on the shoulders of the Philistines on the west. Together they will plunder the children of the east. They will extend their power over Edom and Moab, and the children of Ammon will obey them.
Isaiah 11:16	OT	Isaiah	yes	no	no	There will be a highway for the remnant that is left of YHWH’s people from Ashur, like there was for Israel in the day that he came up out of the land of Mitzrayim.	YHWH will utterly destroy the tongue of the Egyptian sea; and with his scorching wind he will wave his hand over the River, and will split it into seven streams, and cause men to march over in sandals.
Isaiah 12:2	OT	Isaiah	yes	no	no	"Behold, Elohim is my salvation. I will trust, and will not be afraid; for Yah, YHWH, is my strength and song; and he has become my salvation."""	"In that day you will say, ""I will give thanks to you, YHWH; for though you were angry with me, your anger has turned away and you comfort me."
Isaiah 12:5	OT	Isaiah	yes	no	no	Sing to YHWH, for he has done excellent things! Let this be known in all the earth!	"In that day you will say, ""Give thanks to YHWH! Call on YHWH’s name. Declare YHWH’s doings among the peoples. Proclaim that YHWH’s name is exalted!"
Isaiah 13:13	OT	Isaiah	yes	no	no	Therefore I will make the heavens tremble, and the earth will be shaken out of its place in the wrath of YHWH of Armies, and in the day of his fierce anger.	I will make people more rare than fine gold, even a person than the pure gold of Ophir.
Isaiah 14:1	OT	Isaiah	yes	no	no	For YHWH will have compassion on Ya'akov, and will yet choose Israel, and set them in their own land. The foreigner will join himself with them, and they will unite with the house of Ya'akov.	
Isaiah 16:14	OT	Isaiah	yes	no	no	"But now YHWH has spoken, saying, ""Within three years, as a worker bound by contract would count them, the glory of Moab shall be brought into contempt, with all his great multitude; and the remnant will be very small and feeble."""	This is the word that YHWH spoke concerning Moab in time past.
Isaiah 19:1	OT	Isaiah	yes	no	no	"The burden of Mitzrayim: ""Behold, YHWH rides on a swift cloud, and comes to Mitzrayim. The idols of Mitzrayim will tremble at his presence; and the heart of Mitzrayim will melt in its midst."	
Isaiah 19:14	OT	Isaiah	yes	no	no	YHWH has mixed a spirit of perverseness in the midst of her; and they have caused Mitzrayim to go astray in all of its works, like a drunken man staggers in his vomit.	The princes of Zoan have become fools. The princes of Memphis are deceived. They have caused Mitzrayim to go astray, who are the cornerstone of her tribes.
Isaiah 19:16	OT	Isaiah	yes	no	no	In that day the Egyptians will be like women. They will tremble and fear because of the shaking of the hand of YHWH of Armies, which he shakes over them.	Neither shall there be for Mitzrayim any work, which head or tail, palm branch or rush, may do.
Isaiah 19:20	OT	Isaiah	yes	no	no	It will be for a sign and for a witness to YHWH of Armies in the land of Mitzrayim; for they will cry to YHWH because of oppressors, and he will send them a savior and a defender, and he will deliver them.	In that day, there will be an altar to YHWH in the midst of the land of Mitzrayim, and a pillar to YHWH at its border.
Isaiah 19:22	OT	Isaiah	yes	no	no	YHWH will strike Mitzrayim, striking and healing. They will return to YHWH, and he will be entreated by them, and will heal them.	YHWH will be known to Mitzrayim, and the Egyptians will know YHWH in that day. Yes, they will worship with sacrifice and offering, and will vow a vow to YHWH, and will perform it.
Isaiah 20:2	OT	Isaiah	yes	no	no	"at that time YHWH spoke by Yeshayahu the son of Amoz, saying, ""Go, and loosen the sackcloth from off your waist, and take your shoes from off your feet."" He did so, walking naked and barefoot."	In the year that Tartan came to Ashdod, when Sargon the king of Ashur sent him, and he fought against Ashdod and took it;
Isaiah 21:6	OT	Isaiah	yes	no	no	"For YHWH said to me, ""Go, set a watchman. Let him declare what he sees."	They prepare the table. They set the watch. They eat. They drink. Rise up, you princes, oil the shield!
Isaiah 21:8	OT	Isaiah	yes	no	no	"He cried like a lion: ""YHWH, I stand continually on the watchtower in the daytime, and every night I stay at my post."	"When he sees a troop, horsemen in pairs, a troop of donkeys, a troop of camels, he shall listen diligently with great attentiveness."""
Isaiah 22:14	OT	Isaiah	yes	no	no	"YHWH of Armies revealed himself in my ears, ""Surely this iniquity will not be forgiven you until you die,"" says YHWH, YHWH of Armies."	"and behold, joy and gladness, killing oxen and killing sheep, eating flesh and drinking wine: ""Let us eat and drink, for tomorrow we will die."""
Isaiah 22:17	OT	Isaiah	yes	no	no	Behold, YHWH will overcome you and hurl you away violently. Yes, he will grasp you firmly.	"'What are you doing here? Who has you here, that you have dug out a tomb here?' Cutting himself out a tomb on high, chiseling a habitation for himself in the rock!"""
Isaiah 22:18	OT	Isaiah	no	yes	no	He will surely wind you around and around, and throw you like a ball into a large country. There you will die, and there the chariots of your glory will be, you shame of your lord's house.	Behold, YHWH will overcome you and hurl you away violently. Yes, he will grasp you firmly.
Isaiah 23:11	OT	Isaiah	yes	no	no	He has stretched out his hand over the sea. He has shaken the kingdoms. YHWH has ordered the destruction of Kena'an's strongholds.	Pass through your land like the Nile, daughter of Tarshish. There is no restraint any more.
Isaiah 23:12	OT	Isaiah	no	yes	no	"He said, ""You shall rejoice no more, you oppressed virgin daughter of Tzidon. Arise, pass over to Kittim. Even there you will have no rest."""	He has stretched out his hand over the sea. He has shaken the kingdoms. YHWH has ordered the destruction of Kena'an's strongholds.
Isaiah 24:23	OT	Isaiah	yes	no	no	Then the moon shall be confounded, and the sun ashamed; for YHWH of Armies will reign on Har Tzion, and in Yerushalayim; and before his elders will be glory.	They shall be gathered together, as prisoners are gathered in the pit, and shall be shut up in the prison; and after many days shall they be visited.
Isaiah 25:7	OT	Isaiah	no	yes	no	He will destroy in this mountain the surface of the covering that covers all peoples, and the veil that is spread over all nations.	In this mountain, YHWH of Armies will make all peoples a feast of fat things, a feast of choice wines, of fat things full of marrow, of well refined choice wines.
Isaiah 25:9	OT	Isaiah	yes	no	no	"It shall be said in that day, ""Behold, this is our God! We have waited for him, and he will save us! This is YHWH! We have waited for him. We will be glad and rejoice in his salvation!"""	YHWH has swallowed up death forever! YHWH God will wipe away tears from off all faces. YHWH will take the reproach of YHWH’s people away from off all the earth, for YHWH has spoken it.
Isaiah 25:10	OT	Isaiah	yes	no	no	For in this mountain the hand of YHWH will rest. Moab will be trodden down in his place, even like straw is trodden down in the water of the dunghill.	"It shall be said in that day, ""Behold, this is our God! We have waited for him, and he will save us! This is YHWH! We have waited for him. We will be glad and rejoice in his salvation!"""
Isaiah 26:10	OT	Isaiah	yes	no	no	Let favor be shown to the wicked, yet he will not learn righteousness. In the land of uprightness he will deal wrongfully, and will not see YHWH's majesty.	With my soul have I desired you in the night. Yes, with my spirit within me will I seek you earnestly; for when your judgments are in the earth, the inhabitants of the world learn righteousness.
Isaiah 26:21	OT	Isaiah	yes	no	no	For, behold, YHWH comes forth out of his place to punish the inhabitants of the earth for their iniquity. The earth also will disclose her blood, and will no longer cover her slain.	Come, my people, enter into your chambers, and shut your doors behind you. Hide yourself for a little moment, until the indignation is past.
Isaiah 27:1	OT	Isaiah	yes	no	no	In that day, YHWH with his hard and great and strong sword will punish leviathan, the fleeing serpent, and leviathan the twisted serpent; and he will kill the dragon that is in the sea.	
Isaiah 28:2	OT	Isaiah	yes	no	no	Behold, YHWH has a mighty and strong one. Like a storm of hail, a destroying storm, and like a storm of mighty waters overflowing, he will cast them down to the earth with his hand.	Woe to the crown of pride of the drunkards of Efrayim, and to the fading flower of his glorious beauty, which is on the head of the fertile valley of those who are overcome with wine!
Isaiah 28:26	OT	Isaiah	yes	no	no	For his God instructs him in right judgment, and teaches him.	When he has leveled its surface, doesn't he plant the dill, and scatter the cumin seed, and put in the wheat in rows, the barley in the appointed place, and the spelt in its place?
Isaiah 29:10	OT	Isaiah	yes	no	no	For YHWH has poured out on you a spirit of deep sleep, and has closed your eyes, the prophets; and he has covered your heads, the seers.	Pause and wonder! Blind yourselves and be blind! They are drunken, but not with wine; they stagger, but not with strong drink.
Isaiah 29:22	OT	Isaiah	yes	no	no	"Therefore thus says YHWH, who redeemed Avraham, concerning the house of Ya'akov: ""Ya'akov shall no longer be ashamed, neither shall his face grow pale."	who cause a person to be indicted by a word, and lay a snare for the arbiter in the gate, and who deprive the innocent of justice with false testimony.
Isaiah 29:23	OT	Isaiah	yes	no	no	But when he sees his children, the work of my hands, in the midst of him, they will sanctify my name. Yes, they will sanctify the Holy One of Ya'akov, and will stand in awe of the God of Israel.	"Therefore thus says YHWH, who redeemed Avraham, concerning the house of Ya'akov: ""Ya'akov shall no longer be ashamed, neither shall his face grow pale."
Isaiah 30:28	OT	Isaiah	no	yes	no	His breath is as an overflowing stream that reaches even to the neck, to sift the nations with the sieve of destruction; and a bridle that leads to ruin will be in the jaws of the peoples.	Behold, the name of YHWH comes from far away, burning with YHWH’s anger, and in thick rising smoke. YHWH’s lips are full of indignation, and YHWH’s tongue is as a devouring fire.
Isaiah 30:31	OT	Isaiah	yes	no	no	For through the voice of YHWH the Assyrian will be dismayed. YHWH will strike him with YHWH’s rod.	YHWH will cause YHWH’s glorious voice to be heard, and will show the descent of YHWH’s arm, with the indignation of YHWH’s anger, and the flame of a devouring fire, with a blast, storm, and hailstones.
Isaiah 30:32	OT	Isaiah	yes	no	no	Every stroke of the rod of punishment, which YHWH will lay on him, will be with the sound of tambourines and harps. YHWH will fight with them in battles, brandishing weapons.	For through the voice of YHWH the Assyrian will be dismayed. YHWH will strike him with YHWH’s rod.
Isaiah 30:33	OT	Isaiah	yes	no	no	For his burning place has long been ready. Yes, for the king it is made ready. He has made its pyre deep and large with fire and much wood. YHWH's breath, like a stream of sulfur, kindles it.	Every stroke of the rod of punishment, which YHWH will lay on him, will be with the sound of tambourines and harps. YHWH will fight with them in battles, brandishing weapons.
Isaiah 31:4	OT	Isaiah	yes	no	no	"For thus says YHWH to me, ""As the lion and the young lion growling over his prey, if a multitude of shepherds is called together against him, will not be dismayed at their voice, nor abase himself for the noise of them, so YHWH of Armies will come down to fight on Har Tzion and on its heights."	Now the Egyptians are men, and not Elohim; and their horses flesh, and not spirit. When YHWH stretches out their hand, both the one who helps shall stumble, and the one who is helped shall fall, and they all shall be consumed together.
Isaiah 31:9	OT	Isaiah	yes	no	no	"His rock will pass away by reason of terror, and his princes will be afraid of the banner,"" says YHWH, whose fire is in Tzion, and YHWH’s furnace in Yerushalayim."	"""The Assyrian will fall by the sword, not of man; and the sword, not of humanity, shall devour him. He will flee from the sword, and his young people will become subject to forced labor."
Isaiah 34:16	OT	Isaiah	yes	no	no	Search in the book of YHWH, and read: not one of these will be missing. none will lack her mate. For my mouth has commanded, and his Ruach has gathered them.	The arrow snake will make her nest there, and lay, hatch, and gather under her shade. Yes, the kites will be gathered there, every one with her mate.
Isaiah 34:17	OT	Isaiah	no	yes	no	He has cast the lot for them, and his hand has divided it to them with a measuring line. They shall possess it forever. From generation to generation they will dwell in it.	Search in the book of YHWH, and read: not one of these will be missing. none will lack her mate. For my mouth has commanded, and his Ruach has gathered them.
Isaiah 37:1	OT	Isaiah	yes	no	no	It happened, when king Chizkiyahu heard it, that he tore his clothes, covered himself with sackcloth, and went into YHWH's house.	
Isaiah 37:2	OT	Isaiah	no	yes	no	He sent Eliakim, who was over the household, and Shebna the scribe, and the elders of the priests, covered with sackcloth, to Yeshayahu the prophet, the son of Amoz.	It happened, when king Chizkiyahu heard it, that he tore his clothes, covered himself with sackcloth, and went into YHWH's house.
Isaiah 37:4	OT	Isaiah	yes	no	no	"It may be YHWH your God will hear the words of Rabshakeh, whom the king of Ashur his master has sent to defy the living Elohim, and will rebuke the words which YHWH your God has heard. Therefore lift up your prayer for the remnant that is left.'"""	"They said to him, ""Thus says Chizkiyahu, 'This day is a day of trouble, and of rebuke, and of rejection; for the children have come to the birth, and there is no strength to bring forth."
Isaiah 37:20	OT	Isaiah	yes	no	no	"Now therefore, YHWH our God, save us from his hand, that all the kingdoms of the earth may know that you are YHWH, even you only."""	and have cast their gods into the fire; for they were no gods, but the work of people's hands, wood and stone; therefore they have destroyed them.
Isaiah 37:22	OT	Isaiah	yes	no	no	this is the word which YHWH has spoken concerning him. The virgin daughter of Tzion has despised you and ridiculed you. The daughter of Yerushalayim has shaken her head at you.	"Then Yeshayahu the son of Amoz sent to Chizkiyahu, saying, ""Thus says YHWH, the God of Israel, 'Because you have prayed to me against Sennacherib king of Ashur,"
Isaiah 37:33	OT	Isaiah	yes	no	no	Therefore thus says YHWH concerning the king of Ashur, 'He will not come to this city, nor shoot an arrow there, neither will he come before it with shield, nor cast up a mound against it.	For out of Yerushalayim a remnant will go forth, and survivors will escape from Har Tzion. The zeal of YHWH of Armies will perform this.'
Isaiah 37:34	OT	Isaiah	yes	no	no	By the way that he came, by the same he shall return, and he shall not come to this city,' says YHWH.	Therefore thus says YHWH concerning the king of Ashur, 'He will not come to this city, nor shoot an arrow there, neither will he come before it with shield, nor cast up a mound against it.
Isaiah 38:1	OT	Isaiah	yes	no	no	"In those days was Chizkiyahu sick and near death. Yeshayahu the prophet, the son of Amoz, came to him, and said to him, ""Thus says YHWH, 'Set your house in order, for you will die, and not live.'"""	
Isaiah 38:2	OT	Isaiah	yes	no	no	Then Chizkiyahu turned his face to the wall and prayed to YHWH,	"In those days was Chizkiyahu sick and near death. Yeshayahu the prophet, the son of Amoz, came to him, and said to him, ""Thus says YHWH, 'Set your house in order, for you will die, and not live.'"""
Isaiah 39:8	OT	Isaiah	yes	no	no	"Then Chizkiyahu said to Yeshayahu, ""YHWH's word which you have spoken is good."" He said moreover, ""For there will be peace and truth in my days."""	"'They will take away your sons who will issue from you, whom you shall father, and they will be eunuchs in the king of Bavel's palace.'"""
Isaiah 40:13	OT	Isaiah	yes	no	no	Who has directed the Ruach of YHWH, or has taught him as his counselor?	Who has measured the waters in the hollow of his hand, and marked off the sky with his span, and calculated the dust of the earth in a measure, and weighed the mountains in scales, and the hills in a balance?
Isaiah 40:18	OT	Isaiah	yes	no	no	To whom then will you liken Elohim? Or what likeness will you compare to him?	All the nations are like nothing before him. They are regarded by him as less than nothing, and vanity.
Isaiah 41:4	OT	Isaiah	yes	no	no	"Who has worked and done it, calling the generations from the beginning? I, YHWH, the first, and with the last, I am he."""	He pursues them, and passes by safely, Even by a way that he had not gone with his feet.
Isaiah 42:10	OT	Isaiah	yes	no	no	Sing to YHWH a new song, and his praise from the end of the earth, you who go down to the sea, and all that is therein, the islands and their inhabitants.	"Behold, the former things have happened, and I declare new things. I tell you about them before they come up."""
Isaiah 42:12	OT	Isaiah	yes	no	no	Let them give glory to YHWH, and declare his praise in the islands.	Let the wilderness and its cities raise their voices, with the villages that Kedar inhabits. Let the inhabitants of Sela sing. Let them shout from the top of the mountains!
Isaiah 42:13	OT	Isaiah	yes	no	no	YHWH will go out like a mighty man. They will stir up zeal like a warrior. He will raise a war cry. Yes, he will shout aloud. He will triumph over his enemies.	Let them give glory to YHWH, and declare his praise in the islands.
Isaiah 43:10	OT	Isaiah	yes	no	no	"""You are my witnesses,"" says YHWH, ""With my servant whom I have chosen; that you may know and believe me, and understand that I am he. Before me there was no Elohim formed, neither will there be after me."	"Let all the nations be gathered together, and let the peoples be assembled. Who among them can declare this, and show us former things? Let them bring their witnesses, that they may be justified; or let them hear, and say, ""That is true."""
Isaiah 44:5	OT	Isaiah	yes	no	no	"One will say, 'I am YHWH's;' and another will be called by the name of Ya'akov; and another will write with his hand 'to YHWH,' and honor the name of Israel."""	and they will spring up among the grass, as willows by the watercourses.
Isaiah 44:6	OT	Isaiah	yes	no	no	"This is what YHWH, the King of Israel, and his Redeemer, YHWH of Armies, says: ""I am the first, and I am the last; and besides me there is no Elohim."	"One will say, 'I am YHWH's;' and another will be called by the name of Ya'akov; and another will write with his hand 'to YHWH,' and honor the name of Israel."""
Isaiah 44:23	OT	Isaiah	yes	no	no	Sing, you heavens, for YHWH has done it! Shout, you lower parts of the earth! Break out into singing, you mountains, O forest, all of your trees, for YHWH has redeemed Ya'akov, and will glorify himself in Israel.	I have blotted out, as a thick cloud, your transgressions, and, as a cloud, your sins. Return to me, for I have redeemed you.
Isaiah 45:1	OT	Isaiah	yes	no	no	Thus says YHWH to his anointed, to Cyrus, whose right hand I have held, to subdue nations before him, and strip kings of their armor; to open the doors before him, and the gates shall not be shut:	
Isaiah 45:11	OT	Isaiah	yes	no	no	"Thus says YHWH, the Holy One of Israel, and his Maker: ""You ask me about the things that are to come, concerning my sons, and you command me concerning the work of my hands!"	"Woe to the one who says to a father, 'What have you become the father of?' or to a mother, 'To what have you given birth?'"""
Isaiah 45:13	OT	Isaiah	yes	no	no	I have raised him up in righteousness, and I will make straight all his ways: he shall build my city, and he shall let my exiles go free, not for price nor reward, says YHWH of Armies.	I have made the earth, and created man on it: I, even my hands, have stretched out the heavens; and all their army have I commanded.
Isaiah 45:24	OT	Isaiah	yes	no	no	Only in YHWH, it is said of me, is righteousness and strength; even to him shall people come; and all those who were incensed against him shall be disappointed.	By myself have I sworn, the word is gone forth from my mouth [in] righteousness, and shall not return, that to me every knee shall bow, every tongue shall swear.
Isaiah 48:14	OT	Isaiah	yes	no	no	Assemble yourselves, all you, and hear; who among them has declared these things? The one whom YHWH loves shall perform his pleasure on Bavel, and his arm [shall be on] the Chaldeans.	Yes, my hand has laid the foundation of the earth, and my right hand has spread out the heavens: when I call to them, they stand up together.
Isaiah 49:1	OT	Isaiah	yes	no	no	Listen, islands, to me; and listen, you peoples, from far: YHWH has called me from the womb; from the bowels of my mother has he made mention of my name:	
Isaiah 49:7	OT	Isaiah	yes	no	no	Thus says YHWH, the Redeemer of Israel, [and] his Holy One, to the one whom man despises, to the one whom the nation abhors, to a servant of rulers: Kings shall see and arise; princes, and they shall worship; because of YHWH who is faithful, [even] the Holy One of Israel, who has chosen you.	yes, he says, It is too light a thing that you should be my servant to raise up the tribes of Ya'akov, and to restore the preserved of Israel: I will also give you for a light to the nations, that you may be my salvation to the end of the earth.
Isaiah 50:8	OT	Isaiah	no	yes	no	He is near who justifies me; who will bring charges against me? Let us stand up together: who is my adversary? Let him come near to me.	For YHWH God will help me; therefore I have not been confounded: therefore have I set my face like a flint, and I know that I shall not be disappointed.
Isaiah 50:10	OT	Isaiah	yes	no	no	Who is among you who reveres YHWH, who obeys the voice of YHWH’s servant? The one who walks in darkness, and has no light, let him trust in the name of YHWH, and rely on their God.	Behold, YHWH God will help me; who is the one who shall condemn me? Behold, all they shall wax old as a garment, the moth shall eat them up.
Isaiah 51:3	OT	Isaiah	yes	no	no	For YHWH has comforted Tzion; he has comforted all her waste places, and has made her wilderness like Eden, and her desert like the garden of YHWH; joy and gladness shall be found therein, thanksgiving, and the voice of melody.	Look to Avraham your father, and to Sarah who bore you; for when he was but one I called him, and I blessed him, and made him many.
Isaiah 51:13	OT	Isaiah	yes	no	no	and have forgotten YHWH your Maker, who stretched forth the heavens, and laid the foundations of the earth; and fear continually all the day because of the fury of the oppressor, when he makes ready to destroy? and where is the fury of the oppressor?	I, even I, am the one who comforts you: who are you, that you are afraid of man who shall die, and of the child of humanity who shall be made as grass;
Isaiah 51:17	OT	Isaiah	yes	no	no	Awake, awake, stand up, Yerushalayim, that have drunk at the hand of YHWH the cup of his wrath; you have drunken the bowl of the cup of staggering, and drained it.	I have put my words in your mouth, and have covered you in the shadow of my hand, that I may plant the heavens, and lay the foundations of the earth, and tell Tzion, You are my people.
Isaiah 52:10	OT	Isaiah	yes	no	no	YHWH has made bare his holy arm in the eyes of all the nations; and all the ends of the earth have seen the salvation of our God.	Break forth into joy, sing together, you waste places of Yerushalayim; for YHWH has comforted YHWH’s people, YHWH has redeemed Yerushalayim.
Isaiah 53:4	OT	Isaiah	yes	no	no	Surely he has borne our sickness, and carried our suffering; yet we considered him plagued, struck by Elohim, and afflicted.	He was despised, and rejected by men; a person of suffering, and acquainted with disease. He was despised as one from whom men hide their face; and we didn't respect him.
Isaiah 53:6	OT	Isaiah	yes	no	no	All we like sheep have gone astray. Everyone has turned to their own way; and YHWH has laid on him the iniquity of us all.	But he was pierced for our transgressions. He was crushed for our iniquities. The punishment that brought our peace was on him; and by his wounds we are healed.
Isaiah 53:7	OT	Isaiah	no	yes	no	He was oppressed, yet when he was afflicted he didn't open his mouth. As a lamb that is led to the slaughter, and as a sheep that before its shearers is mute, so he didn't open his mouth.	All we like sheep have gone astray. Everyone has turned to their own way; and YHWH has laid on him the iniquity of us all.
Isaiah 53:10	OT	Isaiah	yes	no	no	Yet it pleased YHWH to bruise him. YHWH has caused him to suffer. When you make his soul an offering for sin, he shall see his seed. He shall prolong his days, and the pleasure of YHWH shall prosper in his hand.	They made his grave with the wicked, and with a rich man in his death; although he had done no violence, neither was any deceit in his mouth.
Isaiah 55:5	OT	Isaiah	yes	no	no	Behold, you shall call a nation that you don't know; and a nation that didn't know you shall run to you, because of YHWH your God, and for the Holy One of Israel; for he has glorified you.	Behold, I have given him for a witness to the peoples, a leader and commander to the peoples.
Isaiah 55:7	OT	Isaiah	yes	no	no	let the wicked forsake his way, and the unrighteous man his thoughts; and let him return to YHWH, and YHWH will have mercy on him; and to our God, for he will abundantly pardon.	Seek you YHWH while YHWH may be found; call you on YHWH while YHWH is near:
Isaiah 56:3	OT	Isaiah	yes	no	no	Neither let the foreigner, who has joined himself to YHWH, speak, saying, YHWH will surely separate me from YHWH’s people; neither let the eunuch say, Behold, I am a dry tree.	Blessed is the one who does this, and the child of humanity who holds it fast; who keeps the Sabbath from profaning it, and keeps his hand from doing any brokenness.
Isaiah 56:6	OT	Isaiah	yes	no	no	Also the foreigners who join themselves to YHWH, to minister to him, and to love the name of YHWH, to be their servants, everyone who keeps the Sabbath from profaning it, and holds fast my covenant;	To them will I give in my house and within my walls a memorial and a name better than of sons and of daughters; I will give them an everlasting name, that shall not be cut off.
Isaiah 56:8	OT	Isaiah	yes	no	no	YHWH God, who gathers the outcasts of Israel, says, Yet will I gather [others] to him, besides his own who are gathered.	even them will I bring to my holy mountain, and make them joyful in my house of prayer: their burnt offerings and their sacrifices shall be accepted on my altar; for my house shall be called a house of prayer for all peoples.
Isaiah 57:19	OT	Isaiah	yes	no	no	I create the fruit of the lips: Peace, peace, to the one who is far off and to the one who is near, says YHWH; and I will heal him.	I have seen his ways, and will heal him: I will lead him also, and restore comforts to him and to his mourners.
Isaiah 58:5	OT	Isaiah	yes	no	no	Is such the fast that I have chosen? the day for a person to afflict their soul? Is it to bow down his head as a rush, and to spread sackcloth and ashes under him? will you call this a fast, and an acceptable day to YHWH?	Behold, you fast for strife and contention, and to strike with the fist of wickedness: you don't fast this day so as to make your voice to be heard on high.
Isaiah 58:9	OT	Isaiah	yes	no	no	Then shall you call, and YHWH will answer; you shall cry, and he will say, Here I am. If you take away from the midst of you the yoke, the putting forth of the finger, and speaking wickedly;	Then shall your light break forth as the morning, and your healing shall spring forth speedily; and your righteousness shall go before you; the glory of YHWH shall be your rear guard.
Isaiah 59:1	OT	Isaiah	yes	no	no	Behold, YHWH's hand is not shortened, that it can't save; neither his ear heavy, that it can't hear:	
Isaiah 59:15	OT	Isaiah	yes	no	no	Yes, truth is lacking; and the one who departs from harm makes themselves a prey. YHWH saw it, and it displeased him that there was no justice.	Justice is turned away backward, and righteousness stands afar off; for truth is fallen in the street, and uprightness can't enter.
Isaiah 59:16	OT	Isaiah	yes	no	no	They saw that there was no one, and wondered that there was no intercessor: therefore their own arm brought salvation to him; and God’s righteousness, it upheld God.	Yes, truth is lacking; and the one who departs from harm makes themselves a prey. YHWH saw it, and it displeased him that there was no justice.
Isaiah 59:19	OT	Isaiah	yes	no	no	So shall they fear the name of YHWH from the west, and his glory from the rising of the sun; for YHWH will come as a rushing stream, which the breath of YHWH drives.	According to their deeds, accordingly YHWH will repay, wrath to YHWH’s adversaries, recompense to YHWH’s enemies; to the islands YHWH will repay recompense.
Isaiah 61:1	OT	Isaiah	yes	no	no	The Ruach of YHWH God is on me; because YHWH has anointed me to preach good news to the humble; he has sent me to bind up the broken-hearted, to proclaim liberty to the captives, and the opening [of the prison] to those who are bound;	
Isaiah 61:10	OT	Isaiah	yes	no	no	I will greatly rejoice in YHWH, my soul shall be joyful in my God; for he has clothed me with the garments of salvation, he has covered me with the robe of righteousness, as a bridegroom decks himself with a garland, and as a bride adorns herself with her jewels.	Their seed shall be known among the nations, and their offspring among the peoples; all who see them shall acknowledge them, that they are the seed which YHWH has blessed.
Isaiah 62:11	OT	Isaiah	yes	no	no	Behold, YHWH has proclaimed to the end of the earth, Say you to the daughter of Tzion, Behold, your salvation comes; behold, his reward is with him, and his recompense before him.	Go through, go through the gates; prepare you the way of the people; cast up, cast up the highway; gather out the stones; lift up a banner for the peoples.
Isaiah 63:10	OT	Isaiah	yes	no	no	But they rebelled, and grieved his the Ruach of Elohim: therefore he was turned to be their enemy, [and] himself fought against them.	In all their affliction he was afflicted, and the angel of his presence saved them: in his love and in his pity he redeemed them; and he bore them, and carried them all the days of old.
Isaiah 65:15	OT	Isaiah	yes	no	no	You shall leave your name for a curse to my chosen; and YHWH God will kill you; and he will call his servants by another name:	behold, my servants shall sing for joy of heart, but you shall cry for sorrow of heart, and shall wail for vexation of spirit.
Isaiah 66:5	OT	Isaiah	yes	no	no	Hear the word of YHWH, you who tremble at his word: Your brothers who hate you, who cast you out for my name's sake, have said, Let YHWH be glorified, that we may see your joy; but it is those who shall be disappointed.	I also will choose their delusions, and will bring their fears on them; because when I called, none did answer; when I spoke, they did not hear: but they did what was broken in my eyes, and chose that in which I didn't delight.
Isaiah 66:14	OT	Isaiah	yes	no	no	You shall see [it], and your heart shall rejoice, and your bones shall flourish like the tender grass: and the hand of YHWH shall be known toward his servants; and he will have indignation against his enemies.	As one whom his mother comforts, so will I comfort you; and you shall be comforted in Yerushalayim.
Isaiah 66:15	OT	Isaiah	yes	no	no	For, behold, YHWH will come with fire, and his chariots shall be like the whirlwind; to render his anger with fierceness, and his rebuke with flames of fire.	You shall see [it], and your heart shall rejoice, and your bones shall flourish like the tender grass: and the hand of YHWH shall be known toward his servants; and he will have indignation against his enemies.
Isaiah 66:16	OT	Isaiah	yes	no	no	For by fire will YHWH execute judgment, and by his sword, on all flesh; and the slain of YHWH shall be many.	For, behold, YHWH will come with fire, and his chariots shall be like the whirlwind; to render his anger with fierceness, and his rebuke with flames of fire.
Jeremiah 1:2	OT	Jeremiah	yes	no	no	to whom the word of YHWH came in the days of Yoshiyahu the son of Amon, king of Yehudah, in the thirteenth year of his reign.	The words of Yirmeyahu the son of Hilkiah, of the priests who were in Anathoth in the land of Binyamin:
Jeremiah 2:3	OT	Jeremiah	yes	no	no	Israel [was] holiness to YHWH, the first fruits of his increase: all who devour him shall be held guilty; trouble shall come on them, says YHWH.	Go, and cry in the ears of Yerushalayim, saying, Thus says YHWH, I remember for you the kindness of your youth, the love of your weddings; how you went after me in the wilderness, in a land that was not sown.
Jeremiah 3:1	OT	Jeremiah	yes	no	no	They say, If a man puts away his wife, and she goes from him, and becomes another man's, will they return to her again? Won't that land be greatly polluted? But you have played the prostitute with many lovers; yet return again to me, says YHWH.	
Jeremiah 4:2	OT	Jeremiah	yes	no	no	and you shall swear, As YHWH lives, in truth, in justice, and in righteousness; and the nations shall bless themselves in him, and in him shall they glory.	If you will return, Israel, says YHWH, if you will return to me, and if you will put away your abominations out of my sight; then you shall not be removed;
Jeremiah 4:26	OT	Jeremiah	yes	no	no	I saw, and behold, the fruitful field was a wilderness, and all the cities of it were broken down at the presence of YHWH, [and] before his fierce anger.	I saw, and behold, there was no one, and all the birds of the sky were fled.
Jeremiah 6:21	OT	Jeremiah	yes	no	no	Therefore thus says YHWH, Behold, I will lay stumbling blocks before this people; and the fathers and the sons together shall stumble against them; the neighbor and his friend shall perish.	To what purpose comes there to me frankincense from Sheba, and the sweet cane from a far country? your burnt offerings are not acceptable, nor your sacrifices pleasing to me.
Jeremiah 7:29	OT	Jeremiah	yes	no	no	Cut off your hair, [Yerushalayim], and cast it away, and take up a lamentation on the bare heights; for YHWH has rejected and forsaken the generation of his wrath.	You shall tell them, This is the nation that has not listened to the voice of YHWH their God, nor received instruction: truth is perished, and is cut off from their mouth.
Jeremiah 8:1	OT	Jeremiah	yes	no	no	At that time, says YHWH, they shall bring out the bones of the kings of Yehudah, and the bones of his princes, and the bones of the priests, and the bones of the prophets, and the bones of the inhabitants of Yerushalayim, out of their graves;	
Jeremiah 9:12	OT	Jeremiah	yes	no	no	Who is the wise person, that may understand this? and [who is] he to whom the mouth of YHWH has spoken, that he may declare it? why is the land perished and burned up like a wilderness, so that none passes through?	I will make Yerushalayim heaps, a dwelling place of jackals; and I will make the cities of Yehudah a desolation, without inhabitant.
Jeremiah 9:20	OT	Jeremiah	yes	no	no	Yet hear the word of YHWH, you women, and let your ear receive the word of his mouth; and teach your daughters wailing, and everyone her neighbor lamentation.	For a voice of wailing is heard out of Tzion, How are we ruined! we are greatly confounded, because we have forsaken the land, because they have cast down our dwellings.
Jeremiah 11:16	OT	Jeremiah	yes	no	no	YHWH called your name, A green olive tree, beautiful with goodly fruit: with the noise of a great tumult he has kindled fire on it, and the branches of it are broken.	What has my beloved to do in my house, seeing she has worked lewdness [with] many, and the holy flesh is passed from you? when you do wrong, then you rejoice.
Jeremiah 13:16	OT	Jeremiah	yes	no	no	Give glory to YHWH your God, before he cause darkness, and before your feet stumble on the dark mountains, and, while you look for light, he turn it into the shadow of death, and make it gross darkness.	Hear you, and give ear; don't be proud; for YHWH has spoken.
Jeremiah 14:10	OT	Jeremiah	yes	no	no	Thus says YHWH to this people, Even so have they loved to wander; they have not refrained their feet: therefore YHWH does not accept them; now he will remember their iniquity, and visit their sins.	Why should you be like a scared man, as a mighty man who can't save? yet you, YHWH, are in the midst of us, and we are called by your name; don't leave us.
Jeremiah 14:22	OT	Jeremiah	yes	no	no	Are there any among the vanities of the nations that can cause rain? or can the sky give showers? Aren't you he, YHWH our God? therefore we will wait for you; for you have made all these things.	Do not abhor [us], for your name's sake; do not disgrace the throne of your glory: remember, don't break your covenant with us.
Jeremiah 19:14	OT	Jeremiah	yes	no	no	Then came Yirmeyahu from Topheth, where YHWH had sent him to prophesy; and he stood in the court of YHWH's house, and said to all the people:	and the houses of Yerushalayim, and the houses of the kings of Yehudah, which are defiled, shall be as the place of Topheth, even all the houses on whose roofs they have burned incense to all the army of the sky, and have poured out drink offerings to other gods.
Jeremiah 20:2	OT	Jeremiah	yes	no	no	Then Pashhur struck Yirmeyahu the prophet, and put him in the stocks that were in the upper gate of Binyamin, which was in the house of YHWH.	Now Pashhur, the son of Immer the priest, who was chief officer in the house of YHWH, heard Yirmeyahu prophesying these things.
Jeremiah 20:3	OT	Jeremiah	yes	no	no	It happened on the next day, that Pashhur brought forth Yirmeyahu out of the stocks. Then said Yirmeyahu to him, YHWH has not called your name Pashhur, but Magormissabib.	Then Pashhur struck Yirmeyahu the prophet, and put him in the stocks that were in the upper gate of Binyamin, which was in the house of YHWH.
Jeremiah 20:4	OT	Jeremiah	yes	no	no	For thus says YHWH, Behold, I will make you a terror to yourself, and to all your friends; and they shall fall by the sword of their enemies, and your eyes shall see it; and I will give all Yehudah into the hand of the king of Bavel, and he shall carry them captive to Bavel, and shall kill them with the sword.	It happened on the next day, that Pashhur brought forth Yirmeyahu out of the stocks. Then said Yirmeyahu to him, YHWH has not called your name Pashhur, but Magormissabib.
Jeremiah 20:13	OT	Jeremiah	yes	no	no	Sing to YHWH, praise you YHWH; for he has delivered the soul of the needy from the hand of people who do wrong.	But, YHWH of Armies, who tests the righteous, who sees the heart and the mind, let me see your vengeance on them; for to you have I revealed my cause.
Jeremiah 20:16	OT	Jeremiah	yes	no	no	Let that man be as the cities which YHWH overthrew, and didn't relent: and let him hear a cry in the morning, and shouting at noontime;	Cursed be the one who brought news to my father, saying, A boy is born to you; making him very glad.
Jeremiah 21:1	OT	Jeremiah	yes	no	no	The word which came to Yirmeyahu from YHWH, when king Tzidkiyahu sent to him Pashhur the son of Malchijah, and Zephaniah the son of Maaseiah, the priest, saying,	
Jeremiah 21:2	OT	Jeremiah	yes	no	no	Please inquire of YHWH for us; for Nebuchadnezzar king of Bavel makes war against us: peradventure YHWH will deal with us according to all YHWH’s wondrous works, that he may go up from us.	The word which came to Yirmeyahu from YHWH, when king Tzidkiyahu sent to him Pashhur the son of Malchijah, and Zephaniah the son of Maaseiah, the priest, saying,
Jeremiah 21:7	OT	Jeremiah	yes	no	no	Afterward, says YHWH, I will deliver Tzidkiyahu king of Yehudah, and his servants, and the people, even such as are left in this city from the pestilence, from the sword, and from the famine, into the hand of Nebuchadnezzar king of Bavel, and into the hand of their enemies, and into the hand of those who seek their life: and he shall strike them with the edge of the sword; he shall not spare them, neither have pity, nor have mercy.	I will strike the inhabitants of this city, both man and animal: they shall die of a great pestilence.
Jeremiah 21:10	OT	Jeremiah	yes	no	no	For I have set my face on this city for calamity, and not for good, says YHWH: it shall be given into the hand of the king of Bavel, and he shall burn it with fire.	The one who remains in this city shall die by the sword, and by the famine, and by the pestilence; but the one who goes out, and passes over to the Chaldeans who besiege you, they shall live, and their life shall be to them for a prey.
Jeremiah 22:11	OT	Jeremiah	yes	no	no	For thus says YHWH touching Shallum the son of Yoshiyahu, king of Yehudah, who reigned instead of Yoshiyahu his father, [and] who went forth out of this place: He shall not return there any more.	Don't you weep for the dead, neither bemoan him; but weep sore for the one who goes away; for he shall return no more, nor see his native country.
Jeremiah 22:16	OT	Jeremiah	yes	no	no	He judged the cause of the poor and needy; then it was well. Wasn't this to know me? says YHWH.	Shall you reign, because you strive to excel in cedar? Didn't your father eat and drink, and do justice and righteousness? then it was well with him.
Jeremiah 22:18	OT	Jeremiah	yes	no	no	Therefore thus says YHWH concerning Jehoiakim the son of Yoshiyahu, king of Yehudah: they shall not lament for him, [saying], Ah my brother! or, Ah sister! They shall not lament for him, [saying] Ah lord! or, Ah his glory!	But your eyes and your heart are not but for your covetousness, and for shedding innocent blood, and for oppression, and for violence, to do it.
Jeremiah 22:19	OT	Jeremiah	no	yes	no	He shall be buried with the burial of a donkey, drawn and cast forth beyond the gates of Yerushalayim.	Therefore thus says YHWH concerning Jehoiakim the son of Yoshiyahu, king of Yehudah: they shall not lament for him, [saying], Ah my brother! or, Ah sister! They shall not lament for him, [saying] Ah lord! or, Ah his glory!
Jeremiah 23:5	OT	Jeremiah	yes	no	no	Behold, the days come, says YHWH, that I will raise to Dawid a righteous Branch, and he shall reign as king and deal wisely, and shall execute justice and righteousness in the land.	I will set up shepherds over them, who shall feed them; and they shall fear no more, nor be dismayed, neither shall any be lacking, says YHWH.
Jeremiah 23:6	OT	Jeremiah	yes	no	no	In his days Yehudah shall be saved, and Israel shall dwell safely; and this is his name by which he shall be called: YHWH our righteousness.	Behold, the days come, says YHWH, that I will raise to Dawid a righteous Branch, and he shall reign as king and deal wisely, and shall execute justice and righteousness in the land.
Jeremiah 23:18	OT	Jeremiah	yes	no	no	For who has stood in the council of YHWH, that he should perceive and hear YHWH’s word? who has marked my word, and heard it?	They say continually to those who despise me, YHWH has said, You shall have peace; and to everyone who walks in the stubbornness of their own heart they say, No trouble shall come on you.
Jeremiah 23:19	OT	Jeremiah	yes	no	no	Behold, the storm of YHWH, [even his] wrath, is gone forth, yes, a whirling storm: it shall burst on the head of the wicked.	For who has stood in the council of YHWH, that he should perceive and hear YHWH’s word? who has marked my word, and heard it?
Jeremiah 23:20	OT	Jeremiah	yes	no	no	The anger of YHWH shall not return, until he has executed, and until he have performed the intents of his heart: in the latter days you shall understand it perfectly.	Behold, the storm of YHWH, [even his] wrath, is gone forth, yes, a whirling storm: it shall burst on the head of the wicked.
Jeremiah 23:24	OT	Jeremiah	yes	no	no	Can any hide himself in secret places so that I shall not see him? says YHWH. Don't I fill heaven and earth? says YHWH.	Am I an Elohim at hand, says YHWH, and not an Elohim afar off?
Jeremiah 23:28	OT	Jeremiah	yes	no	no	The prophet who has a dream, let him tell a dream; and the one who has my word, let him speak my word faithfully. What is the straw to the wheat? says YHWH.	who think to cause my people to forget my name by their dreams which they tell everyone to their neighbor, as their fathers forgot my name for Baal.
Jeremiah 23:31	OT	Jeremiah	yes	no	no	Behold, I am against the prophets, says YHWH, who use their tongues, and say, He says.	Therefore, behold, I am against the prophets, says YHWH, who steal my words everyone from their neighbor.
Jeremiah 23:34	OT	Jeremiah	yes	no	no	As for the prophet, and the priest, and the people, who shall say, The burden of YHWH, I will even punish that man and his house.	When this people, or the prophet, or a priest, shall ask you, saying, What is the burden of YHWH? then shall you tell them, What burden! I will cast you off, says YHWH.
Jeremiah 24:8	OT	Jeremiah	yes	no	no	As the bad figs, which can't be eaten, they are so bad, surely thus says YHWH, So will I give up Tzidkiyahu the king of Yehudah, and his princes, and the residue of Yerushalayim, who remain in this land, and those who dwell in the land of Mitzrayim,	I will give them a heart to know me, that I am YHWH: and they shall be my people, and I will be their God; for they shall return to me with their whole heart.
Jeremiah 25:31	OT	Jeremiah	yes	no	no	A noise shall come even to the end of the earth; for YHWH has a controversy with the nations; he will enter into judgment with all flesh: as for the wicked, he will give them to the sword, says YHWH.	Therefore prophesy you against them all these words, and tell them, YHWH will roar from on high, and utter YHWH’s voice from YHWH’s holy habitation; YHWH will mightily roar against YHWH’s fold; YHWH will give a shout, as those who tread [the grapes], against all the inhabitants of the earth.
Jeremiah 25:38	OT	Jeremiah	no	yes	no	He has left his covert, as the lion; for their land is become an astonishment because of the fierceness of the oppressing [sword], and because of his fierce anger.	The peaceable folds are brought to silence because of the fierce anger of YHWH.
Jeremiah 26:8	OT	Jeremiah	yes	no	no	It happened, when Yirmeyahu had made an end of speaking all that YHWH had commanded him to speak to all the people, that the priests and the prophets and all the people laid hold on him, saying, You shall surely die.	The priests and the prophets and all the people heard Yirmeyahu speaking these words in the house of YHWH.
Jeremiah 26:16	OT	Jeremiah	yes	no	no	Then said the princes and all the people to the priests and to the prophets: This a person is not worthy of death; for he has spoken to us in the name of YHWH our God.	Only know for certain that, if you put me to death, you will bring innocent blood on yourselves, and on this city, and on the inhabitants of it; for of a truth YHWH has sent me to you to speak all these words in your ears.
Jeremiah 26:18	OT	Jeremiah	yes	no	no	Micah the Morashtite prophesied in the days of Chizkiyahu king of Yehudah; and he spoke to all the people of Yehudah, saying, Thus says YHWH of Armies: Tzion shall be plowed as a field, and Yerushalayim shall become heaps, and the mountain of the house as the high places of a forest.	Then rose up certain of the elders of the land, and spoke to all the assembly of the people, saying,
Jeremiah 26:19	OT	Jeremiah	yes	no	no	Did Chizkiyahu king of Yehudah and all Yehudah put him to death? Didn't he revere YHWH, and entreat the favor of YHWH, and YHWH relented from the harm which YHWH had pronounced against them? Thus should we commit great harm against our own souls.	Micah the Morashtite prophesied in the days of Chizkiyahu king of Yehudah; and he spoke to all the people of Yehudah, saying, Thus says YHWH of Armies: Tzion shall be plowed as a field, and Yerushalayim shall become heaps, and the mountain of the house as the high places of a forest.
Jeremiah 26:20	OT	Jeremiah	yes	no	no	There was also a person who prophesied in the name of YHWH, Uriyah the son of Shemaiah of Kiriath Jearim; and he prophesied against this city and against this land according to all the words of Yirmeyahu:	Did Chizkiyahu king of Yehudah and all Yehudah put him to death? Didn't he revere YHWH, and entreat the favor of YHWH, and YHWH relented from the harm which YHWH had pronounced against them? Thus should we commit great harm against our own souls.
Jeremiah 27:8	OT	Jeremiah	yes	no	no	It shall happen, that the nation and the kingdom which will not serve the same Nebuchadnezzar king of Bavel, and that will not put their neck under the yoke of the king of Bavel, that nation will I punish, says YHWH, with the sword, and with the famine, and with the pestilence, until I have consumed them by his hand.	All the nations shall serve him, and his son, and his son's son, until the time of his own land come: and then many nations and great kings shall make him their bondservant.
Jeremiah 27:11	OT	Jeremiah	yes	no	no	But the nation that shall bring their neck under the yoke of the king of Bavel, and serve him, that [nation] will I let remain in their own land, says YHWH; and they shall till it, and dwell therein.	for they prophesy a lie to you, to remove you far from your land, and that I should drive you out, and you should perish.
Jeremiah 28:9	OT	Jeremiah	yes	no	no	The prophet who prophesies of peace, when the word of the prophet shall happen, then shall the prophet be known, that YHWH has truly sent him.	The prophets who have been before me and before you of old prophesied against many countries, and against great kingdoms, of war, calamity, and pestilence.
Jeremiah 28:11	OT	Jeremiah	yes	no	no	Hananiah spoke in the presence of all the people, saying, Thus says YHWH: Even so will I break the yoke of Nebuchadnezzar king of Bavel within two full years from off the neck of all the nations. The prophet Yirmeyahu went his way.	Then Hananiah the prophet took the bar from off the prophet Yirmeyahu's neck, and broke it.
Jeremiah 28:14	OT	Jeremiah	yes	no	no	For thus says YHWH of Armies, the God of Israel: I have put a yoke of iron on the neck of all these nations, that they may serve Nebuchadnezzar king of Bavel; and they shall serve him: and I have given him the animals of the field also.	Go, and tell Hananiah, saying, Thus says YHWH: You have broken the bars of wood; but you have made in their place bars of iron.
Jeremiah 29:21	OT	Jeremiah	yes	no	no	Thus says YHWH of Armies, the God of Israel, concerning Achav the son of Kolaiah, and concerning Tzidkiyahu the son of Maaseiah, who prophesy a lie to you in my name: Behold, I will deliver them into the hand of Nebuchadnezzar king of Bavel; and he shall kill them before your eyes;	Hear you therefore the word of YHWH, all you of the captivity, whom I have sent away from Yerushalayim to Bavel.
Jeremiah 29:26	OT	Jeremiah	yes	no	no	YHWH has made you priest in the place of Yehoyada the priest, that there may be officers in the house of YHWH, for everyone who is mad, and makes themselves a prophet, that you should put him in the stocks and in shackles.	Thus speaks YHWH of Armies, the God of Israel, saying, Because you have sent letters in your own name to all the people who are at Yerushalayim, and to Zephaniah the son of Maaseiah, the priest, and to all the priests, saying,
Jeremiah 29:31	OT	Jeremiah	yes	no	no	Send to all them of the captivity, saying, Thus says YHWH concerning Shemaiah the Nehelamite: Because Shemaiah has prophesied to you, and I didn't send him, and he has caused you to trust in a lie;	Then came the word of YHWH to Yirmeyahu, saying,
Jeremiah 29:32	OT	Jeremiah	yes	no	no	therefore thus says YHWH, Behold, I will punish Shemaiah the Nehelamite, and his seed; they shall not have a person to dwell among this people, neither shall they see the good that I will do to my people, says YHWH, because they have spoken rebellion against YHWH.	Send to all them of the captivity, saying, Thus says YHWH concerning Shemaiah the Nehelamite: Because Shemaiah has prophesied to you, and I didn't send him, and he has caused you to trust in a lie;
Jeremiah 30:8	OT	Jeremiah	yes	no	no	It shall come to pass in that day, says YHWH of Armies, that I will break his yoke from off your neck, and will burst your bonds; and strangers shall no more make him their bondservant;	Alas! for that day is great, so that none is like it: it is even the time of Ya'akov's trouble; but he shall be saved out of it.
Jeremiah 30:10	OT	Jeremiah	yes	no	no	Therefore don't you be afraid, O Ya'akov my servant, says YHWH; neither be dismayed, Israel: for, behold, I will save you from afar, and your seed from the land of their captivity; and Ya'akov shall return, and shall be quiet and at ease, and none shall make him afraid.	but they shall serve YHWH their God, and Dawid their king, whom I will raise up to them.
Jeremiah 30:18	OT	Jeremiah	yes	no	no	Thus says YHWH: Behold, I will turn again the captivity of Ya'akov's tents, and have compassion on his dwelling places; and the city shall be built on its own hill, and the palace shall be inhabited after its own manner.	For I will restore health to you, and I will heal you of your wounds, says YHWH; because they have called you an outcast, [saying], It is Tzion, whom no one seeks after.
Jeremiah 30:21	OT	Jeremiah	yes	no	no	Their prince shall be of themselves, and their ruler shall proceed from the midst of them; and I will cause him to draw near, and they shall approach to me: for who is the one who has had boldness to approach to me? says YHWH.	Their children also shall be as before, and their congregation shall be established before me; and I will punish all who oppress them.
Jeremiah 30:23	OT	Jeremiah	yes	no	no	Behold, the storm of YHWH, [even his] wrath, is gone forth, a sweeping storm: it shall burst on the head of the wicked.	You shall be my people, and I will be your God.
Jeremiah 30:24	OT	Jeremiah	yes	no	no	The fierce anger of YHWH shall not return, until he has executed, and until he have performed the intents of his heart: in the latter days you shall understand it.	Behold, the storm of YHWH, [even his] wrath, is gone forth, a sweeping storm: it shall burst on the head of the wicked.
Jeremiah 31:2	OT	Jeremiah	yes	no	no	Thus says YHWH, The people who were left of the sword found favor in the wilderness; even Israel, when I went to cause him to rest.	At that time, says YHWH, will I be the God of all the families of Israel, and they shall be my people.
Jeremiah 31:10	OT	Jeremiah	yes	no	no	Hear the word of YHWH, you nations, and declare it in the islands afar off; and say, The one who scattered Israel will gather him, and keep him, as shepherd does their flock.	They shall come with weeping; and with petitions will I lead them: I will cause them to walk by rivers of waters, in a straight way in which they shall not stumble; for I am a father to Israel, and Efrayim is my firstborn.
Jeremiah 31:11	OT	Jeremiah	yes	no	no	For YHWH has ransomed Ya'akov, and redeemed him from the hand of the one who was stronger than they.	Hear the word of YHWH, you nations, and declare it in the islands afar off; and say, The one who scattered Israel will gather him, and keep him, as shepherd does their flock.
Jeremiah 31:18	OT	Jeremiah	yes	no	no	I have surely heard Efrayim bemoaning himself [thus], You have chastised me, and I was chastised, as a calf unaccustomed [to the yoke]: turn you me, and I shall be turned; for you are YHWH my God.	There is hope for your latter end, says YHWH; and [your] children shall come again to their own border.
Jeremiah 31:20	OT	Jeremiah	yes	no	no	Is Efrayim my dear son? is he a darling child? for as often as I speak against him, I do earnestly remember him still: therefore my heart yearns for him; I will surely have mercy on him, says YHWH.	Surely after that I was turned, I turned back; and after that I was instructed, I struck on my thigh: I was ashamed, yes, even confounded, because I did bear the reproach of my youth.
Jeremiah 32:3	OT	Jeremiah	yes	no	no	For Tzidkiyahu king of Yehudah had shut him up, saying, Why do you prophesy, and say, Thus says YHWH, Behold, I will give this city into the hand of the king of Bavel, and he shall take it;	Now at that time the king of Bavel's army was besieging Yerushalayim; and Yirmeyahu the prophet was shut up in the court of the guard, which was in the king of Yehudah's house.
Jeremiah 32:5	OT	Jeremiah	yes	no	no	and he shall bring Tzidkiyahu to Bavel, and there shall he be until I visit him, says YHWH: though you fight with the Chaldeans, you shall not prosper?	and Tzidkiyahu king of Yehudah shall not escape out of the hand of the Chaldeans, but shall surely be delivered into the hand of the king of Bavel, and shall speak with him mouth to mouth, and his eyes shall see his eyes;
Jeremiah 32:28	OT	Jeremiah	yes	no	no	Therefore thus says YHWH: Behold, I will give this city into the hand of the Chaldeans, and into the hand of Nebuchadnezzar king of Bavel, and he shall take it:	Behold, I am YHWH, the God of all flesh: is there anything too hard for me?
Jeremiah 33:1	OT	Jeremiah	yes	no	no	Moreover the word of YHWH came to Yirmeyahu the second time, while he was yet shut up in the court of the guard, saying,	
Jeremiah 34:1	OT	Jeremiah	yes	no	no	The word which came to Yirmeyahu from YHWH, when Nebuchadnezzar king of Bavel, and all his army, and all the kingdoms of the earth that were under his dominion, and all the peoples, were fighting against Yerushalayim, and against all the cities of it, saying:	
Jeremiah 34:2	OT	Jeremiah	yes	no	no	Thus says YHWH, the God of Israel, Go, and speak to Tzidkiyahu king of Yehudah, and tell him, Thus says YHWH, Behold, I will give this city into the hand of the king of Bavel, and he shall burn it with fire:	The word which came to Yirmeyahu from YHWH, when Nebuchadnezzar king of Bavel, and all his army, and all the kingdoms of the earth that were under his dominion, and all the peoples, were fighting against Yerushalayim, and against all the cities of it, saying:
Jeremiah 35:18	OT	Jeremiah	yes	no	no	Yirmeyahu said to the house of the Rechabites, Thus says YHWH of Armies, the God of Israel: Because you have obeyed the commandment of Jonadab your father, and kept all his precepts, and done according to all that he commanded you;	therefore thus says YHWH, the God of Armies, the God of Israel: Behold, I will bring on Yehudah and on all the inhabitants of Yerushalayim all the calamity that I have pronounced against them; because I have spoken to them, but they have not heard; and I have called to them, but they have not answered.
Jeremiah 36:4	OT	Jeremiah	yes	no	no	Then Yirmeyahu called Baruch the son of Neriah; and Baruch wrote from the mouth of Yirmeyahu all the words of YHWH, which YHWH had spoken to him, on a scroll of a book.	It may be that the house of Yehudah will hear all the calamity which I purpose to bring on them; that they may return everyone from their wrong way; that I may forgive their iniquity and their sin.
Jeremiah 36:8	OT	Jeremiah	yes	no	no	Baruch the son of Neriah did according to all that Yirmeyahu the prophet commanded him, reading in the book the words of YHWH in YHWH's house.	It may be they will present their supplication before YHWH, and will return everyone from their broken way; for great is the anger and the wrath that YHWH has pronounced against this people.
Jeremiah 36:30	OT	Jeremiah	yes	no	no	Therefore thus says YHWH concerning Jehoiakim king of Yehudah: He shall have none to sit on the throne of Dawid; and his dead body shall be cast out in the day to the heat, and in the night to the frost.	Concerning Jehoiakim king of Yehudah you shall say, Thus says YHWH: You have burned this scroll, saying, Why have you written therein, saying, The king of Bavel shall certainly come and destroy this land, and shall cause to cease from there man and animal?
Jeremiah 37:2	OT	Jeremiah	yes	no	no	But neither he, nor his servants, nor the people of the land, did listen to the words of YHWH, which YHWH spoke by the prophet Yirmeyahu.	Tzidkiyahu the son of Yoshiyahu reigned as king, instead of Coniah the son of Jehoiakim, whom Nebuchadnezzar king of Bavel made king in the land of Yehudah.
Jeremiah 37:17	OT	Jeremiah	yes	no	no	Then Tzidkiyahu the king sent, and fetched him: and the king asked him secretly in his house, and said, Is there any word from YHWH? Yirmeyahu said, There is. He said also, You shall be delivered into the hand of the king of Bavel.	When Yirmeyahu was come into the dungeon house, and into the cells, and Yirmeyahu had remained there many days;
Jeremiah 38:2	OT	Jeremiah	yes	no	no	Thus says YHWH, The one who remains in this city shall die by the sword, by the famine, and by the pestilence; but the one who goes forth to the Chaldeans shall live, and their life shall be to him for a prey, and they shall live.	Shephatiah the son of Mattan, and Gedaliah the son of Pashhur, and Jucal the son of Shelemiah, and Pashhur the son of Malchijah, heard the words that Yirmeyahu spoke to all the people, saying,
Jeremiah 38:3	OT	Jeremiah	yes	no	no	Thus says YHWH, This city shall surely be given into the hand of the army of the king of Bavel, and he shall take it.	Thus says YHWH, The one who remains in this city shall die by the sword, by the famine, and by the pestilence; but the one who goes forth to the Chaldeans shall live, and their life shall be to him for a prey, and they shall live.
Jeremiah 38:14	OT	Jeremiah	yes	no	no	Then Tzidkiyahu the king sent, and took Yirmeyahu the prophet to him into the third entry that is in the house of YHWH: and the king said to Yirmeyahu, I will ask you a thing; hide nothing from me.	So they drew up Yirmeyahu with the cords, and took him up out of the dungeon: and Yirmeyahu remained in the court of the guard.
Jeremiah 39:15	OT	Jeremiah	yes	no	no	Now the word of YHWH came to Yirmeyahu, while he was shut up in the court of the guard, saying,	they sent, and took Yirmeyahu out of the court of the guard, and committed him to Gedaliah the son of Ahikam, the son of Shaphan, that he should carry him home: so he lived among the people.
Jeremiah 40:1	OT	Jeremiah	yes	no	no	The word which came to Yirmeyahu from YHWH, after that Nebuzaradan the captain of the guard had let him go from Ramah, when he had taken him being bound in chains among all the captives of Yerushalayim and Yehudah, who were carried away captive to Bavel.	
Jeremiah 40:2	OT	Jeremiah	yes	no	no	The captain of the guard took Yirmeyahu, and said to him, YHWH your God pronounced this calamity on this place;	The word which came to Yirmeyahu from YHWH, after that Nebuzaradan the captain of the guard had let him go from Ramah, when he had taken him being bound in chains among all the captives of Yerushalayim and Yehudah, who were carried away captive to Bavel.
Jeremiah 42:9	OT	Jeremiah	yes	no	no	and said to them, Thus says YHWH, the God of Israel, to whom you sent me to present your supplication before him:	Then called he Johanan the son of Kareah, and all the captains of the forces who were with him, and all the people from the least even to the greatest,
Jeremiah 42:11	OT	Jeremiah	yes	no	no	Don't be afraid of the king of Bavel, of whom you are afraid; don't be afraid of him, says YHWH: for I am with you to save you, and to deliver you from his hand.	If you will still abide in this land, then will I build you, and not pull you down, and I will plant you, and not pluck you up; for I grieve over the distress that I have brought on you.
Jeremiah 42:21	OT	Jeremiah	yes	no	no	and I have this day declared it to you; but you have not obeyed the voice of YHWH your God in anything for which he has sent me to you.	For you have dealt deceitfully against your own souls; for you sent me to YHWH your God, saying, Pray for us to YHWH our God; and according to all that YHWH our God shall say, so declare to us, and we will do it:
Jeremiah 43:1	OT	Jeremiah	yes	no	no	It happened that, when Yirmeyahu had made an end of speaking to all the people all the words of YHWH their God, with which YHWH their God had sent him to them, even all these words,	
Jeremiah 43:10	OT	Jeremiah	yes	no	no	and tell them, Thus says YHWH of Armies, the God of Israel: Behold, I will send and take Nebuchadnezzar the king of Bavel, my servant, and will set his throne on these stones that I have hidden; and he shall spread his royal pavilion over them.	Take great stones in your hand, and hide them in mortar in the brick work, which is at the entry of Pharaoh's house in Tahpanhes, in the sight of the people of Yehudah;
Jeremiah 43:11	OT	Jeremiah	no	yes	no	He shall come, and shall strike the land of Mitzrayim; such as are for death [shall be given] to death, and such as are for captivity to captivity, and such as are for the sword to the sword.	and tell them, Thus says YHWH of Armies, the God of Israel: Behold, I will send and take Nebuchadnezzar the king of Bavel, my servant, and will set his throne on these stones that I have hidden; and he shall spread his royal pavilion over them.
Jeremiah 44:21	OT	Jeremiah	yes	no	no	The incense that you burned in the cities of Yehudah, and in the streets of Yerushalayim, you and your fathers, your kings and your princes, and the people of the land, didn't YHWH remember them, and didn't it come into his mind?	Then Yirmeyahu said to all the people, to the men, and to the women, even to all the people who had given him an answer, saying,
Jeremiah 44:30	OT	Jeremiah	yes	no	no	Thus says YHWH, Behold, I will give Pharaoh Hophra king of Mitzrayim into the hand of his enemies, and into the hand of those who seek his life; as I gave Tzidkiyahu king of Yehudah into the hand of Nebuchadnezzar king of Bavel, who was his enemy, and sought his life.	This shall be the sign to you, says YHWH, that I will punish you in this place, that you may know that my words shall surely stand against you for harm:
Jeremiah 45:4	OT	Jeremiah	yes	no	no	Thus shall you tell him, Thus says YHWH: Behold, that which I have built will I break down, and that which I have planted I will pluck up; and this in the whole land.	You did say, Woe is me now! for YHWH has added sorrow to my pain; I am weary with my groaning, and I find no rest.
Jeremiah 46:10	OT	Jeremiah	yes	no	no	For that day is [a day] of YHWH, YHWH of Armies, a day of vengeance, that he may avenge him of his adversaries: and the sword shall devour and be satiate, and shall drink its fill of their blood; for YHWH, YHWH of Armies, has a sacrifice in the north country by the river Perat.	Go up, you horses; and rage, you chariots; and let the mighty men go forth: Cush and Put, who handle the shield; and the Ludim, who handle and bend the bow.
Jeremiah 46:16	OT	Jeremiah	no	yes	no	He made many to stumble, yes, they fell one on another: and they said, Arise, and let us go again to our own people, and to the land of our birth, from the oppressing sword.	Why are your strong ones swept away? they didn't stand, because YHWH did drive them.
Jeremiah 46:18	OT	Jeremiah	yes	no	no	As I live, says the King, whose name is YHWH of Armies, surely like Tabor among the mountains, and like Carmel by the sea, so shall he come.	They cried there, Pharaoh king of Mitzrayim is but a noise; he has let the appointed time pass by.
Jeremiah 46:25	OT	Jeremiah	yes	no	no	YHWH of Armies, the God of Israel, says: Behold, I will punish Amon of No, and Pharaoh, and Mitzrayim, with her gods, and her kings; even Pharaoh, and those who trust in him:	The daughter of Mitzrayim shall be disappointed; she shall be delivered into the hand of the people of the north.
Jeremiah 46:26	OT	Jeremiah	yes	no	no	and I will deliver them into the hand of those who seek their lives, and into the hand of Nebuchadnezzar king of Bavel, and into the hand of his servants; and afterwards it shall be inhabited, as in the days of old, says YHWH.	YHWH of Armies, the God of Israel, says: Behold, I will punish Amon of No, and Pharaoh, and Mitzrayim, with her gods, and her kings; even Pharaoh, and those who trust in him:
Jeremiah 47:7	OT	Jeremiah	yes	no	no	How can you be quiet, seeing YHWH has given you a charge? Against Ashqelon, and against the seashore, there has he appointed it.	You sword of YHWH, how long will it be before you be quiet? put up yourself into your scabbard; rest, and be still.
Jeremiah 48:12	OT	Jeremiah	yes	no	no	Therefore, behold, the days come, says YHWH, that I will send to him those who pour off, and they shall pour him off; and they shall empty his vessels, and break their bottles in pieces.	Moab has been at ease from his youth, and he has settled on his lees, and has not been emptied from vessel to vessel, neither has he gone into captivity: therefore his taste remains in him, and his scent is not changed.
Jeremiah 48:15	OT	Jeremiah	yes	no	no	Moab is laid waste, and they are gone up into his cities, and his chosen young people are gone down to the slaughter, says the King, whose name is YHWH of Armies.	How say you, We are mighty men, and valiant men for the war?
Jeremiah 48:25	OT	Jeremiah	yes	no	no	The horn of Moab is cut off, and his arm is broken, says YHWH.	and on Kerioth, and on Bozrah, and on all the cities of the land of Moab, far or near.
Jeremiah 48:26	OT	Jeremiah	yes	no	no	Make you him drunken; for he magnified himself against YHWH: and Moab shall wallow in his vomit, and he also shall be in derision.	The horn of Moab is cut off, and his arm is broken, says YHWH.
Jeremiah 48:30	OT	Jeremiah	yes	no	no	I know his wrath, says YHWH, that it is nothing; his boastings have worked nothing.	We have heard of the pride of Moab, [that] he is very proud; his loftiness, and his pride, and his arrogance, and the haughtiness of his heart.
Jeremiah 48:40	OT	Jeremiah	yes	no	no	For thus says YHWH: Behold, he shall fly as an eagle, and shall spread out his wings against Moab.	How is it broken down! [how] do they wail! how has Moab turned the back with shame! so shall Moab become a derision and a terror to all who are round about him.
Jeremiah 48:42	OT	Jeremiah	yes	no	no	Moab shall be destroyed from being a people, because he has magnified himself against YHWH.	Kerioth is taken, and the strongholds are seized, and the heart of the mighty men of Moab at that day shall be as the heart of a woman in her pangs.
Jeremiah 48:44	OT	Jeremiah	yes	no	no	The one who flees from the fear shall fall into the pit; and the one who gets up out of the pit shall be taken in the snare: for I will bring on him, even on Moab, the year of their visitation, says YHWH.	Fear, and the pit, and the snare, are on you, inhabitant of Moab, says YHWH.
Jeremiah 49:1	OT	Jeremiah	yes	no	no	Of the children of Ammon. Thus says YHWH: Has Israel no sons? has he no heir? why then does Malcam possess Gad, and his people well in the cities of it?	
Jeremiah 49:2	OT	Jeremiah	yes	no	no	Therefore, behold, the days come, says YHWH, that I will cause an alarm of war to be heard against Rabbah of the children of Ammon; and it shall become a desolate heap, and her daughters shall be burned with fire: then shall Israel possess those who did possess him, says YHWH.	Of the children of Ammon. Thus says YHWH: Has Israel no sons? has he no heir? why then does Malcam possess Gad, and his people well in the cities of it?
Jeremiah 49:20	OT	Jeremiah	yes	no	no	Therefore hear the counsel of YHWH, that YHWH has taken against Edom; and YHWH’s purposes, that YHWH has purposed against the inhabitants of Teman: Surely they shall drag them away, [even] the little ones of the flock; surely he shall make their habitation desolate over them.	Behold, he shall come up like a lion from the pride of the Yarden against the strong habitation: for I will suddenly make them run away from it; and whoever is chosen, him will I appoint over it: for who is like me? and who will appoint me a time? and who is the shepherd who will stand before me?
Jeremiah 50:18	OT	Jeremiah	yes	no	no	Therefore thus says YHWH of Armies, the God of Israel: Behold, I will punish the king of Bavel and his land, as I have punished the king of Ashur.	Israel is a hunted sheep; the lions have driven him away: first, the king of Ashur devoured him; and now at last Nebuchadnezzar king of Bavel has broken his bones.
Jeremiah 50:28	OT	Jeremiah	yes	no	no	The voice of those who flee and escape out of the land of Bavel, to declare in Tzion the vengeance of YHWH our God, the vengeance of his temple.	Kill all her bulls; let them go down to the slaughter: woe to them! for their day is come, the time of their visitation.
Jeremiah 50:45	OT	Jeremiah	yes	no	no	Therefore hear the counsel of YHWH, that YHWH has taken against Bavel; and YHWH’s purposes, that YHWH has purposed against the land of the Chaldeans: Surely they shall drag them away, [even] the little ones of the flock; surely he shall make their habitation desolate over them.	Behold, [the enemy] shall come up like a lion from the pride of the Yarden against the strong habitation: for I will suddenly make them run away from it; and whoever is chosen, him will I appoint over it: for who is like me? and who will appoint me a time? and who is the shepherd who can stand before me?
Jeremiah 51:5	OT	Jeremiah	yes	no	no	For Israel is not forsaken, nor Yehudah, of his God, of YHWH of Armies; though their land is full of guilt against the Holy One of Israel.	They shall fall down slain in the land of the Chaldeans, and thrust through in her streets.
Jeremiah 51:6	OT	Jeremiah	yes	no	no	Flee out of the midst of Bavel, and save everyone their life; don't be cut off in her iniquity: for it is the time of YHWH's vengeance; he will render to her a recompense.	For Israel is not forsaken, nor Yehudah, of his God, of YHWH of Armies; though their land is full of guilt against the Holy One of Israel.
Jeremiah 51:11	OT	Jeremiah	yes	no	no	Make sharp the arrows; hold firm the shields: YHWH has stirred up the spirit of the kings of the Medes; because his purpose is against Bavel, to destroy it: for it is the vengeance of YHWH, the vengeance of his temple.	YHWH has brought forth our righteousness: come, and let us declare in Tzion the work of YHWH our God.
Jeremiah 51:12	OT	Jeremiah	yes	no	no	Set up a standard against the walls of Bavel, make the watch strong, set the watchmen, prepare the ambushes; for YHWH has both purposed and done that which he spoke concerning the inhabitants of Bavel.	Make sharp the arrows; hold firm the shields: YHWH has stirred up the spirit of the kings of the Medes; because his purpose is against Bavel, to destroy it: for it is the vengeance of YHWH, the vengeance of his temple.
Jeremiah 52:2	OT	Jeremiah	yes	no	no	He did what was broken in the sight of YHWH, according to all that Jehoiakim had done.	Tzidkiyahu was twenty-one years old when he began to reign; and he reigned eleven years in Yerushalayim: and his mother's name was Hamutal the daughter of Yirmeyahu of Libnah.
Jeremiah 52:3	OT	Jeremiah	yes	no	no	For through the anger of YHWH did it happen in Yerushalayim and Yehudah, until he had cast them out from his presence. Tzidkiyahu rebelled against the king of Bavel.	He did what was broken in the sight of YHWH, according to all that Jehoiakim had done.
Jeremiah 52:13	OT	Jeremiah	yes	no	no	and he burned the house of YHWH, and the king's house; and all the houses of Yerushalayim, even every great house, burned he with fire.	Now in the fifth month, in the tenth day of the month, which was the nineteenth year of king Nebuchadnezzar, king of Bavel, came Nebuzaradan the captain of the guard, who stood before the king of Bavel, into Yerushalayim:
Lamentations 1:9	OT	Lamentations	yes	no	no	Her filthiness was in her skirts; she didn't remember her latter end; therefore is she come down wonderfully; she has no comforter: see, YHWH, my affliction; for the enemy has magnified himself.	Yerushalayim has grievously sinned; therefore she is become as an unclean thing; all who honored her despise her, because they have seen her nakedness: yes, she sighs, and turns backward.
Lamentations 1:12	OT	Lamentations	yes	no	no	Is it nothing to you, all you who pass by? Look, and see if there be any sorrow like my sorrow, which is brought on me, With which YHWH has afflicted [me] in the day of his fierce anger.	All her people sigh, they seek bread; they have given their pleasant things for food to refresh the soul: look, YHWH, and see; for I am become abject.
Lamentations 1:14	OT	Lamentations	yes	no	no	The yoke of my transgressions is bound by his hand; They are knit together, they are come up on my neck; he has made my strength to fail: YHWH has delivered me into their hands, against whom I am not able to stand.	From on high has he sent fire into my bones, and it prevails against them; He has spread a net for my feet, he has turned me back: He has made me desolate and faint all the day.
Lamentations 1:15	OT	Lamentations	yes	no	yes	YHWH has set at nothing all my mighty men in the midst of me; He has called a solemn assembly against me to crush my young people: YHWH has trodden as in a winepress the virgin daughter of Yehudah.	The yoke of my transgressions is bound by his hand; They are knit together, they are come up on my neck; he has made my strength to fail: YHWH has delivered me into their hands, against whom I am not able to stand.
Lamentations 1:17	OT	Lamentations	yes	no	no	Tzion spreads forth her hands; there is none to comfort her; YHWH has commanded concerning Ya'akov, that those who are round about him should be his adversaries: Yerushalayim is among them as an unclean thing.	For these things I weep; my eye, my eye runs down with water; Because the comforter who should refresh my soul is far from me: My children are desolate, because the enemy has prevailed.
Lamentations 1:18	OT	Lamentations	yes	no	yes	YHWH is righteous; for I have rebelled against his commandment: Please hear all you peoples, and see my sorrow: My virgins and my young people are gone into captivity.	Tzion spreads forth her hands; there is none to comfort her; YHWH has commanded concerning Ya'akov, that those who are round about him should be his adversaries: Yerushalayim is among them as an unclean thing.
Lamentations 2:2	OT	Lamentations	yes	no	yes	YHWH has swallowed up all the habitations of Ya'akov, and has not pitied: He has thrown down in his wrath the strongholds of the daughter of Yehudah; He has brought them down to the ground; he has profaned the kingdom and the princes of it.	How has YHWH covered the daughter of Tzion with a cloud in YHWH’s anger! YHWH has cast down from heaven to the earth the beauty of Israel, And hasn't remembered YHWH’s footstool in the day of YHWH’s anger.
Lamentations 2:5	OT	Lamentations	yes	no	no	YHWH is become as an enemy, YHWH has swallowed up Israel; YHWH has swallowed up all her palaces, YHWH has destroyed his strongholds; YHWH has multiplied in the daughter of Yehudah mourning and lamentation.	YHWH has bent YHWH’s bow like an enemy, YHWH has stood with YHWH’s right hand as an adversary, Has killed all that were pleasant to the eye: In the tent of the daughter of Tzion YHWH has poured out YHWH’s wrath like fire.
Lamentations 2:8	OT	Lamentations	yes	no	yes	YHWH has purposed to destroy the wall of the daughter of Tzion; He has stretched out the line, he has not withdrawn his hand from destroying; He has made the rampart and wall to lament; they languish together.	YHWH has cast off YHWH’s altar, YHWH has abhorred YHWH’s sanctuary; YHWH has given up into the hand of the enemy the walls of her palaces: They have made a noise in the house of YHWH, as in the day of a solemn assembly.
Lamentations 2:9	OT	Lamentations	yes	no	no	Her gates are sunk into the ground; he has destroyed and broken her bars: Her king and her princes are among the nations where the law is not; Yes, her prophets find no vision from YHWH.	YHWH has purposed to destroy the wall of the daughter of Tzion; He has stretched out the line, he has not withdrawn his hand from destroying; He has made the rampart and wall to lament; they languish together.
Lamentations 2:19	OT	Lamentations	yes	no	no	Arise, cry out in the night, at the beginning of the watches; Pour out your heart like water before the face of YHWH: Lift up your hands toward him for the life of your young children, that faint for hunger at the head of every street.	Their heart cried to YHWH: wall of the daughter of Tzion, let tears run down like a river day and night; Give yourself no respite; don't let the apple of your eye cease.
Lamentations 3:24	OT	Lamentations	yes	no	no	YHWH is my portion, says my soul; therefore will I hope in him.	They are new every morning; great is your faithfulness.
Lamentations 3:25	OT	Lamentations	yes	no	yes	YHWH is good to those who wait for him, to the soul that seeks him.	YHWH is my portion, says my soul; therefore will I hope in him.
Lamentations 4:16	OT	Lamentations	yes	no	yes	The anger of YHWH has scattered them; he will no more regard them: They didn't respect the persons of the priests, they didn't favor the elders.	Depart you, they cried to them, Unclean! depart, depart, don't touch! When they fled away and wandered, men said among the nations, They shall no more sojourn [here].
Lamentations 4:20	OT	Lamentations	yes	no	no	The breath of our nostrils, the anointed of YHWH, was taken in their pits; Of whom we said, Under his shadow we shall live among the nations.	Our pursuers were swifter than the eagles of the sky: They chased us on the mountains, they laid wait for us in the wilderness.
Ezekiel 1:3	OT	Ezekiel	yes	no	no	the word of YHWH came expressly to Yechezkel the priest, the son of Buzi, in the land of the Chaldeans by the river Chebar; and the hand of YHWH was there on him.	In the fifth [day] of the month, which was the fifth year of king Jehoiachin's captivity,
Ezekiel 3:12	OT	Ezekiel	yes	no	yes	Then the Ruach lifted me up, and I heard behind me the voice of a great rushing, [saying], Blessed be the glory of YHWH from his place.	Go, get you to them of the captivity, to the children of your people, and speak to them, and tell them, Thus says YHWH God; whether they will hear, or whether they will forbear.
Ezekiel 3:22	OT	Ezekiel	yes	no	yes	The hand of YHWH was there on me; and he said to me, Arise, go forth into the plain, and I will there talk with you.	Nevertheless if you warn the righteous person, that the righteous not sin, and they do not sin, they shall surely live, because they took warning; and you have delivered your soul.
Ezekiel 3:27	OT	Ezekiel	yes	no	no	But when I speak with you, I will open your mouth, and you shall tell them, Thus says YHWH God: The one who hears, let him hear; and the one who forbears, let him forbear: for they are a rebellious house.	and I will make your tongue cleave to the roof of your mouth, that you shall be mute, and shall not be to them a reprover; for they are a rebellious house.
Ezekiel 8:3	OT	Ezekiel	yes	no	no	He put forth the form of a hand, and took me by a lock of my head; and the Ruach lifted me up between earth and the sky, and brought me in the visions of Elohim to Yerushalayim, to the door of the gate of the inner [court] that looks toward the north; where was the seat of the image of jealousy, which provokes to jealousy.	Then I saw, and behold, a likeness as the appearance of fire; from the appearance of his waist and downward, fire; and from his waist and upward, as the appearance of brightness, as it were glowing metal.
Ezekiel 8:13	OT	Ezekiel	no	yes	no	He said also to me, You shall again see yet other great abominations which they do.	Then said they to me, Child of humanity, have you seen what the elders of the house of Israel do in the dark, everyone in their chambers of imagery? for they say, YHWH doesn't see us; YHWH has forsaken the land.
Ezekiel 8:14	OT	Ezekiel	yes	no	no	Then he brought me to the door of the gate of YHWH's house which was toward the north; and see, there sat the women weeping for Tammuz.	He said also to me, You shall again see yet other great abominations which they do.
Ezekiel 8:16	OT	Ezekiel	yes	no	no	He brought me into the inner court of YHWH's house; and see, at the door of the temple of YHWH, between the porch and the altar, were about twenty-five men, with their backs toward the temple of YHWH, and their faces toward the east; and they were worshipping the sun toward the east.	Then said he to me, Have you seen [this], child of humanity? you shall again see yet greater abominations than these.
Ezekiel 9:4	OT	Ezekiel	yes	no	no	YHWH said to him, Go through the midst of the city, through the midst of Yerushalayim, and set a mark on the foreheads of the men that sigh and that cry over all the abominations that are done in the midst of it.	The glory of the God of Israel was gone up from the cherub, whereupon it was, to the threshold of the house: and they called to the person clothed in linen, who had the writer's inkhorn by their side.
Ezekiel 9:9	OT	Ezekiel	yes	no	no	Then said he to me, The iniquity of the house of Israel and Yehudah is exceedingly great, and the land is full of blood, and the city full of perversion: for they say, YHWH has forsaken the land, and YHWH doesn't see.	It happened, while they were smiting, and I was left, that I fell on my face, and cried, and said, Ah YHWH God! will you destroy all the residue of Israel in your pouring out of your wrath on Yerushalayim?
Ezekiel 11:2	OT	Ezekiel	no	yes	no	He said to me, Child of humanity, these are the people who devise iniquity, and who give wicked counsel in this city;	Moreover the Ruach lifted me up, and brought me to the east gate of YHWH's house, which looks eastward: and see, at the door of the gate twenty-five men; and I saw in the midst of them Jaazaniah the son of Azzur, and Pelatiah the son of Benayahu, princes of the people.
Ezekiel 14:4	OT	Ezekiel	yes	no	no	Therefore speak to them, and tell them, Thus says YHWH God: Everyone of the house of Israel who takes their idols into their heart, and puts the stumbling block of their iniquity before their face, and comes to the prophet; I YHWH will answer him therein according to the multitude of his idols;	Child of humanity, these men have taken their idols into their heart, and put the stumbling block of their iniquity before their face: should I be inquired of at all by them?
Ezekiel 14:7	OT	Ezekiel	yes	no	no	For everyone of the house of Israel, or of the strangers who sojourn in Israel, who separates themselves from me, and takes their idols into their heart, and puts the stumbling block of their iniquity before their face, and comes to the prophet to inquire for themselves of me; I YHWH will answer him by myself:	Therefore tell the house of Israel, Thus says YHWH God: Return you, and turn yourselves from your idols; and turn away your faces from all your abominations.
Ezekiel 14:8	OT	Ezekiel	yes	no	no	and I will set my face against that man, and will make him an astonishment, for a sign and a proverb, and I will cut him off from the midst of my people; and you shall know that I am YHWH.	For everyone of the house of Israel, or of the strangers who sojourn in Israel, who separates themselves from me, and takes their idols into their heart, and puts the stumbling block of their iniquity before their face, and comes to the prophet to inquire for themselves of me; I YHWH will answer him by myself:
Ezekiel 14:9	OT	Ezekiel	yes	no	no	If the prophet be deceived and speak a word, I, YHWH, have deceived that prophet, and I will stretch out my hand on him, and will destroy him from the midst of my people Israel.	and I will set my face against that man, and will make him an astonishment, for a sign and a proverb, and I will cut him off from the midst of my people; and you shall know that I am YHWH.
Ezekiel 17:9	OT	Ezekiel	yes	no	no	Say you, Thus says YHWH God: Shall it prosper? shall he not pull up the roots of it, and cut off the fruit of it, that it may wither; that all its fresh springing leaves may wither? and not by a strong arm or much people can it be raised from the roots of it.	It was planted in a good soil by many waters, that it might bring forth branches, and that it might bear fruit, that it might be a goodly vine.
Ezekiel 17:16	OT	Ezekiel	yes	no	no	As I live, says YHWH God, surely in the place where the king dwells who made him king, whose oath he despised, and whose covenant he broke, even with him in the midst of Bavel he shall die.	But he rebelled against him in sending his ambassadors into Mitzrayim, that they might give him horses and much people. Shall he prosper? shall he escape who does such things? shall he break the covenant, and yet escape?
Ezekiel 17:19	OT	Ezekiel	yes	no	yes	Therefore thus says YHWH God: As I live, surely my oath that he has despised, and my covenant that he has broken, I will even bring it on his own head.	For he has despised the oath by breaking the covenant; and behold, he had given his hand, and yet has done all these things; he shall not escape.
Ezekiel 17:21	OT	Ezekiel	yes	no	no	All his fugitives in all his bands shall fall by the sword, and those who remain shall be scattered toward every wind: and you shall know that I, YHWH, have spoken it.	I will spread my net on him, and he shall be taken in my snare, and I will bring him to Bavel, and will enter into judgment with him there for his trespass that he has trespassed against me.
Ezekiel 18:9	OT	Ezekiel	yes	no	no	has walked in my statutes, and has kept my ordinances, to deal truly; he is just, he shall surely live, says YHWH God.	the one who has not given forth on interest, neither has taken any increase, who has withdrawn their hand from iniquity, has executed true justice between man and man,
Ezekiel 18:23	OT	Ezekiel	yes	no	yes	Have I any pleasure in the death of the wicked? says YHWH God; and not rather that he should return from his way, and live?	None of his transgressions that he has committed shall be remembered against him: in his righteousness that he has done he shall live.
Ezekiel 20:49	OT	Ezekiel	yes	no	no	Then said I, Ah YHWH God! they say of me, Isn't he a speaker of parables?	All flesh shall see that I, YHWH, have kindled it; it shall not be quenched.
Ezekiel 24:24	OT	Ezekiel	yes	no	no	Thus shall Yechezkel be to you a sign; according to all that he has done shall you do: when this comes, then shall you know that I am YHWH God.	Your tires shall be on your heads, and your shoes on your feet: you shall not mourn nor weep; but you shall pine away in your iniquities, and moan one toward another.
Ezekiel 25:12	OT	Ezekiel	yes	no	no	Thus says YHWH God: Because Edom has dealt against the house of Yehudah by taking vengeance, and has greatly offended, and revenged himself on them;	and I will execute judgments on Moab; and they shall know that I am YHWH.
Ezekiel 26:8	OT	Ezekiel	no	yes	no	He shall kill with the sword your daughters in the field; and he shall make forts against you, and cast up a mound against you, and raise up the buckler against you.	For thus says YHWH God: Behold, I will bring on Tzor Nebuchadnezzar king of Bavel, king of kings, from the north, with horses, and with chariots, and with horsemen, and a company, and much people.
Ezekiel 28:12	OT	Ezekiel	yes	no	yes	Child of humanity, take up a lamentation over the king of Tzor, and tell him, Thus says YHWH God: You seal up the sum, full of wisdom, and perfect in beauty.	Moreover the word of YHWH came to me, saying,
Ezekiel 29:3	OT	Ezekiel	yes	no	no	"Speak and say, 'Thus says YHWH God: ""Behold, I am against you, Pharaoh king of Mitzrayim, the great monster that lies in the midst of his rivers, that has said, 'My river is my own, and I have made it for myself.'"	"""Child of humanity, set your face against Pharaoh king of Mitzrayim, and prophesy against him and against all Mitzrayim."
Ezekiel 29:9	OT	Ezekiel	yes	no	no	The land of Mitzrayim shall be a desolation and a waste; and they shall know that I am YHWH. Because he has said, 'The river is mine, and I have made it;'	"Therefore thus says YHWH God: ""Behold, I will bring a sword on you, and will cut off from you man and animal."
Ezekiel 29:19	OT	Ezekiel	yes	no	no	Therefore thus says YHWH God: Behold, I will give the land of Mitzrayim to Nebuchadnezzar king of Bavel; and he shall carry off her multitude, and take her spoil, and take her prey; and it shall be the wages for his army.	Child of humanity, Nebuchadnezzar king of Bavel caused his army to serve a great service against Tzor: every head was made bald, and every shoulder was worn; yet had he no wages, nor his army, from Tzor, for the service that he had served against it.
Ezekiel 29:20	OT	Ezekiel	yes	no	no	I have given him the land of Mitzrayim as his recompense for which he served, because they worked for me, says YHWH God.	Therefore thus says YHWH God: Behold, I will give the land of Mitzrayim to Nebuchadnezzar king of Bavel; and he shall carry off her multitude, and take her spoil, and take her prey; and it shall be the wages for his army.
Ezekiel 30:11	OT	Ezekiel	no	yes	no	He and his people with him, the terrible of the nations, shall be brought in to destroy the land; and they shall draw their swords against Mitzrayim, and fill the land with the slain.	Thus says YHWH God: I will also make the multitude of Mitzrayim to cease, by the hand of Nebuchadnezzar king of Bavel.
Ezekiel 30:22	OT	Ezekiel	yes	no	no	Therefore thus says YHWH God: Behold, I am against Pharaoh king of Mitzrayim, and will break his arms, the strong [arm], and that which was broken; and I will cause the sword to fall out of his hand.	Child of humanity, I have broken the arm of Pharaoh king of Mitzrayim; and behold, it has not been bound up, to apply [healing] medicines, to put a bandage to bind it, that it be strong to hold the sword.
Ezekiel 30:25	OT	Ezekiel	yes	no	no	I will hold up the arms of the king of Bavel; and the arms of Pharaoh shall fall down; and they shall know that I am YHWH, when I shall put my sword into the hand of the king of Bavel, and he shall stretch it out on the land of Mitzrayim.	I will strengthen the arms of the king of Bavel, and put my sword in his hand: but I will break the arms of Pharaoh, and he shall groan before him with the groanings of a deadly wounded man.
Ezekiel 31:10	OT	Ezekiel	yes	no	yes	Therefore thus said YHWH God: Because you are exalted in stature, and he has set his top among the thick boughs, and his heart is lifted up in his height;	I made it beautiful by the multitude of its branches, so that all the trees of Eden, that were in the garden of Elohim, envied it.
Ezekiel 31:15	OT	Ezekiel	yes	no	no	Thus says YHWH God: In the day when he went down to Sheol I caused a mourning: I covered the deep for him, and I restrained the rivers of it; and the great waters were stayed; and I caused Levanon to mourn for him, and all the trees of the field fainted for him.	to the end that none of all the trees by the waters exalt themselves in their stature, neither set their top among the thick boughs, nor that their mighty ones stand up on their height, [even] all who drink water: for they are all delivered to death, to the lower parts of the earth, in the midst of the children of people, with those who go down to the pit.
Ezekiel 31:18	OT	Ezekiel	yes	no	no	To whom are you thus like in glory and in greatness among the trees of Eden? yet shall you be brought down with the trees of Eden to the lower parts of the earth: you shall lie in the midst of the uncircumcised, with those who are slain by the sword. This is Pharaoh and all his multitude, says YHWH God.	They also went down into Sheol with him to those who are slain by the sword; yes, those who were his arm, [that] lived under his shadow in the midst of the nations.
Ezekiel 32:31	OT	Ezekiel	yes	no	no	Pharaoh shall see them, and shall be comforted over all his multitude, even Pharaoh and all his army, slain by the sword, says YHWH God.	There are the princes of the north, all of them, and all the Sidonians, who are gone down with the slain; in the terror which they caused by their might they are put to shame; and they lie uncircumcised with those who are slain by the sword, and bear their shame with those who go down to the pit.
Ezekiel 32:32	OT	Ezekiel	yes	no	no	For I have put his terror in the land of the living; and he shall be laid in the midst of the uncircumcised, with those who are slain by the sword, even Pharaoh and all his multitude, says YHWH God.	Pharaoh shall see them, and shall be comforted over all his multitude, even Pharaoh and all his army, slain by the sword, says YHWH God.
Ezekiel 33:11	OT	Ezekiel	yes	no	no	Tell them, As I live, says YHWH God, I have no pleasure in the death of the wicked; but that the wicked turn from his way and live: turn you, turn you from your broken ways; for why will you die, house of Israel?	You, child of humanity, tell the house of Israel: Thus you speak, saying, Our transgressions and our sins are on us, and we pine away in them; how then can we live?
Ezekiel 33:22	OT	Ezekiel	yes	no	no	Now the hand of YHWH had been on me in the evening, before the one who was escaped came; and he had opened my mouth, until he came to me in the morning; and my mouth was opened, and I was no more mute.	It happened in the twelfth year of our captivity, in the tenth [month], in the fifth [day] of the month, that one who had escaped out of Yerushalayim came to me, saying, The city has been struck.
Ezekiel 36:20	OT	Ezekiel	yes	no	yes	When they came to the nations, where they went, they profaned my holy name; in that men said of them, These are the people of YHWH, and are gone forth out of his land.	and I scattered them among the nations, and they were dispersed through the countries: according to their way and according to their doings I judged them.
Ezekiel 37:1	OT	Ezekiel	yes	no	yes	The hand of YHWH was on me, and he brought me out in the Ruach of YHWH, and set me down in the midst of the valley; and it was full of bones.	
Ezekiel 37:2	OT	Ezekiel	no	yes	no	He caused me to pass by them round about: and behold, there were very many in the open valley; and behold, they were very dry.	The hand of YHWH was on me, and he brought me out in the Ruach of YHWH, and set me down in the midst of the valley; and it was full of bones.
Ezekiel 37:3	OT	Ezekiel	yes	no	no	He said to me, Child of humanity, can these bones live? I answered, YHWH God, you know.	He caused me to pass by them round about: and behold, there were very many in the open valley; and behold, they were very dry.
Ezekiel 37:4	OT	Ezekiel	yes	no	no	Again he said to me, Prophesy over these bones, and tell them, you dry bones, hear the word of YHWH.	He said to me, Child of humanity, can these bones live? I answered, YHWH God, you know.
Ezekiel 37:9	OT	Ezekiel	yes	no	no	Then said he to me, Prophesy to the wind, prophesy, child of humanity, and tell the wind, Thus says YHWH God: Come from the four winds, breath, and breathe on these slain, that they may live.	I saw, and, behold, there were sinews on them, and flesh came up, and skin covered them above; but there was no breath in them.
Ezekiel 37:19	OT	Ezekiel	yes	no	no	tell them, Thus says YHWH God: Behold, I will take the stick of Yosef, which is in the hand of Efrayim, and the tribes of Israel his companions; and I will put them with it, [even] with the stick of Yehudah, and make them one stick, and they shall be one in my hand.	When the children of your people shall speak to you, saying, Will you not show us what you mean by these?
Ezekiel 38:17	OT	Ezekiel	yes	no	no	Thus says YHWH God: Are you he of whom I spoke in old time by my servants the prophets of Israel, who prophesied in those days for [many] years that I would bring you against them?	and you shall come up against my people Israel, as a cloud to cover the land: it shall happen in the latter days, that I will bring you against my land, that the nations may know me, when I shall be sanctified in you, Gog, before their eyes.
Ezekiel 38:21	OT	Ezekiel	yes	no	yes	I will call for a sword against him to all my mountains, says YHWH God: everyone's sword shall be against their brother.	so that the fish of the sea, and the birds of the sky, and the animals of the field, and all creeping things who creep on the earth, and all the people who are on the surface of the earth, shall shake at my presence, and the mountains shall be thrown down, and the steep places shall fall, and every wall shall fall to the ground.
Ezekiel 40:1	OT	Ezekiel	yes	no	yes	In the five and twentieth year of our captivity, in the beginning of the year, in the tenth [day] of the month, in the fourteenth year after that the city was struck, in the same day, the hand of YHWH was on me, and he brought me there.	
Ezekiel 40:2	OT	Ezekiel	yes	no	no	In the visions of Elohim brought he me into the land of Israel, and set me down on a very high mountain, whereon was as it were the frame of a city on the south.	In the five and twentieth year of our captivity, in the beginning of the year, in the tenth [day] of the month, in the fourteenth year after that the city was struck, in the same day, the hand of YHWH was on me, and he brought me there.
Ezekiel 40:3	OT	Ezekiel	no	yes	no	He brought me there; and, behold, there was a person, whose appearance was like the appearance of brass, with a line of flax in their hand, and a measuring reed; and he stood in the gate.	In the visions of Elohim brought he me into the land of Israel, and set me down on a very high mountain, whereon was as it were the frame of a city on the south.
Ezekiel 40:46	OT	Ezekiel	yes	no	no	and the chamber whose prospect is toward the north is for the priests, the keepers of the charge of the altar: these are the sons of Tzadok, who from among the sons of Levi come near to YHWH to minister to him.	He said to me, This chamber, whose prospect is toward the south, is for the priests, the keepers of the charge of the house;
Ezekiel 40:47	OT	Ezekiel	no	yes	no	He measured the court, one hundred cubits long, and a hundred cubits broad, foursquare; and the altar was before the house.	and the chamber whose prospect is toward the north is for the priests, the keepers of the charge of the altar: these are the sons of Tzadok, who from among the sons of Levi come near to YHWH to minister to him.
Ezekiel 41:22	OT	Ezekiel	yes	no	no	The altar was of wood, three cubits high, and the length of it two cubits; and the corners of it, and the length of it, and the walls of it, were of wood: and he said to me, This is the table that is before YHWH.	As for the temple, the door posts were squared; and as for the face of the sanctuary, the appearance [of it] was as the appearance [of the temple].
Ezekiel 42:13	OT	Ezekiel	yes	no	no	Then said he to me, The north chambers and the south chambers, which are before the separate place, they are the holy chambers, where the priests who are near to YHWH shall eat the most holy things: there shall they lay the most holy things, and the meal offering, and the sin offering, and the trespass offering; for the place is holy.	According to the doors of the chambers that were toward the south was a door at the head of the way, even the way directly before the wall toward the east, as one enters into them.
Ezekiel 43:18	OT	Ezekiel	yes	no	no	He said to me, Child of humanity, thus says YHWH God: These are the ordinances of the altar in the day when they shall make it, to offer burnt offerings thereon, and to sprinkle blood thereon.	The ledge shall be fourteen [cubits] long by fourteen broad in the four sides of it; and the border about it shall be half a cubit; and the bottom of it shall be a cubit round about; and the steps of it shall look toward the east.
Ezekiel 44:3	OT	Ezekiel	yes	no	yes	As for the prince, he shall sit therein as prince to eat bread before YHWH; he shall enter by the way of the porch of the gate, and shall go out by the way of the same.	YHWH said to me, This gate shall be shut; it shall not be opened, neither shall anyone enter in by it; for YHWH, the God of Israel, has entered in by it; therefore it shall be shut.
Ezekiel 44:4	OT	Ezekiel	yes	no	no	Then he brought me by the way of the north gate before the house; and I looked, and behold, the glory of YHWH filled the house of YHWH: and I fell on my face.	As for the prince, he shall sit therein as prince to eat bread before YHWH; he shall enter by the way of the porch of the gate, and shall go out by the way of the same.
Ezekiel 44:27	OT	Ezekiel	yes	no	no	In the day that he goes into the sanctuary, into the inner court, to minister in the sanctuary, he shall offer his sin offering, says YHWH God.	After he is cleansed, they shall reckon to him seven days.
Ezekiel 45:23	OT	Ezekiel	yes	no	no	The seven days of the feast he shall prepare a burnt offering to YHWH, seven bulls and seven rams without blemish daily the seven days; and a male goat daily for a sin offering.	On that day shall the prince prepare for himself and for all the people of the land a bull for a sin offering.
Ezekiel 45:24	OT	Ezekiel	no	yes	no	He shall prepare a meal offering, an ephah for a bull, and an ephah for a ram, and a hin of oil to an ephah.	The seven days of the feast he shall prepare a burnt offering to YHWH, seven bulls and seven rams without blemish daily the seven days; and a male goat daily for a sin offering.
Ezekiel 46:9	OT	Ezekiel	yes	no	no	But when the people of the land shall come before YHWH in the appointed feasts, the one who enters by the way of the north gate to worship shall go forth by the way of the south gate; and the one who enters by the way of the south gate shall go forth by the way of the north gate: they shall not return by the way of the gate by which they came in, but shall go forth straight before him.	When the prince shall enter, he shall go in by the way of the porch of the gate, and he shall go forth by the way of it.
Ezekiel 46:12	OT	Ezekiel	yes	no	yes	When the prince shall prepare a freewill offering, a burnt offering or peace offerings as a freewill offering to YHWH, one shall open for him the gate that looks toward the east; and he shall prepare his burnt offering and his peace offerings, as he does on the Sabbath day: then he shall go forth; and after his going forth one shall shut the gate.	In the feasts and in the solemnities the meal offering shall be an ephah for a bull, and an ephah for a ram, and for the lambs as he is able to give, and a hin of oil to an ephah.
Ezekiel 46:16	OT	Ezekiel	yes	no	no	Thus says YHWH God: If the prince give a gift to any of his sons, it is his inheritance, it shall belong to his sons; it is their possession by inheritance.	Thus shall they prepare the lamb, and the meal offering, and the oil, morning by morning, for a continual burnt offering.
Ezekiel 47:23	OT	Ezekiel	yes	no	yes	It shall happen, that in what tribe the stranger sojourns, there shall you give him his inheritance, says YHWH God.	It shall happen, that you shall divide it by lot for an inheritance to you and to the strangers who sojourn among you, who shall father children among you; and they shall be to you as the native-born among the children of Israel; they shall have inheritance with you among the tribes of Israel.
Daniel 1:2	OT	Daniel	yes	no	yes	YHWH gave Jehoiakim king of Yehudah into his hand, with part of the vessels of the house of Elohim; and he carried them into the land of Shinar to the house of his god: and he brought the vessels into the treasure house of his god.	In the third year of the reign of Jehoiakim king of Yehudah came Nebuchadnezzar king of Bavel to Yerushalayim, and besieged it.
Daniel 2:18	OT	Daniel	yes	no	yes	that they would desire mercies of the God of heaven concerning this secret; that Dani'el and his companions should not perish with the rest of the wise people of Bavel.	Then Dani'el went to his house, and made the thing known to Hananiah, Mishael, and Azaryah, his companions:
Daniel 2:20	OT	Daniel	yes	no	no	Dani'el answered, Blessed be the name of Elohim forever and ever; for wisdom and might are his.	Then was the secret revealed to Dani'el in a vision of the night. Then Dani'el blessed the God of heaven.
Daniel 3:17	OT	Daniel	yes	no	yes	If it be [so], our God whom we serve is able to deliver us from the burning fiery furnace; and he will deliver us out of your hand, O king.	Shadrach, Meshach, and Abednego answered the king, Nebuchadnezzar, we have no need to answer you in this matter.
Daniel 3:26	OT	Daniel	yes	no	no	Then Nebuchadnezzar came near to the mouth of the burning fiery furnace: he spoke and said, Shadrach, Meshach, and Abednego, you servants of the Most High Elohim, come forth, and come here. Then Shadrach, Meshach, and Abednego came forth out of the midst of the fire.	He answered, Look, I see four men loose, walking in the midst of the fire, and they have no hurt; and the aspect of the fourth is like a son of the gods.
Daniel 5:3	OT	Daniel	yes	no	no	Then they brought the golden vessels that were taken out of the temple of the house of Elohim which was at Yerushalayim; and the king and his lords, his wives and his concubines, drank from them.	Belshazzar, while he tasted the wine, commanded to bring the golden and silver vessels which Nebuchadnezzar his father had taken out of the temple which was in Yerushalayim; that the king and his lords, his wives and his concubines, might drink from them.
Daniel 5:21	OT	Daniel	yes	no	no	and he was driven from the human beings, and his heart was made like the animals', and his dwelling was with the wild donkeys; he was fed with grass like oxen, and his body was wet with the dew of the sky; until they knew that the Most High Elohim rules in the kingdom of people, and that they sets up over it whoever they will.	But when his heart was lifted up, and his spirit was hardened so that he dealt proudly, he was deposed from his kingly throne, and they took his glory from him:
Daniel 5:23	OT	Daniel	yes	no	yes	but have lifted up yourself against YHWH of heaven; and they have brought the vessels of his house before you, and you and your lords, your wives and your concubines, have drunk wine from them; and you have praised the gods of silver and gold, of brass, iron, wood, and stone, which don't see, nor hear, nor know; and the Elohim in whose hand your breath is, and whose are all your ways, you have not glorified.	You his son, Belshazzar, have not humbled your heart, though you knew all this,
Daniel 6:5	OT	Daniel	yes	no	yes	Then said these men, We shall not find any occasion against this Dani'el, except we find it against him concerning the law of his God.	Then the presidents and the satraps sought to find occasion against Dani'el as touching the kingdom; but they could find no occasion nor fault, because he was faithful, neither was there any error or fault found in him.
Daniel 6:10	OT	Daniel	yes	no	no	When Dani'el knew that the writing was signed, he went into his house (now his windows were open in his chamber toward Yerushalayim) and he kneeled on his knees three times a day, and prayed, and gave thanks before his God, as he did before.	Therefore king Darius signed the writing and the interdict.
Daniel 6:11	OT	Daniel	yes	no	no	Then these men assembled together, and found Dani'el making petition and supplication before his God.	When Dani'el knew that the writing was signed, he went into his house (now his windows were open in his chamber toward Yerushalayim) and he kneeled on his knees three times a day, and prayed, and gave thanks before his God, as he did before.
Daniel 6:16	OT	Daniel	yes	no	no	Then the king commanded, and they brought Dani'el, and cast him into the den of lions. [Now] the king spoke and said to Dani'el, your God whom you serve continually, God will deliver you.	Then these men assembled together to the king, and said to the king, Know, O king, that it is a law of the Medes and Persians, that no interdict nor statute which the king establishes may be changed.
Daniel 6:20	OT	Daniel	yes	no	no	When he came near to the den to Dani'el, he cried with a lamentable voice; the king spoke and said to Dani'el, Dani'el, servant of the living Elohim, is your God, whom you serve continually, able to deliver you from the lions?	Then the king arose very early in the morning, and went in haste to the den of lions.
Daniel 6:22	OT	Daniel	yes	no	no	my God has sent his angel, and has shut the lions' mouths, and they have not hurt me; because as before him innocence was found in me; and also before you, O king, have I done no hurt.	Then said Dani'el to the king, O king, live forever.
Daniel 6:23	OT	Daniel	yes	no	yes	Then was the king exceeding glad, and commanded that they should take Dani'el up out of the den. So Dani'el was taken up out of the den, and no manner of hurt was found on him, because he had trusted in his God.	my God has sent his angel, and has shut the lions' mouths, and they have not hurt me; because as before him innocence was found in me; and also before you, O king, have I done no hurt.
Daniel 7:25	OT	Daniel	yes	no	yes	He shall speak words against the Most High, and shall wear out the saints of the Most High; and he shall think to change the times and the law; and they shall be given into his hand until a time and times and half a time.	As for the ten horns, out of this kingdom shall ten kings arise: and another shall arise after them; and he shall be diverse from the former, and he shall put down three kings.
Daniel 7:27	OT	Daniel	yes	no	yes	The kingdom and the dominion, and the greatness of the kingdoms under the whole sky, shall be given to the people of the saints of the Most High: his kingdom is an everlasting kingdom, and all dominions shall serve and obey him.	But the judgment shall be set, and they shall take away his dominion, to consume and to destroy it to the end.
Daniel 9:2	OT	Daniel	yes	no	no	in the first year of his reign I, Dani'el, understood by the books the number of the years about which the word of YHWH came to Yirmeyahu the prophet, for the accomplishing of the desolations of Yerushalayim, even seventy years.	In the first year of Darius the son of Ahasuerus, of the seed of the Medes, who was made king over the realm of the Chaldeans,
Daniel 9:9	OT	Daniel	yes	no	no	To YHWH our God belong mercies and forgiveness; for we have rebelled against him;	YHWH, to us belongs confusion of face, to our kings, to our princes, and to our fathers, because we have sinned against you.
Daniel 9:10	OT	Daniel	yes	no	yes	neither have we obeyed the voice of YHWH our God, to walk in his laws, which he set before us by his servants the prophets.	To YHWH our God belong mercies and forgiveness; for we have rebelled against him;
Daniel 9:11	OT	Daniel	yes	no	no	Yes, all Israel have transgressed your law, even turning aside, that they should not obey your voice: therefore has the curse been poured out on us, and the oath that is written in the law of Moshe the servant of Elohim; for we have sinned against him.	neither have we obeyed the voice of YHWH our God, to walk in his laws, which he set before us by his servants the prophets.
Daniel 9:12	OT	Daniel	no	yes	no	He has confirmed his words, which he spoke against us, and against our judges who judged us, by bringing on us a great calamity; for under the whole sky has not been done as has been done on Yerushalayim.	Yes, all Israel have transgressed your law, even turning aside, that they should not obey your voice: therefore has the curse been poured out on us, and the oath that is written in the law of Moshe the servant of Elohim; for we have sinned against him.
Daniel 9:17	OT	Daniel	yes	no	no	Now therefore, our God, listen to the prayer of your servant, and to his petitions, and cause your face to shine on your sanctuary that is desolate, for YHWH's sake.	YHWH, according to all your righteousness, let your anger and please let your wrath be turned away from your city Yerushalayim, your holy mountain; because for our sins, and for the iniquities of our fathers, Yerushalayim and your people are become a reproach to all who are round about us.
Daniel 10:12	OT	Daniel	yes	no	no	Then said he to me, Don't be afraid, Dani'el; for from the first day that you did set your heart to understand, and to humble yourself before your God, your words were heard: and I am come for your words' sake.	He said to me, Dani'el, you man greatly beloved, understand the words that I speak to you, and stand upright; for to you am I now sent. When he had spoken this word to me, I stood trembling.
Daniel 11:32	OT	Daniel	yes	no	no	Such as do wickedly against the covenant shall he pervert by flatteries; but the people who know their God shall be strong, and do [exploits].	Forces shall stand on his part, and they shall profane the sanctuary, even the fortress, and shall take away the continual [burnt offering], and they shall set up the abomination that makes desolate.
Daniel 11:36	OT	Daniel	yes	no	yes	The king shall do according to his will; and he shall exalt himself, and magnify himself above every god, and shall speak marvelous things against the God of gods; and he shall prosper until the indignation be accomplished; for that which is determined shall be done.	Some of those who are wise shall fall, to refine them, and to purify, and to make them white, even to the time of the end; because it is yet for the time appointed.
Hosea 1:4	OT	Hosea	yes	no	yes	"YHWH said to him, ""Call his name Jezreel; for yet a little while, and I will avenge the blood of Jezreel on the house of Yehu, and will cause the kingdom of the house of Israel to cease."	So he went and took Gomer the daughter of Diblaim; and she conceived, and bore him a son.
Hosea 3:5	OT	Hosea	yes	no	yes	Afterward the children of Israel shall return, and seek YHWH their God, and Dawid their king, and shall come with trembling to YHWH and to his blessings in the last days.	For the children of Israel shall abide many days without king, and without prince, and without sacrifice, and without sacred stone, and without ephod or idols.
Hosea 6:1	OT	Hosea	yes	no	yes	"""Come, and let us return to YHWH; for he has torn us to pieces, and he will heal us; he has injured us, and he will bind up our wounds."	
Hosea 7:10	OT	Hosea	yes	no	yes	The pride of Israel testifies to his face; yet they haven't returned to YHWH their God, nor sought him, for all this.	Strangers have devoured his strength, and he doesn't realize it. Indeed, gray hairs are here and there on him, and he doesn't realize it.
Hosea 8:13	OT	Hosea	yes	no	no	As for the sacrifices of my offerings, they sacrifice flesh and eat it; But YHWH doesn't accept them. Now he will remember their iniquity, and punish their sins. They will return to Mitzrayim.	I wrote for him the many things of my law; but they were regarded as a strange thing.
Hosea 9:4	OT	Hosea	yes	no	no	They won't pour out wine offerings to YHWH, neither will they be pleasing to him. Their sacrifices will be to them like the bread of mourners; all who eat of it will be polluted; for their bread will be for their appetite. It will not come into the house of YHWH.	They won't dwell in YHWH's land; but Efrayim will return to Mitzrayim, and they will eat unclean food in Ashur.
Hosea 9:8	OT	Hosea	yes	no	no	A prophet watches over Efrayim with my God. A fowler's snare is on all of his paths, and hostility in the house of his God.	The days of visitation have come. The days of reckoning have come. Israel will consider the prophet to be a fool, and the one who is inspired to be insane, because of the abundance of your sins, and because your hostility is great.
Hosea 9:17	OT	Hosea	yes	no	no	my God will cast them away, because they did not listen to him; and they will be wanderers among the nations.	"Efrayim is struck. Their root has dried up. They will bear no fruit. Even though they bring forth, yet I will kill the beloved ones of their womb."""
Hosea 10:3	OT	Hosea	yes	no	no	"Surely now they will say, ""We have no king; for we don't revere YHWH; and the king, what can he do for us?"""	Their heart is divided. Now they will be found guilty. He will demolish their altars. He will destroy their sacred stones.
Hosea 11:7	OT	Hosea	yes	no	yes	My people are determined to turn from me. Though they call to the Most High, he certainly won't exalt them.	The sword will fall on their cities, and will destroy the bars of their gates, and will put an end to their plans.
Hosea 11:10	OT	Hosea	yes	no	yes	They will walk after YHWH, who will roar like a lion; for he will roar, and the children will come trembling from the west.	I will not execute the fierceness of my anger. I will not return to destroy Efrayim: for I am Elohim, and not man; the Holy One in the midst of you; and I will not come in wrath.
Hosea 12:2	OT	Hosea	yes	no	no	YHWH also has a controversy with Yehudah, and will punish Ya'akov according to his ways; according to his deeds he will repay him.	Efrayim feeds on wind, and chases the east wind. He continually multiplies lies and desolation. They make a covenant with Ashur, and oil is carried into Mitzrayim.
Hosea 12:3	OT	Hosea	yes	no	no	In the womb he took his brother by the heel; and in his manhood he contended with Elohim.	YHWH also has a controversy with Yehudah, and will punish Ya'akov according to his ways; according to his deeds he will repay him.
Hosea 12:13	OT	Hosea	yes	no	no	By a prophet YHWH brought Israel up out of Mitzrayim, and by a prophet he was preserved.	Ya'akov fled into the country of Aram, and Israel served to get a wife, and for a wife he tended flocks and herds.
Hosea 12:14	OT	Hosea	yes	no	yes	Efrayim has bitterly provoked anger. Therefore his blood will be left on him, and his YHWH will repay his contempt.	By a prophet YHWH brought Israel up out of Mitzrayim, and by a prophet he was preserved.
Hosea 13:15	OT	Hosea	yes	no	yes	Though he is fruitful among his brothers, an east wind will come, the breath of YHWH coming up from the wilderness; and his spring will become dry, and his fountain will be dried up. He will plunder the storehouse of treasure.	"I will ransom them from the power of Sheol. I will redeem them from death! Death, where are your plagues? Sheol, where is your destruction? ""Compassion will be hidden from my eyes."
Hosea 14:2	OT	Hosea	yes	no	no	"Take words with you, and return to YHWH. Tell him, ""Forgive all our sins, and accept that which is good: so we offer our lips like bulls."	Israel, return to YHWH your God; for you have fallen because of your sin.
Hosea 14:9	OT	Hosea	yes	no	no	Who is wise, that he may understand these things? Who is prudent, that he may know them? For the ways of YHWH are right, and the righteous walk in them; But the rebellious stumble in them.	"Efrayim, what have I to do any more with idols? I answer, and will take care of him. I am like a green fir tree; from me your fruit is found."""
Joel 2:11	OT	Joel	yes	no	yes	YHWH thunders YHWH’s voice before YHWH’s army; for YHWH’s forces are very great; for he is strong who obeys YHWH’s command; for the day of YHWH is great and very awesome, and who can endure it?	The earth quakes before them. The heavens tremble. The sun and the moon are darkened, and the stars withdraw their shining.
Joel 2:13	OT	Joel	yes	no	yes	Tear your heart, and not your garments, and turn to YHWH, your God; for he is gracious and merciful, slow to anger, and abundant in loving kindness, and relents from sending calamity.	"""Yet even now,"" says YHWH, ""turn to me with all your heart, and with fasting, and with weeping, and with mourning."""
Joel 2:14	OT	Joel	yes	no	no	Who knows? He may turn and relent, and leave a blessing behind him, even a meal offering and a drink offering to YHWH, your God.	Tear your heart, and not your garments, and turn to YHWH, your God; for he is gracious and merciful, slow to anger, and abundant in loving kindness, and relents from sending calamity.
Joel 2:23	OT	Joel	yes	no	yes	"""Be glad then, you children of Tzion, and rejoice in YHWH, your God; for he gives you the former rain in just measure, and he causes the rain to come down for you, the former rain and the latter rain, as before."	Don't be afraid, you animals of the field; for the pastures of the wilderness spring up, for the tree bears its fruit. The fig tree and the vine yield their strength.
Amos 1:11	OT	Amos	yes	no	yes	"Thus says YHWH: ""For three transgressions of Edom, yes, for four, I will not turn away its punishment; because he pursued his brother with the sword, and cast off all pity, and his anger raged continually, and he kept his wrath forever;"	"but I will send a fire on the wall of Tzor, and it will devour its palaces."""
Amos 1:15	OT	Amos	yes	no	no	"and their king will go into captivity, he and his princes together,"" says YHWH."	But I will kindle a fire in the wall of Rabbah, and it will devour its palaces, with shouting in the day of battle, with a storm in the day of the whirlwind;
Amos 2:1	OT	Amos	yes	no	yes	"Thus says YHWH: ""For three transgressions of Moab, yes, for four, I will not turn away its punishment; because he burned the bones of the king of Edom into lime;"	
Amos 2:3	OT	Amos	yes	no	yes	"and I will cut off the judge from their midst, and will kill all its princes with him,"" says YHWH."	but I will send a fire on Moab, and it will devour the palaces of Kerioth; and Moab will die with tumult, with shouting, and with the sound of the trumpet;
Amos 3:11	OT	Amos	yes	no	yes	"Therefore thus says YHWH God: ""An adversary will overrun the land; and he will pull down your strongholds, and your fortresses will be plundered."""	"""Indeed they don't know to do right,"" says YHWH, ""Who hoard plunder and loot in their palaces."""
Amos 6:8	OT	Amos	yes	no	no	"""YHWH God has sworn by YHWH,"" says YHWH, the God of Armies: ""I abhor the pride of Ya'akov, and detest his fortresses. Therefore I will deliver up the city with all that is in it."	Therefore they will now go captive with the first who go captive; and the feasting and lounging will end.
Amos 6:10	OT	Amos	yes	no	no	"""When someone's relative carries him, even the one who burns him, to bring bodies out of the house, and asks the one who is in the innermost parts of the house, 'Is there yet any with you?' And he says, 'No;' then he will say, 'Hush! Indeed we must not mention the name of YHWH.'"	It will happen, if there remain ten men in one house, that they shall die.
Amos 7:1	OT	Amos	yes	no	yes	Thus YHWH God showed me: and behold, he formed locusts in the beginning of the shooting up of the latter growth; and behold, it was the latter growth after the king's harvest.	
Amos 7:2	OT	Amos	yes	no	no	"It happened that, when they made an end of eating the grass of the land, then I said, ""YHWH God, forgive, I beg you! How could Ya'akov stand? For he is small."""	Thus YHWH God showed me: and behold, he formed locusts in the beginning of the shooting up of the latter growth; and behold, it was the latter growth after the king's harvest.
Amos 7:5	OT	Amos	yes	no	no	"Then I said, ""YHWH God, stop, I beg you! How could Ya'akov stand? For he is small."""	Thus YHWH God showed me and behold, YHWH God called for judgment by fire; and it dried up the great deep, and would have devoured the land.
Amos 7:17	OT	Amos	yes	no	no	"Therefore thus says YHWH: 'Your wife shall be a prostitute in the city, and your sons and your daughters shall fall by the sword, and your land shall be divided by line; and you yourself shall die in a land that is unclean, and Israel shall surely be led away captive out of his land.'"""	Now therefore listen to the word of YHWH: 'You say, Don't prophesy against Israel, and don't preach against the house of Yitzhak.'
Amos 8:2	OT	Amos	yes	yes	no	"He said, ""Amos, what do you see?"" I said, ""A basket of summer fruit."" Then YHWH said to me, ""The end has come on my people Israel. I will not again pass by them any more."	Thus YHWH God showed me: behold, a basket of summer fruit.
Jonah 1:3	OT	Jonah	yes	no	yes	But Yonah rose up to flee to Tarshish from the presence of YHWH. He went down to Yafo, and found a ship going to Tarshish; so he paid its fare, and went down into it, to go with them to Tarshish from the presence of YHWH.	"""Arise, go to Ninveh, that great city, and preach against it, for their wickedness has come up before me."""
Jonah 1:6	OT	Jonah	yes	no	no	"So the shipmaster came to him, and said to him, ""What do you mean, sleeper? Arise, call on your God! Maybe your God will notice us, so that we won't perish."""	Then the mariners were afraid, and cried everyone to their god. They threw the cargo that was in the ship into the sea, to lighten it. But Yonah had gone down into the innermost parts of the ship, and he was laying down, and was fast asleep.
Jonah 1:9	OT	Jonah	yes	no	no	"He said to them, ""I am a Hebrew, and I revere YHWH, the God of heaven, who has made the sea and the dry land."""	"Then they asked him, ""Tell us, please, for whose cause this trouble is on us. What is your occupation? Where do you come from? What is your country? Of what people are you?"""
Jonah 1:10	OT	Jonah	yes	no	yes	"Then were the men exceedingly afraid, and said to him, ""What is this that you have done?"" For the men knew that he was fleeing from the presence of YHWH, because he had told them."	"He said to them, ""I am a Hebrew, and I revere YHWH, the God of heaven, who has made the sea and the dry land."""
Jonah 2:1	OT	Jonah	yes	no	yes	Then Yonah prayed to YHWH, his God, out of the fish's belly.	
Jonah 2:2	OT	Jonah	yes	yes	yes	"He said, ""I called because of my affliction to YHWH. He answered me. Out of the belly of Sheol I cried. You heard my voice."	Then Yonah prayed to YHWH, his God, out of the fish's belly.
Jonah 3:9	OT	Jonah	yes	no	no	"Who knows whether Elohim will not turn and relent, and turn away from his fierce anger, so that we might not perish?"""	but let them be covered with sackcloth, both man and animal, and let them cry mightily to Elohim. Yes, let them turn everyone from their broken way, and from the violence that is in their hands.
Jonah 4:2	OT	Jonah	yes	no	no	"He prayed to YHWH, and said, ""Please, YHWH, wasn't this what I said when I was still in my own country? Therefore I hurried to flee to Tarshish, for I knew that you are a gracious Elohim, and merciful, slow to anger, and abundant in loving kindness, and you relent of doing harm."	But it displeased Yonah exceedingly, and he was angry.
Jonah 4:6	OT	Jonah	yes	no	no	YHWH Elohim prepared a vine, and made it to come up over Yonah, that it might be a shade over his head, to deliver him from his discomfort. So Yonah was exceedingly glad because of the vine.	Then Yonah went out of the city, and sat on the east side of the city, and there made himself a booth, and sat under it in the shade, until he might see what would become of the city.
Jonah 4:8	OT	Jonah	yes	no	no	"It happened, when the sun arose, that Elohim prepared a sultry east wind; and the sun beat on Yonah's head, so that he fainted, and requested for himself that he might die, and said, ""It is better for me to die than to live."""	But Elohim prepared a worm at dawn the next day, and it chewed on the vine, so that it withered.
Jonah 4:9	OT	Jonah	yes	no	no	"Elohim said to Yonah, ""Is it right for you to be angry about the vine?"" He said, ""I am right to be angry, even to death."""	"It happened, when the sun arose, that Elohim prepared a sultry east wind; and the sun beat on Yonah's head, so that he fainted, and requested for himself that he might die, and said, ""It is better for me to die than to live."""
Micah 1:1	OT	Micah	yes	no	no	The word of YHWH that came to Micah the Morashtite in the days of Yotam, Achaz, and Chizkiyahu, kings of Yehudah, which he saw concerning Shomron and Yerushalayim.	
Micah 1:2	OT	Micah	yes	no	yes	Hear, you peoples, all of you. Listen, O earth, and all that is therein: and let YHWH God be witness against you, YHWH from his holy temple.	The word of YHWH that came to Micah the Morashtite in the days of Yotam, Achaz, and Chizkiyahu, kings of Yehudah, which he saw concerning Shomron and Yerushalayim.
Micah 1:3	OT	Micah	yes	no	yes	For, behold, YHWH comes forth out of his place, and will come down and tread on the high places of the earth.	Hear, you peoples, all of you. Listen, O earth, and all that is therein: and let YHWH God be witness against you, YHWH from his holy temple.
Micah 2:7	OT	Micah	yes	no	no	"Shall it be said, O house of Ya'akov: ""Is the Ruach of YHWH angry? Are these his doings? Don't my words do good to the one who walks blamelessly?"""	"""Don't prophesy!"" They prophesy. ""Don't prophesy about these things. Disgrace won't overtake us."""
Micah 3:5	OT	Micah	yes	no	no	"Thus says YHWH concerning the prophets who lead my people astray; for those who feed their teeth, they proclaim, ""Peace!"" and whoever doesn't provide for their mouths, they prepare war against him:"	"Then they will cry to YHWH, but YHWH will not answer them. Yes, YHWH will hide YHWH’s face from them at that time, because their deeds were broken."""
Micah 3:8	OT	Micah	yes	no	no	But as for me, I am full of power by the Ruach of YHWH, and of judgment, and of might, to declare to Ya'akov his disobedience, and to Israel his sin.	"The seers shall be disappointed, and the diviners confounded. Yes, they shall all cover their lips; for there is no answer from Elohim."""
Micah 4:12	OT	Micah	yes	no	yes	But they don't know the thoughts of YHWH, neither do they understand his counsel; for he has gathered them like the sheaves to the threshing floor.	"Now many nations have assembled against you, that say, ""Let her be defiled, and let our eye gloat over Tzion."""
Micah 5:4	OT	Micah	yes	no	no	He shall stand, and shall shepherd in the strength of YHWH, in the majesty of the name of YHWH his God: and they will live, for then he will be great to the ends of the earth.	Therefore he will abandon them until the time that she who is in labor gives birth. Then the rest of his brothers will return to the children of Israel.
Micah 5:5	OT	Micah	no	yes	no	He will be our peace when Ashur invades our land, and when he marches through our fortresses, then we will raise against him seven shepherds, and eight leaders of people.	He shall stand, and shall shepherd in the strength of YHWH, in the majesty of the name of YHWH his God: and they will live, for then he will be great to the ends of the earth.
Micah 6:5	OT	Micah	yes	no	no	"My people, remember now what Balak king of Moab devised, and what Bil'am the son of Beor answered him from Shittim to Gilgal, that you may know the righteous acts of YHWH."""	For I brought you up out of the land of Mitzrayim, and redeemed you out of the house of bondage. I sent before you Moshe, Aharon, and Miryam.
Micah 6:6	OT	Micah	yes	no	no	How shall I come before YHWH, and bow myself before the exalted Elohim? Shall I come before him with burnt offerings, with calves a year old?	"My people, remember now what Balak king of Moab devised, and what Bil'am the son of Beor answered him from Shittim to Gilgal, that you may know the righteous acts of YHWH."""
Micah 6:8	OT	Micah	yes	yes	no	He has shown you, O human one, what is good. What does YHWH require of you, but to act justly, to love mercy, and to walk humbly with your God?	Will YHWH be pleased with thousands of rams? With tens of thousands of rivers of oil? Shall I give my firstborn for my disobedience? The fruit of my body for the sin of my soul?
Nahum 1:7	OT	Nahum	yes	no	yes	YHWH is good, a stronghold in the day of trouble; and he knows those who take refuge in him.	Who can stand before his indignation? Who can endure the fierceness of his anger? His wrath is poured out like fire, and the rocks are broken apart by him.
Nahum 1:12	OT	Nahum	yes	no	yes	"Thus says YHWH: ""Though they be in full strength, and likewise many, even so they will be cut down, and he shall pass away. Though I have afflicted you, I will afflict you no more."	There is one gone forth out of you, who devises harm against YHWH, who counsels wickedness.
Habakkuk 1:12	OT	Habakkuk	yes	no	no	Aren't you from everlasting, YHWH my God, my Holy One? We will not die. YHWH, you have appointed him for judgment. You, Rock, have established him to punish.	"Then he sweeps by like the wind, and goes on. He is indeed guilty, whose strength is his god."""
Habakkuk 2:2	OT	Habakkuk	yes	no	yes	"YHWH answered me, ""Write the vision, and make it plain on tablets, that he may run who reads it."	I will stand at my watch, and set myself on the ramparts, and will look out to see what he will say to me, and what I will answer concerning my complaint.
Habakkuk 2:20	OT	Habakkuk	yes	no	yes	"But YHWH is in his holy temple. Let all the earth be silent before him!"""	Woe to the one who says to the wood, 'Awake!' or to the mute stone, 'Arise!' Shall this teach? Behold, it is overlaid with gold and silver, and there is no breath at all in the midst of it.
Zephaniah 1:6	OT	Zephaniah	yes	no	yes	those who have turned back from following YHWH, and those who haven't sought YHWH nor inquired after him.	those who worship the army of the sky on the housetops, those who worship and swear by YHWH and also swear by Malcam,
Zephaniah 1:12	OT	Zephaniah	yes	no	no	"It will happen at that time, that I will search Yerushalayim with lamps, and I will punish the people who are settled on their dregs, who say in their heart, ""YHWH will not do good, neither will he do wrong."""	Wail, you inhabitants of Maktesh, for all the people of Kena'an are undone! All those who were loaded with silver are cut off.
Zephaniah 1:18	OT	Zephaniah	yes	no	yes	Neither their silver nor their gold will be able to deliver them in the day of YHWH's wrath, but the whole land will be devoured by the fire of his jealousy; for he will make an end, yes, a terrible end, of all those who dwell in the land.	I will bring distress on men, that they will walk like blind men, because they have sinned against YHWH, and their blood will be poured out like dust, and their flesh like dung.
Zephaniah 2:3	OT	Zephaniah	yes	no	yes	Seek YHWH, all you humble of the land, who have kept his ordinances. Seek righteousness. Seek humility. It may be that you will be hidden in the day of YHWH's anger.	before the appointed time when the day passes as the chaff, before the fierce anger of YHWH comes on you, before the day of YHWH's anger comes on you.
Zephaniah 3:9	OT	Zephaniah	yes	no	yes	For then I will purify the lips of the peoples, that they may all call on the name of YHWH, to serve him shoulder to shoulder.	"""Therefore wait for me,"" says YHWH, ""until the day that I rise up to the prey, for my determination is to gather the nations, that I may assemble the kingdoms, to pour on them my indignation, even all my fierce anger, for all the earth will be devoured with the fire of my jealousy."
Haggai 1:9	OT	Haggai	yes	no	no	"""You looked for much, and, behold, it came to little; and when you brought it home, I blew it away. Why?"" says YHWH of Armies, ""Because of my house that lies waste, while each of you is busy with his own house."	"Go up to the mountain, bring wood, and build the house. I will take pleasure in it, and I will be glorified,"" says YHWH."
Haggai 1:12	OT	Haggai	yes	no	yes	Then Zerubavel, the son of She'altiel, and Yehoshua, the son of Jehozadak, the high priest, with all the remnant of the people, obeyed the voice of YHWH, their God, and the words of Haggai, the prophet, as YHWH, their God, had sent him; and the people revered YHWH.	"I called for a drought on the land, on the mountains, on the grain, on the new wine, on the oil, on that which the ground brings forth, on men, on livestock, and on all the labor of the hands."""
Zechariah 2:8	OT	Zechariah	yes	no	no	For thus says YHWH of Armies: 'For honor he has sent me to the nations which plundered you; for the one who touches you touches the apple of their eye.	'Come, Tzion! Escape, you who dwell with the daughter of Bavel.'
Zechariah 2:13	OT	Zechariah	yes	no	yes	"Be silent, all flesh, before YHWH; for he has roused himself from his holy habitation!"""	YHWH will inherit Yehudah as YHWH’s portion in the holy land, and will again choose Yerushalayim.
Zechariah 3:1	OT	Zechariah	yes	no	no	He showed me Yehoshua the high priest standing before the angel of YHWH, and the Adversary standing at his right hand to be his adversary.	
Zechariah 3:5	OT	Zechariah	yes	no	yes	"I said, ""Let them set a clean turban on his head."" So they set a clean turban on his head, and clothed him; and the angel of YHWH was standing by."	"He answered and spoke to those who stood before him, saying, ""Take the filthy garments off of him."" To him he said, ""Behold, I have caused your iniquity to pass from you, and I will clothe you with rich clothing."""
Zechariah 4:6	OT	Zechariah	yes	no	no	"Then he answered and spoke to me, saying, ""This is the word of YHWH to Zerubavel, saying, 'Not by might, nor by power, but by my Ruach,' says YHWH of Armies."	"Then the angel who talked with me answered me, ""Don't you know what these are?"" I said, ""No, my lord."""
Zechariah 4:9	OT	Zechariah	yes	no	no	"""The hands of Zerubavel have laid the foundation of this house. His hands shall also finish it; and you will know that YHWH of Armies has sent me to you."	Moreover the word of YHWH came to me, saying,
Zechariah 4:14	OT	Zechariah	yes	no	no	"Then he said, ""These are the two anointed ones who stand by YHWH of the whole earth."""	"He answered me, ""Don't you know what these are?"" I said, ""No, my lord."""
Zechariah 5:4	OT	Zechariah	yes	no	no	"I will cause it to go out,"" says YHWH of Armies, ""and it will enter into the house of the thief, and into the house of the one who swears falsely by my name; and it will remain in the midst of his house, and will destroy it with its timber and its stones."""	"Then he said to me, ""This is the curse that goes out over the surface of the whole land; for everyone who steals shall be cut off according to it on the one side; and everyone who swears falsely shall be cut off according to it on the other side."
Zechariah 6:12	OT	Zechariah	yes	no	yes	"and speak to him, saying, 'Thus says YHWH of Armies, ""Behold, the person whose name is the Branch: and they shall grow up out of their place; and he shall build the temple of YHWH;"	Yes, take silver and gold, and make crowns, and set them on the head of Yehoshua the son of Jehozadak, the high priest;
Zechariah 6:13	OT	Zechariah	yes	no	yes	even he shall build the temple of YHWH; and he shall bear the glory, and shall sit and rule on his throne; and he shall be a priest on his throne; and the counsel of peace shall be between them both.	"and speak to him, saying, 'Thus says YHWH of Armies, ""Behold, the person whose name is the Branch: and they shall grow up out of their place; and he shall build the temple of YHWH;"
Zechariah 7:12	OT	Zechariah	yes	no	yes	Yes, they made their hearts as hard as flint, lest they might hear the law, and the words which YHWH of Armies had sent by his Ruach by the former prophets. Therefore great wrath came from YHWH of Armies.	But they refused to listen, and turned their backs, and stopped their ears, that they might not hear.
Zechariah 7:13	OT	Zechariah	yes	no	no	"It has come to pass that, as he called, and they refused to listen, so they will call, and I will not listen,"" said YHWH of Armies;"	Yes, they made their hearts as hard as flint, lest they might hear the law, and the words which YHWH of Armies had sent by his Ruach by the former prophets. Therefore great wrath came from YHWH of Armies.
Zechariah 8:17	OT	Zechariah	yes	no	no	"and let none of you devise harm in your hearts against his neighbor, and love no false oath: for all these are things that I hate,"" says YHWH."	These are the things that you shall do: speak everyone the truth with their neighbor. Execute the judgment of truth and peace in your gates,
Zechariah 9:7	OT	Zechariah	yes	no	yes	I will take away his blood out of his mouth, and his abominations from between his teeth; and he also will be a remnant for our God; and he will be as a chieftain in Yehudah, and Ekron as a Jebusite.	Foreigners will dwell in Ashdod, and I will cut off the pride of the Philistines.
Zechariah 9:14	OT	Zechariah	yes	no	yes	YHWH will be seen over them; and his arrow will go flash like lightning; and YHWH God will blow the trumpet, and will go with whirlwinds of the south.	For indeed I bend Yehudah as a bow for me. I have filled the bow with Efrayim; and I will stir up your sons, Tzion, against your sons, Yavan, and will make you like the sword of a mighty man.
Zechariah 10:3	OT	Zechariah	yes	no	yes	My anger is kindled against the shepherds, and I will punish the male goats; For YHWH of Armies has visited his flock, the house of Yehudah, and will make them as his majestic horse in the battle.	For the teraphim have spoken vanity, and the diviners have seen a lie; and they have told false dreams. They comfort in vain. Therefore they go their way like sheep. They are oppressed, because there is no shepherd.
Zechariah 12:1	OT	Zechariah	yes	no	no	An oracle. The word of YHWH concerning Israel. YHWH, who stretches out the heavens, and lays the foundation of the earth, and forms the spirit of man within him says:	
Zechariah 12:4	OT	Zechariah	yes	no	yes	"In that day,"" says YHWH, ""I will strike every horse with terror, and his rider with madness; and I will open my eyes on the house of Yehudah, and will strike every horse of the peoples with blindness."	It will happen in that day, that I will make Yerushalayim a burdensome stone for all the peoples. All who burden themselves with it will be severely wounded, and all the nations of the earth will be gathered together against it.
Zechariah 13:3	OT	Zechariah	yes	no	yes	It will happen that, when anyone still prophesies, then their father and their mother who bore him will tell him, 'You must die, because you speak lies in the name of YHWH;' and his father and his mother who bore him will stab him when he prophesies.	It will come to pass in that day, says YHWH of Armies, that I will cut off the names of the idols out of the land, and they will be remembered no more. I will also cause the prophets and the spirit of impurity to pass out of the land.
Malachi 1:6	OT	Malachi	yes	no	no	"""A son honors his father, and a servant his master. If I am a father, then where is my honor? And if I am a master, where is the respect due me? Says YHWH of Armies to you, priests, who despise my name. You say, 'How have we despised your name?'"	"Your eyes will see, and you will say, ""YHWH is great-- even beyond the border of Israel!"""
Malachi 1:8	OT	Malachi	yes	no	no	"When you offer the blind for sacrifice, isn't that broken? And when you offer the lame and sick, isn't that broken? Present it now to your governor! Will he be pleased with you? Or will he accept your person?"" says YHWH of Armies."	You offer polluted bread on my altar. You say, 'How have we polluted you?' In that you say, 'YHWH's table contemptible.'
Malachi 1:14	OT	Malachi	yes	no	no	"""But the deceiver is cursed, who has in his flock a male, and vows, and sacrifices to YHWH a blemished thing; for I am a great King,"" says YHWH of Armies, ""and my name is awesome among the nations."""	"You say also, 'Behold, what a weariness it is!' and you have sniffed at it,"" says YHWH of Armies; ""and you have brought that which was taken by violence, the lame, and the sick; thus you bring the offering. Should I accept this at your hand?"" says YHWH."
Malachi 2:7	OT	Malachi	yes	no	no	For the priest's lips should keep knowledge, and they should seek the law at his mouth; for he is the messenger of YHWH of Armies.	The law of truth was in his mouth, and unrighteousness was not found in his lips. He walked with me in peace and uprightness, and turned many away from iniquity.
Malachi 2:11	OT	Malachi	yes	no	no	Yehudah has dealt treacherously, and an abomination is committed in Israel and in Yerushalayim; for Yehudah has profaned the holiness of YHWH which he loves, and has married the daughter of a foreign god.	Don't we all have one Cosmic Parent? Hasn't one Elohim created us? Why do we deal treacherously everyone against their brother, profaning the covenant of our fathers?
Malachi 3:1	OT	Malachi	yes	no	no	"""Behold, I send my messenger, and he will prepare the way before me; and YHWH, whom you seek, will suddenly come to YHWH’s temple; and the messenger of the covenant, whom you desire, behold, he comes!"" says YHWH of Armies."	
Malachi 3:3	OT	Malachi	yes	no	no	and he will sit as a refiner and purifier of silver, and he will purify the sons of Levi, and refine them as gold and silver; and they shall offer to YHWH offerings in righteousness.	"""But who can endure the day of his coming? And who will stand when he appears? For he is like a refiner's fire, and like launderer's soap;"
Malachi 3:5	OT	Malachi	yes	no	no	"I will come near to you to judgment; and I will be a swift witness against the sorcerers, and against the adulterers, and against the perjurers, and against those who oppress the hireling in his wages, the widow, and the fatherless, and who deprive the foreigner of justice, and don't revere me,"" says YHWH of Armies."	Then the offering of Yehudah and Yerushalayim will be pleasant to YHWH, as in the days of old, and as in ancient years.
Malachi 3:11	OT	Malachi	yes	no	no	"I will rebuke the devourer for your sakes, and he shall not destroy the fruits of your ground; neither shall your vine cast its fruit before its time in the field,"" says YHWH of Armies."	"Bring the whole tithe into the storehouse, that there may be food in my house, and test me now in this,"" says YHWH of Armies, ""if I will not open you the windows of heaven, and pour you out a blessing, that there shall not be room enough for."
Malachi 3:14	OT	Malachi	yes	no	no	You have said, 'It is vain to serve Elohim;' and 'What profit is it that we have kept his charge, and that we have walked mournfully before YHWH of Armies?	"""Your words have been stout against me,"" says YHWH. ""Yet you say, 'What have we spoken against you?'"
Malachi 3:17	OT	Malachi	yes	no	no	"They shall be mine,"" says YHWH of Armies, ""my own possession in the day that I make, and I will spare them, as a person spares their own son who serves him."	Then those who revered YHWH spoke one with another; and YHWH listened, and heard, and a book of memory was written before YHWH, for those who revered YHWH, and who honored YHWH’s name.
Malachi 3:18	OT	Malachi	yes	no	no	Then you shall return and discern between the righteous and the wicked, between the one who serves Elohim and the one who doesn't serve him.	"They shall be mine,"" says YHWH of Armies, ""my own possession in the day that I make, and I will spare them, as a person spares their own son who serves him."
Malachi 4:6	OT	Malachi	no	yes	no	"He will turn the hearts of the fathers to the children, and the hearts of the children to their fathers, lest I come and strike the earth with a curse."""	Behold, I will send you Eliyahu the prophet before the great and terrible day of YHWH comes.
Matthew 1:18	NT	Matthew	yes	no	no	Now the birth of Yeshua the Messiah was like this; for after his mother, Maryam, was engaged to Yosef, before they came together, she was found pregnant by the Ruach of Elohim.	So all the generations from Avraham to Dawid are fourteen generations; from Dawid to the exile to Bavel fourteen generations; and from the carrying away to Bavel to the Messiah, fourteen generations.
Matthew 1:20	NT	Matthew	yes	no	no	"But when he thought about these things, behold, a messenger of YHWH appeared to him in a dream, saying, ""Yosef, son of Dawid, don't be afraid to take to yourself Maryam, your wife, for that which is conceived in her is of the Ruach of Elohim."	Yosef, her husband, being a righteous person, and not willing to make her a public example, intended to put her away secretly.
Matthew 1:23	NT	Matthew	yes	no	no	"""Behold, the virgin shall be with child, and shall bring forth a son. They shall call his name Immanuel;"" which is, being interpreted, ""Elohim with us."""	Now all this has happened, that it might be fulfilled which was spoken by YHWH through the prophet, saying,
Matthew 1:24	NT	Matthew	yes	no	no	Yosef arose from his sleep, and did as the messenger of YHWH commanded him, and took his wife to himself;	"""Behold, the virgin shall be with child, and shall bring forth a son. They shall call his name Immanuel;"" which is, being interpreted, ""Elohim with us."""
Matthew 2:13	NT	Matthew	yes	no	no	"Now when they had departed, behold, a messenger of YHWH appeared to Yosef in a dream, saying, ""Arise and take the young child and his mother, and flee into Mitzrayim, and stay there until I tell you, for Herodes will seek the young child to destroy him."""	Being warned in a dream that they shouldn't return to Herodes, they went back to their own country another way.
Matthew 2:14	NT	Matthew	no	yes	no	He arose and took the young child and his mother by night, and departed into Mitzrayim,	"Now when they had departed, behold, a messenger of YHWH appeared to Yosef in a dream, saying, ""Arise and take the young child and his mother, and flee into Mitzrayim, and stay there until I tell you, for Herodes will seek the young child to destroy him."""
Matthew 3:3	NT	Matthew	yes	no	no	"For this is the one who was spoken of by Yeshayahu the prophet, saying, ""The voice of one crying in the wilderness, make ready the way of YHWH. Make his paths straight."""	"""Turn back, for the reign of the heavens has drawn near!"""
Matthew 3:11	NT	Matthew	yes	no	no	I indeed immerse you in water for turning back, but the one who comes after me is mightier than I, whose shoes I am not worthy to carry. He will immerse you in the Ruach of Elohim.	"""Even now the axe lies at the root of the trees. Therefore, every tree that doesn't bring forth good fruit is cut down, and cast into the fire."
Matthew 3:12	NT	Matthew	no	yes	no	"His winnowing fork is in his hand, and he will thoroughly cleanse his threshing floor. He will gather his wheat into the barn, but the chaff he will burn up with unquenchable fire."""	I indeed immerse you in water for turning back, but the one who comes after me is mightier than I, whose shoes I am not worthy to carry. He will immerse you in the Ruach of Elohim.
Matthew 3:16	NT	Matthew	yes	no	no	Yeshua, when he was immersed, went up directly from the water: and behold, the heavens were opened to him. He saw the Ruach of Elohim descending as a dove, and coming on him.	"But Yeshua, answering, said to him, ""Allow it now, for this is the fitting way for us to fulfill all righteousness."" Then he allowed him."
Matthew 4:3	NT	Matthew	yes	no	no	"The tempter came and said to him, ""If you are the Son of Elohim, command that these stones become bread."""	When he had fasted forty days and forty nights, he was hungry afterward.
Matthew 4:4	NT	Matthew	yes	no	no	"But he answered, ""It is written, 'A person shall not live by bread alone, but by every word that proceeds out of the mouth of Elohim.'"""	"The tempter came and said to him, ""If you are the Son of Elohim, command that these stones become bread."""
Matthew 4:6	NT	Matthew	yes	no	no	"and said to him, ""If you are the Son of Elohim, throw yourself down, for it is written, 'He will give his angels charge concerning you.' and, 'On their hands they will bear you up, so that you don't dash your foot against a stone.'"""	Then the Slanderer took him into the holy city. He set him on the pinnacle of the temple,
Matthew 4:7	NT	Matthew	yes	no	no	"Yeshua said to him, ""Again, it is written, 'You shall not test YHWH your God.'"""	"and said to him, ""If you are the Son of Elohim, throw yourself down, for it is written, 'He will give his angels charge concerning you.' and, 'On their hands they will bear you up, so that you don't dash your foot against a stone.'"""
Matthew 4:10	NT	Matthew	yes	no	no	"Then Yeshua said to him, ""Get behind me, the Adversary! For it is written, 'You shall worship YHWH your God, and YHWH only shall you serve.'"""	"He said to him, ""I will give you all of these things, if you will fall down and worship me."""
Matthew 5:45	NT	Matthew	yes	no	no	that you may be children of your Cosmic Parent who is in heaven. For he makes his sun to rise on the unripe and the good, and sends rain on the just and the unjust.	But I tell you, love your enemies, bless those who curse you, do good to those who hate you, and pray for those who mistreat you and persecute you,
Matthew 6:8	NT	Matthew	yes	no	no	Therefore don't be like them, for your Cosmic Parent knows what things you need, before you ask him.	In praying, don't use vain repetitions, as the Gentiles do; for they think that they will be heard for their much speaking.
Matthew 6:30	NT	Matthew	yes	no	no	But if Elohim so clothes the grass of the field, which today exists, and tomorrow is thrown into the oven, won't he much more clothe you, you of little faith?	yet I tell you that even Shlomo in all his glory was not dressed like one of these.
Matthew 7:11	NT	Matthew	yes	no	no	If you then, being unripe and still able to sour, know how to give good gifts to your children, how much more will your Cosmic Parent who is in heaven give good things to those who seek from him!	Or if he asks for a fish, who will give him a serpent?
Matthew 9:38	NT	Matthew	yes	no	no	"Pray therefore that God of the harvest will send out laborers into his harvest."""	"Then he said to his disciples, ""The harvest indeed is plentiful, but the laborers are few."
Matthew 12:4	NT	Matthew	yes	no	no	how he entered into the house of Elohim, and ate the show bread, which was not lawful for him to eat, neither for those who were with him, but only for the priests?	"But he said to them, ""Haven't you read what Dawid did, when he was hungry, and those who were with him;"
Matthew 14:33	NT	Matthew	yes	no	no	"Those who were in the boat came and worshiped him, saying, ""You are truly the Son of Elohim!"""	When they got up into the boat, the wind ceased.
Matthew 15:3	NT	Matthew	yes	no	no	"He answered them, ""Why do you also disobey the commandment of Elohim because of your tradition?"	"""Why do your disciples disobey the tradition of the elders? For they don't wash their hands when they eat bread."""
Matthew 15:13	NT	Matthew	yes	no	no	"But he answered, ""Every plant which my heavenly Cosmic Parent didn't plant will be uprooted."	"Then the disciples came, and said to him, ""Do you know that the Pharisees were offended, when they heard this saying?"""
Matthew 16:17	NT	Matthew	yes	no	no	"Yeshua answered him, ""Blessed are you, Shimon Bar Yonah, for flesh and blood has not revealed this to you, but my Cosmic Parent who is in heaven."	"Shimon (called Kepha) answered, ""You are the Messiah, the Son of the living Elohim."""
Matthew 16:23	NT	Matthew	yes	no	no	"But he turned, and said to Shimon (called Kepha), ""Get behind me, the Adversary! You are a stumbling block to me, for you are not setting your mind on the things of Elohim, but on the things of people."""	"Shimon (called Kepha) took him aside, and began to rebuke him, saying, ""Far be it from you, Master! This will never be done to you."""
Matthew 16:27	NT	Matthew	yes	no	no	For the Human One will come in the glory of his Cosmic Parent with his angels, and then he will render to everyone according to their deeds.	For what will it profit a person, if they gain the whole world, and forfeit their life? Or what will a person give in exchange for their life?
Matthew 19:17	NT	Matthew	yes	no	no	"He said to him, ""Why do you call me good? No one is good but one, that is, Elohim. But if you want to enter into life, keep the commandments."""	"Behold, one came to him and said, ""Good teacher, what good thing shall I do, that I may have life of the age?"""
Matthew 19:18	NT	Matthew	no	yes	no	"He said to him, ""Which ones?"" Yeshua said, ""'You shall not murder.' 'You shall not commit adultery.' 'You shall not steal.' 'You shall not offer false testimony.'"	"He said to him, ""Why do you call me good? No one is good but one, that is, Elohim. But if you want to enter into life, keep the commandments."""
Matthew 20:23	NT	Matthew	yes	no	no	"He said to them, ""You will indeed drink my cup, and be immersed with the immersion that I am immersed with, but to sit on my right hand and on my left hand is not mine to give; but it is for whom it has been prepared by my Cosmic Parent."""	"But Yeshua answered, ""You don't know what you are asking. Are you able to drink the cup that I am about to drink, and be immersed with the immersion that I am immersed with?"" They said to him, ""We are able."""
Matthew 21:9	NT	Matthew	yes	no	no	"The multitudes who went before him, and who followed kept shouting, ""Hosanna to the son of Dawid! Blessed is the one who comes in the name of YHWH! Hosanna in the highest!"""	A very great multitude spread their clothes on the road. Others cut branches from the trees, and spread them on the road.
Matthew 21:13	NT	Matthew	no	yes	no	"He said to them, ""It is written, 'My house shall be called a house of prayer,' but you have made it a den of robbers!"""	Yeshua entered into the temple of Elohim, and drove out all of those who sold and bought in the temple, and overthrew the money changers' tables and the seats of those who sold the doves.
Matthew 21:31	NT	Matthew	yes	no	no	"Which of the two did the will of his father?"" They said to him, ""The first."" Yeshua said to them, ""Most certainly I tell you that the tax collectors and the prostitutes are entering into the reign of Elohim before you."	He came to the second, and said the same thing. He answered, 'I go, sir,' but he didn't go.
Matthew 22:16	NT	Matthew	yes	no	no	"They sent their disciples to him, along with the Herodians, saying, ""Teacher, we know that you are honest, and teach the way of Elohim in truth, no matter who you teach, for you aren't partial to anyone."	Then the Pharisees went and took counsel how they might entrap him in his talk.
Matthew 22:21	NT	Matthew	yes	no	no	"They said to him, ""Caesar's."" Then he said to them, ""Give therefore to Caesar the things that are Caesar's, and to Elohim the things that are Elohim's."""	"He asked them, ""Whose is this image and inscription?"""
Matthew 22:37	NT	Matthew	yes	no	no	"Yeshua said to him, ""'You shall love YHWH your God with all your heart, with all your soul, and with all your mind.'"	"""Teacher, which is the greatest commandment in the law?"""
Matthew 25:34	NT	Matthew	yes	no	no	Then the King will tell those on his right hand, 'Come, blessed of my Cosmic Parent, inherit the reign prepared for you from the foundation of the world;	He will set the sheep on his right hand, but the goats on the left.
Matthew 26:39	NT	Matthew	yes	no	no	"He went forward a little, fell on his face, and prayed, saying, ""My Cosmic Parent, if it is possible, let this cup pass away from me; nevertheless, not what I desire, but what you desire."""	"Then he said to them, ""My soul is exceedingly sorrowful, even to death. Stay here, and watch with me."""
Matthew 26:40	NT	Matthew	no	yes	no	"He came to the disciples, and found them sleeping, and said to Shimon (called Kepha), ""What, couldn't you watch with me for one hour?"	"He went forward a little, fell on his face, and prayed, saying, ""My Cosmic Parent, if it is possible, let this cup pass away from me; nevertheless, not what I desire, but what you desire."""
Matthew 26:42	NT	Matthew	yes	no	no	"Again, a second time he went away, and prayed, saying, ""My Cosmic Parent, if this cup can't pass away from me unless I drink it, your desire be done."""	"Watch and pray, that you don't enter into temptation. The spirit indeed is willing, but the flesh is weak."""
Matthew 26:43	NT	Matthew	no	yes	no	He came again and found them sleeping, for their eyes were heavy.	"Again, a second time he went away, and prayed, saying, ""My Cosmic Parent, if this cup can't pass away from me unless I drink it, your desire be done."""
Matthew 26:63	NT	Matthew	yes	no	no	"But Yeshua held his peace. The high priest answered him, ""I adjure you by the living Elohim, that you tell us whether you are the Messiah, the Son of Elohim."""	"The high priest stood up, and said to him, ""Have you no answer? What is this that these testify against you?"""
Matthew 27:43	NT	Matthew	yes	no	no	"He trusts in Elohim. Let Elohim deliver him now, if Elohim wants him; for he said, 'I am the Son of Elohim.'"""	"""He saved others, but he can't save himself. If he is the King of Israel, let him come down from the cross now, and we will trust in him."
Matthew 27:54	NT	Matthew	yes	no	no	"Now the centurion, and those who were with him watching Yeshua, when they saw the earthquake, and the things that were done, feared exceedingly, saying, ""Truly this was the Son of Elohim."""	and coming out of the tombs after his resurrection, they entered into the holy city and appeared to many.
Matthew 28:3	NT	Matthew	no	yes	no	His appearance was like lightning, and his clothing white as snow.	Behold, there was a great earthquake, for a messenger of YHWH descended from the sky, and came and rolled away the stone from the door, and sat on it.
Mark 1:3	NT	Mark	yes	no	no	"The voice of one crying in the wilderness, 'Make ready the way of YHWH! Make his paths straight!'"""	"As it is written in the prophets, ""Behold, I send my messenger before your face, who will prepare your way before you."
Mark 1:8	NT	Mark	yes	no	no	"I immersed you in water, but he will immerse you in the Ruach of Elohim."""	"They preached, saying, ""After me comes the one who is mightier than I, the thong of whose sandals I am not worthy to stoop down and loosen."
Mark 2:12	NT	Mark	yes	no	no	"He arose, and immediately took up the mat, and went out in front of them all; so that they were all amazed, and glorified Elohim, saying, ""We never saw anything like this!"""	"""I tell you, arise, take up your mat, and go to your house."""
Mark 2:13	NT	Mark	no	yes	no	He went out again by the seaside. All the multitude came to him, and he taught them.	"He arose, and immediately took up the mat, and went out in front of them all; so that they were all amazed, and glorified Elohim, saying, ""We never saw anything like this!"""
Mark 2:26	NT	Mark	yes	no	no	"How he entered into the house of Elohim when Evyatar was high priest, and ate the show bread, which is not lawful to eat except for the priests, and gave also to those who were with him?"""	"He said to them, ""Did you never read what Dawid did, when he had need, and was hungry--he, and those who were with him?"
Mark 2:27	NT	Mark	no	yes	no	"He said to them, ""The Sabbath was made for humanity, not humanity for the Sabbath."	"How he entered into the house of Elohim when Evyatar was high priest, and ate the show bread, which is not lawful to eat except for the priests, and gave also to those who were with him?"""
Mark 3:11	NT	Mark	yes	no	no	"The unclean spirits, whenever they saw him, fell down before him, and cried, ""You are the Son of Elohim!"""	For he had healed many, so that as many as had diseases pressed on him that they might touch him.
Mark 3:12	NT	Mark	no	yes	no	He sternly warned them that they should not make him known.	"The unclean spirits, whenever they saw him, fell down before him, and cried, ""You are the Son of Elohim!"""
Mark 4:11	NT	Mark	yes	no	no	"He said to them, ""To you is given the mystery of the reign of Elohim, but to those who are outside, all things are done in parables,"	When he was alone, those who were around him with the twelve asked him about the parables.
Mark 4:30	NT	Mark	yes	no	no	"He said, ""How will we liken the reign of Elohim? Or with what parable will we illustrate it?"	"But when the fruit is ripe, immediately he puts forth the sickle, because the harvest has come."""
Mark 5:7	NT	Mark	yes	no	no	"and crying out with a loud voice, he said, ""What have I to do with you, Yeshua, you Son of the Most High Elohim? I adjure you by Elohim, don't torment me."""	When he saw Yeshua from afar, he ran and bowed down to him,
Mark 7:9	NT	Mark	yes	yes	no	"He said to them, ""Full well do you reject the commandment of Elohim, that you may keep your tradition."	"""For you set aside the commandment of Elohim, and hold tightly to the tradition of people--the washing of pitchers and cups, and you do many other such things."""
Mark 7:14	NT	Mark	no	yes	no	"He called all the multitude to himself, and said to them, ""Hear me, all of you, and understand."	"making void the word of Elohim by your tradition, which you have handed down. You do many things like this."""
Mark 8:33	NT	Mark	yes	no	no	"But he, turning around, and seeing his disciples, rebuked Shimon (called Kepha), and said, ""Get behind me, the Adversary! For you have in mind not the things of Elohim, but the things of people."""	He spoke to them openly. Shimon (called Kepha) took him, and began to rebuke him.
Mark 9:1	NT	Mark	yes	no	no	"He said to them, ""Most certainly I tell you, there are some standing here who will in no way taste death until they see the reign of Elohim come with power."""	
Mark 10:14	NT	Mark	yes	no	no	"But when Yeshua saw it, he was moved with indignation, and said to them, ""Allow the little children to come to me! Don't forbid them, for the reign of Elohim belongs to such as these."	They were bringing to him little children, that he should touch them, but the disciples rebuked those who were bringing them.
Mark 10:16	NT	Mark	no	yes	no	He took them in his arms, and blessed them, laying his hands on them.	"Most certainly I tell you, whoever will not receive the reign of Elohim like a little child, they will in no way enter into it."""
Mark 10:18	NT	Mark	yes	no	no	"Yeshua said to him, ""Why do you call me good? No one is good except one--Elohim."	"As he was going out into the way, one ran to him, knelt before him, and asked him, ""Good Teacher, what shall I do that I may inherit life of the age?"""
Mark 10:23	NT	Mark	yes	no	no	"Yeshua looked around, and said to his disciples, ""How difficult it is for those who have riches to enter into the reign of Elohim!"""	But their face fell at that saying, and they went away sorrowful, for they were one who had great possessions.
Mark 10:24	NT	Mark	yes	no	no	"The disciples were amazed at his words. But Yeshua answered again, ""Children, how hard is it for those who trust in riches to enter into the reign of Elohim!"	"Yeshua looked around, and said to his disciples, ""How difficult it is for those who have riches to enter into the reign of Elohim!"""
Mark 12:14	NT	Mark	yes	no	no	"When they had come, they asked him, ""Teacher, we know that you are honest, and don't defer to anyone; for you aren't partial to anyone, but truly teach the way of Elohim. Is it lawful to pay taxes to Caesar, or not?"	They sent some of the Pharisees and of the Herodians to him, that they might trap him with words.
Mark 12:17	NT	Mark	yes	no	no	"Yeshua answered them, ""Render to Caesar the things that are Caesar's, and to Elohim the things that are Elohim's."" They marveled greatly at him."	"They brought it. He said to them, ""Whose is this image and inscription?"" They said to him, ""Caesar's."""
Mark 12:26	NT	Mark	yes	no	no	But about the dead, that they are raised; haven't you read in the book of Moshe, about the Bush, how Elohim spoke to him, saying, 'I am the God of Avraham, the God of Yitzhak, and the God of Ya'akov'?	For when they will rise from the dead, they neither marry, nor are given in marriage, but are like angels in heaven.
Mark 12:27	NT	Mark	yes	yes	no	"He is not the God of the dead, but of the living. You are therefore badly mistaken."""	But about the dead, that they are raised; haven't you read in the book of Moshe, about the Bush, how Elohim spoke to him, saying, 'I am the God of Avraham, the God of Yitzhak, and the God of Ya'akov'?
Mark 12:34	NT	Mark	yes	no	no	"When Yeshua saw that he answered wisely, he said to him, ""You are not far from the reign of Elohim."" No one dared ask him any question after that."	"and to love him with all the heart, and with all the understanding, with all the soul, and with all the strength, and to love his neighbor as himself, is more important than all whole burnt offerings and sacrifices."""
Mark 12:36	NT	Mark	yes	no	no	"For Dawid himself said in the Ruach of Elohim, 'YHWH said to my Master, ""Sit at my right hand, until I make your enemies the footstool of your feet.""'"	"Yeshua responded, as he taught in the temple, ""How is it that the scribes say that the Messiah is the son of Dawid?"
Mark 13:20	NT	Mark	yes	no	no	Unless YHWH had shortened the days, no flesh would have been saved; but for the sake of the chosen ones, whom he picked out, he shortened the days.	For in those days there will be oppression, such as there has not been the like from the beginning of the creation which Elohim created until now, and never will be.
Mark 14:36	NT	Mark	yes	no	no	"He said, ""Abba, Cosmic Parent, all things are possible to you. Please remove this cup from me. However, not what I desire, but what you desire."""	He went forward a little, and fell on the ground, and prayed that, if it were possible, the hour might pass away from him.
Mark 14:37	NT	Mark	no	yes	no	"He came and found them sleeping, and said to Shimon (called Kepha), ""Shimon, are you sleeping? Couldn't you watch one hour?"	"He said, ""Abba, Cosmic Parent, all things are possible to you. Please remove this cup from me. However, not what I desire, but what you desire."""
Mark 15:39	NT	Mark	yes	no	no	"When the centurion, who stood by opposite him, saw that he cried out like this and breathed his last, he said, ""Truly this man was the Son of Elohim!"""	The veil of the temple was torn in two from the top to the bottom.
Mark 15:43	NT	Mark	yes	no	no	Yosef of Arimathaea, a prominent council member who also himself was looking for the reign of Elohim, came. He boldly went in to Pilatus, and asked for Yeshua' body.	When evening had now come, because it was the Preparation Day, that is, the day before the Sabbath,
Mark 16:19	NT	Mark	yes	no	no	So then Master Yeshua, after he had spoken to them, was received up into heaven, and sat down at the right hand of Elohim.	"they will take up serpents; and if they drink any deadly thing, it will in no way hurt them; they will lay hands on the sick, and they will recover."""
Luke 1:8	NT	Luke	yes	no	no	Now it happened, while he executed the priest's office before Elohim in the order of his division,	But they had no child, because Elisheva was barren, and they both were well advanced in years.
Luke 1:9	NT	Luke	yes	no	no	according to the custom of the priest's office, his lot was to enter into the temple of YHWH and burn incense.	Now it happened, while he executed the priest's office before Elohim in the order of his division,
Luke 1:11	NT	Luke	yes	no	no	A messenger of YHWH appeared to him, standing on the right side of the altar of incense.	The whole multitude of the people were praying outside at the hour of incense.
Luke 1:15	NT	Luke	yes	no	no	For he will be great in the sight of God, and he will drink no wine nor strong drink. He will be filled with the Ruach of Elohim, even from his mother's womb.	You will have joy and gladness; and many will rejoice at his birth.
Luke 1:16	NT	Luke	yes	yes	no	He will turn many of the children of Israel to YHWH their God.	For he will be great in the sight of God, and he will drink no wine nor strong drink. He will be filled with the Ruach of Elohim, even from his mother's womb.
Luke 1:17	NT	Luke	yes	yes	no	"He will go before him in the spirit and power of Eliyahu, 'to turn the hearts of the fathers to the children,' and the disobedient to the wisdom of the just; to make ready a people prepared for YHWH."""	He will turn many of the children of Israel to YHWH their God.
Luke 1:19	NT	Luke	yes	no	no	"The angel answered him, ""I am Gavriel, who stands in the presence of Elohim. I was sent to speak to you, and to bring you this good news."	"Zekharyah said to the angel, ""How can I be sure of this? For I am an old man, and my wife is well advanced in years."""
Luke 1:32	NT	Luke	yes	no	no	He will be great, and will be called the Son of the Most High. The Sovereign Elohim will give him the throne of his father, Dawid,	Behold, you will conceive in your womb, and bring forth a son, and will call his name 'Yeshua.'
Luke 1:64	NT	Luke	yes	no	no	His mouth was opened immediately, and his tongue freed, and he spoke, blessing Elohim.	"He asked for a writing tablet, and wrote, ""His name is Yochanan."" They all marveled."
Luke 1:66	NT	Luke	yes	no	no	"All who heard them laid them up in their heart, saying, ""What then will this child be?"" The hand of God was with him."	Fear came on all who lived around them, and all these sayings were talked about throughout all the hill country of Yehudah.
Luke 1:67	NT	Luke	yes	yes	no	His father, Zekharyah, was filled with the Ruach of Elohim, and prophesied, saying,	"All who heard them laid them up in their heart, saying, ""What then will this child be?"" The hand of God was with him."
Luke 2:22	NT	Luke	yes	no	no	When the days of their purification according to the law of Moshe were fulfilled, they brought him up to Yerushalayim, to present him to God	When eight days were fulfilled for the circumcision of the child, his name was called Yeshua, which was given by the angel before he was conceived in the womb.
Luke 2:25	NT	Luke	yes	no	no	Behold, there was a person in Yerushalayim whose name was Shimon. This man was righteous and devout, looking for the consolation of Israel, and the Ruach of Elohim was on him.	"and to offer a sacrifice according to that which is said in the Torah of YHWH, ""A pair of turtledoves, or two young pigeons."""
Luke 2:26	NT	Luke	yes	no	no	It had been revealed to him by the Ruach of Elohim that he should not see death before he had seen the Master's Messiah.	Behold, there was a person in Yerushalayim whose name was Shimon. This man was righteous and devout, looking for the consolation of Israel, and the Ruach of Elohim was on him.
Luke 2:27	NT	Luke	no	yes	no	He came in the Ruach into the temple. When the parents brought in the child, Yeshua, that they might do concerning him according to the custom of the law,	It had been revealed to him by the Ruach of Elohim that he should not see death before he had seen the Master's Messiah.
Luke 2:28	NT	Luke	yes	no	no	then he received him into his arms, and blessed Elohim, and said,	He came in the Ruach into the temple. When the parents brought in the child, Yeshua, that they might do concerning him according to the custom of the law,
Luke 2:38	NT	Luke	yes	no	no	Coming up at that very hour, she gave thanks to God, and spoke of him to all those who were looking for redemption in Yerushalayim.	and she had been a widow for about eighty-four years), who didn't depart from the temple, worshipping with fastings and petitions night and day.
Luke 2:40	NT	Luke	yes	no	no	The child was growing, and was becoming strong in spirit, being filled with wisdom, and the grace of Elohim was upon him.	When they had accomplished all things that were according to the Torah of YHWH, they returned into Galil, to their own city, Natzeret.
Luke 2:41	NT	Luke	no	yes	no	His parents went every year to Yerushalayim at the feast of the Passover.	The child was growing, and was becoming strong in spirit, being filled with wisdom, and the grace of Elohim was upon him.
Luke 2:49	NT	Luke	yes	no	no	"He said to them, ""Why were you looking for me? Didn't you know that I must be in my Cosmic Parent's house?"""	"When they saw him, they were astonished, and his mother said to him, ""Son, why have you treated us this way? Behold, your father and I were anxiously looking for you."""
Luke 3:3	NT	Luke	no	yes	no	He came into all the region around the Yarden, preaching the immersion of turning back for remission of sins.	in the high priesthood of Hanan and Qayafa, the word of Elohim came to Yochanan, the son of Zekharyah, in the wilderness.
Luke 3:4	NT	Luke	yes	no	no	"As it is written in the book of the words of Yeshayahu the prophet, ""The voice of one crying in the wilderness, 'Make ready the way of YHWH. Make his paths straight."	He came into all the region around the Yarden, preaching the immersion of turning back for remission of sins.
Luke 3:7	NT	Luke	no	yes	no	"He said therefore to the multitudes who went out to be immersed by him, ""You offspring of vipers, who warned you to flee from the wrath to come?"	"All flesh will see Elohim's salvation.'"""
Luke 3:16	NT	Luke	yes	no	no	"Yochanan answered them all, ""I indeed immerse you with water, but he comes who is mightier than I, the latchet of whose sandals I am not worthy to loosen. He will immerse you in the Ruach of Elohim and fire,"	As the people were in expectation, and all people reasoned in their hearts concerning Yochanan, whether perhaps he was the Messiah,
Luke 3:22	NT	Luke	yes	no	no	"and the Ruach of Elohim descended in a bodily form as a dove on him; and a voice came out of the sky, saying ""You are my beloved Son. In you I am well pleased."""	Now it happened, when all the people were immersed, Yeshua also had been immersed, and was praying. The sky was opened,
Luke 4:3	NT	Luke	yes	no	no	"The Slanderer said to him, ""If you are the Son of Elohim, command this stone to become bread."""	for forty days, being tempted by the Slanderer. He ate nothing in those days. Afterward, when they were completed, he was hungry.
Luke 4:4	NT	Luke	yes	no	no	"Yeshua answered him, saying, ""It is written, 'A person shall not live by bread alone, but by every word of Elohim.'"""	"The Slanderer said to him, ""If you are the Son of Elohim, command this stone to become bread."""
Luke 4:8	NT	Luke	yes	no	no	"Yeshua answered him, ""Get behind me the Adversary! For it is written, 'You shall worship YHWH your God, and YHWH only shall you serve.'"""	"If you therefore will worship before me, it will all be yours."""
Luke 4:9	NT	Luke	yes	yes	no	"He led him to Yerushalayim, and set him on the pinnacle of the temple, and said to him, ""If you are the Son of Elohim, cast yourself down from here,"	"Yeshua answered him, ""Get behind me the Adversary! For it is written, 'You shall worship YHWH your God, and YHWH only shall you serve.'"""
Luke 4:12	NT	Luke	yes	no	no	"Yeshua answering, said to him, ""It has been said, 'You shall not tempt YHWH your God.'"""	"and, 'On their hands they will bear you up, lest perhaps you dash your foot against a stone.'"""
Luke 4:18	NT	Luke	yes	no	no	"""The Ruach of YHWH is on me, because he has anointed me to proclaim good news to the poor. He has sent me to heal the brokenhearted, to proclaim release to the captives, recovery of sight to the blind, and to send the crushed away into freedom,"	The book of the prophet Yeshayahu was handed to him. He opened the book, and found the place where it was written,
Luke 4:20	NT	Luke	no	yes	no	He closed the book, gave it back to the attendant, and sat down. The eyes of all in the synagogue were fastened on him.	"and to proclaim the acceptable year of YHWH."""
Luke 4:41	NT	Luke	yes	no	no	"Demons also came out from many, crying out, and saying, ""You are the Messiah, the Son of Elohim!"" Rebuking them, he didn't allow them to speak, because they knew that he was the Messiah."	When the sun was setting, all those who had any sick with various diseases brought them to him; and he laid his hands on every one of them, and healed them.
Luke 4:43	NT	Luke	yes	no	no	"But he said to them, ""I must preach the good news of the reign of Elohim to the other cities also. For this reason I have been sent."""	When it was day, he departed and went into an uninhabited place, and the multitudes looked for him, and came to him, and held on to him, so that he wouldn't go away from them.
Luke 4:44	NT	Luke	no	yes	no	He was preaching in the synagogues of Galil.	"But he said to them, ""I must preach the good news of the reign of Elohim to the other cities also. For this reason I have been sent."""
Luke 5:1	NT	Luke	yes	no	no	Now it happened, while the multitude pressed on him and heard the word of Elohim, that he was standing by the lake of Gennesaret.	
Luke 5:2	NT	Luke	no	yes	no	He saw two boats standing by the lake, but the fishermen had gone out of them, and were washing their nets.	Now it happened, while the multitude pressed on him and heard the word of Elohim, that he was standing by the lake of Gennesaret.
Luke 5:17	NT	Luke	yes	no	no	It happened on one of those days, that he was teaching; and there were Pharisees and teachers of the law sitting by, who had come out of every village of Galil, Yehudah, and Yerushalayim. The power of God was with him to heal them.	But he withdrew himself into the desert, and prayed.
Luke 5:25	NT	Luke	yes	no	no	Immediately he rose up before them, and took up that which he was laying on, and departed to his house, glorifying Elohim.	"But that you may know that the Human One has authority on earth to forgive sins"" (he said to the paralyzed man), ""I tell you, arise, and take up your cot, and go to your house."""
Luke 6:4	NT	Luke	yes	no	no	"how he entered into the house of Elohim, and took and ate the show bread, and gave also to those who were with him, which is not lawful to eat except for the priests alone?"""	"Yeshua, answering them, said, ""Haven't you read what Dawid did when he was hungry, he, and those who were with him;"
Luke 6:5	NT	Luke	no	yes	no	"He said to them, ""The Human One is master of the Sabbath."""	"how he entered into the house of Elohim, and took and ate the show bread, and gave also to those who were with him, which is not lawful to eat except for the priests alone?"""
Luke 6:12	NT	Luke	yes	no	no	It happened in these days, that he went out to the mountain to pray, and he continued all night in prayer to Elohim.	But they were filled with rage, and talked with one another about what they might do to Yeshua.
Luke 6:20	NT	Luke	yes	no	no	"He lifted up his eyes to his disciples, and said, ""Blessed are you who are poor, for yours is the reign of Elohim."	All the multitude sought to touch him, for power came out from him and healed them all.
Luke 6:35	NT	Luke	yes	no	no	But love your enemies, and do good, and lend, expecting nothing back; and your reward will be great, and you will be children of the Most High; for he is kind toward the unthankful and the unripe.	If you lend to those from whom you hope to receive, what credit is that to you? Even sinners lend to sinners, to receive back as much.
Luke 7:30	NT	Luke	yes	no	no	But the Pharisees and the lawyers rejected the counsel of Elohim, not being immersed by him themselves.	When all the people and the tax collectors heard this, they declared Elohim to be just, having been immersed with Yochanan's immersion.
Luke 8:1	NT	Luke	yes	no	no	It happened soon afterwards, that he went about through cities and villages, preaching and bringing the good news of the reign of Elohim. With him were the twelve,	
Luke 8:10	NT	Luke	yes	no	no	"He said, ""To you it is given to know the mysteries of the reign of Elohim, but to the rest in parables; that 'seeing they may not see, and hearing they may not understand.'"	"Then his disciples asked him, ""What does this parable mean?"""
Luke 8:21	NT	Luke	yes	no	no	"But he answered them, ""My mother and my brothers are these who hear the word of Elohim, and do it."""	"It was told him by some saying, ""Your mother and your brothers stand outside, desiring to see you."""
Luke 8:28	NT	Luke	yes	no	no	"When he saw Yeshua, he cried out, and fell down before him, and with a loud voice said, ""What do I have to do with you, Yeshua, you Son of the Most High Elohim? I beg you, don't torment me!"""	When Yeshua stepped ashore, a certain man out of the city who had demons for a long time met him. He wore no clothes, and didn't live in a house, but in the tombs.
Luke 8:39	NT	Luke	yes	no	no	"""Return to your house, and declare what great things Elohim has done for you."" He went his way, proclaiming throughout the whole city what great things Yeshua had done for him."	But the man from whom the demons had gone out begged him that he might go with him, but Yeshua sent him away, saying,
Luke 9:2	NT	Luke	yes	no	no	He sent them forth to preach the reign of Elohim, and to heal the sick.	He called the twelve together, and gave them power and authority over all demons, and to cure diseases.
Luke 9:3	NT	Luke	no	yes	no	"He said to them, ""Take nothing for your journey--neither staffs, nor wallet, nor bread, nor money; neither have two coats apiece."	He sent them forth to preach the reign of Elohim, and to heal the sick.
Luke 9:11	NT	Luke	yes	no	no	But the multitudes, perceiving it, followed him. He welcomed them, and spoke to them of the reign of Elohim, and he cured those who needed healing.	The emissaries, when they had returned, told him what things they had done. He took them, and withdrew apart to a deserted place of a city called Beit Tzaida.
Luke 9:20	NT	Luke	yes	no	no	"He said to them, ""But who do you say that I am?"" Shimon (called Kepha) answered, ""The Messiah of Elohim."""	"They answered, ""'Yochanan the Baptizer,' but others say, 'Eliyahu,' and others, that one of the old prophets is risen again."""
Luke 9:43	NT	Luke	yes	no	no	They were all astonished at the majesty of Elohim. But while all were marveling at all the things which Yeshua did, he said to his disciples,	While he was still coming, the demon threw him down and convulsed him violently. But Yeshua rebuked the unclean spirit, and healed the boy, and gave him back to his father.
Luke 9:60	NT	Luke	yes	no	no	"But Yeshua said to him, ""Leave the dead to bury their own dead, but you go and announce the reign of Elohim."""	"He said to another, ""Follow me!"" But he said, ""Master, allow me first to go and bury my father."""
Luke 9:62	NT	Luke	yes	no	no	"But Yeshua said to him, ""No one, having put their hand to the plow, and looking back, is fit for the reign of Elohim."""	"Another also said, ""I want to follow you, Master, but first allow me to bid farewell to those who are at my house."""
Luke 10:2	NT	Luke	yes	no	no	"Then he said to them, ""The harvest is indeed plentiful, but the laborers are few. Pray therefore to God of the harvest, that he may send out laborers into his harvest."	Now after these things, the Master also appointed seventy others, and sent them two by two ahead of him into every city and place, where he was about to come.
Luke 10:22	NT	Luke	yes	no	no	"Turning to the disciples, he said, ""All things have been delivered to me by my Cosmic Parent. No one knows who the Son is, except the Cosmic Parent, and who the Cosmic Parent is, except the Son, and anyone to whom the Son desires to reveal the Cosmic Parent."""	"In that same hour Yeshua rejoiced in the Ruach of Elohim, and said, ""I thank you, O Cosmic Parent, God of heaven and earth, that you have hidden these things from the wise and understanding, and revealed them to little children. Yes, Cosmic Parent, for so it was well-pleasing in your sight."""
Luke 10:27	NT	Luke	yes	no	no	"He answered, ""You shall love YHWH your God with all your heart, with all your soul, with all your strength, and with all your mind; and your neighbor as yourself."""	"He said to him, ""What is written in the law? How do you read it?"""
Luke 10:28	NT	Luke	no	yes	no	"He said to him, ""You have answered correctly. Do this, and you will live."""	"He answered, ""You shall love YHWH your God with all your heart, with all your soul, with all your strength, and with all your mind; and your neighbor as yourself."""
Luke 11:2	NT	Luke	yes	no	no	"He said to them, ""When you pray, say: Our Cosmic Parent in the heavens, let your name be made holy. Let your reign come."	"It happened, that when he finished praying in a certain place, one of his disciples said to him, ""Master, teach us to pray, just as Yochanan also taught his disciples."""
Luke 11:13	NT	Luke	yes	no	no	"If you then, being unripe and still able to sour, know how to give good gifts to your children, how much more will your heavenly Cosmic Parent give the Ruach of Elohim to those who seek from him?"""	Or if he asks for an egg, he won't give him a scorpion, will he?
Luke 11:14	NT	Luke	no	yes	no	He was casting out a demon, and it was mute. It happened, when the demon had gone out, the mute man spoke; and the multitudes marveled.	"If you then, being unripe and still able to sour, know how to give good gifts to your children, how much more will your heavenly Cosmic Parent give the Ruach of Elohim to those who seek from him?"""
Luke 11:28	NT	Luke	yes	no	no	"But he said, ""On the contrary, blessed are those who hear the word of Elohim, and keep it."""	"It came to pass, as he said these things, a certain woman out of the multitude lifted up her voice, and said to him, ""Blessed is the womb that bore you, and the breasts which nursed you!"""
Luke 12:20	NT	Luke	yes	no	no	"""But Elohim said to him, 'You foolish one, tonight your soul is required of you. The things which you have prepared-- whose will they be?'"	"I will tell my soul, ""Soul, you have many goods laid up for many years. Take your ease, eat, drink, be merry.""'"
Luke 12:22	NT	Luke	no	yes	no	"He said to his disciples, ""Therefore I tell you, don't be anxious for your life, what you will eat, nor yet for your body, what you will wear."	"So is the one who lays up treasure for themselves, and is not rich toward Elohim."""
Luke 12:28	NT	Luke	yes	no	no	But if this is how Elohim clothes the grass in the field, which today exists, and tomorrow is cast into the oven, how much more will he clothe you, O you of little faith?	Consider the lilies, how they grow. They don't toil, neither do they spin; yet I tell you, even Shlomo in all his glory was not arrayed like one of these.
Luke 13:13	NT	Luke	yes	no	no	He laid his hands on her, and immediately she stood up straight, and glorified Elohim.	"When Yeshua saw her, he called her, and said to her, ""Woman, you are freed from your infirmity."""
Luke 13:18	NT	Luke	yes	no	no	"He said, ""What is the reign of Elohim like? To what shall I compare it?"	As he said these things, all his adversaries were disappointed, and all the multitude rejoiced for all the glorious things that were done by him.
Luke 13:20	NT	Luke	yes	no	no	"Again he said, ""To what shall I compare the reign of Elohim?"	"It is like a grain of mustard seed, which a person took, and put in their own garden. It grew, and became a large tree, and the birds of the sky lodged in its branches."""
Luke 14:15	NT	Luke	yes	no	no	"When one of those who sat at the table with him heard these things, they said to him, ""Blessed is the one who will feast in the reign of Elohim!"""	"and you will be blessed, because they don't have the resources to repay you. For you will be repaid in the resurrection of the righteous."""
Luke 15:11	NT	Luke	no	yes	no	"He said, ""A certain man had two sons."	"Even so, I tell you, there is joy in the presence of the angels of Elohim over one sinner turning back."""
Luke 16:15	NT	Luke	yes	no	no	"He said to them, ""You are those who justify yourselves in the sight of people, but Elohim knows your hearts. For that which is exalted among people is an abomination in the sight of Elohim."	The Pharisees, who were lovers of money, also heard all these things, and they scoffed at him.
Luke 17:15	NT	Luke	yes	no	no	One of them, when he saw that he was healed, turned back, glorifying Elohim with a loud voice.	"When he saw them, he said to them, ""Go and show yourselves to the priests."" It happened that as they went, they were cleansed."
Luke 17:16	NT	Luke	no	yes	no	He fell on his face at Yeshua' feet, giving him thanks; and he was a Samaritan.	One of them, when he saw that he was healed, turned back, glorifying Elohim with a loud voice.
Luke 17:20	NT	Luke	yes	no	no	"Being asked by the Pharisees when the reign of Elohim would come, he answered them, ""The reign of Elohim doesn't come with observation;"	"Then he said to him, ""Get up, and go your way. Your faith has healed you."""
Luke 17:22	NT	Luke	no	yes	no	"He said to the disciples, ""The days will come, when you will desire to see one of the days of the Human One, and you will not see it."	"neither will they say, 'Look, here!' or, 'Look, there!' for behold, the reign of Elohim is among you."""
Luke 18:4	NT	Luke	yes	no	no	He wouldn't for a while, but afterward he said to himself, 'Though I neither revere God, nor respect people,	A widow was in that city, and she often came to him, saying, 'Defend me from my adversary!'
Luke 18:11	NT	Luke	yes	no	no	The Pharisee stood and prayed to himself like this: 'Elohim, I thank you, that I am not like the rest of people, extortioners, unrighteous, adulterers, or even like this tax collector.	"""Two men went up into the temple to pray; one was a Pharisee, and the other was a tax collector."
Luke 18:13	NT	Luke	yes	no	no	But the tax collector, standing far away, wouldn't even lift up his eyes to heaven, but beat his breast, saying, 'Elohim, be merciful to me, a sinner!'	I fast twice a week. I give tithes of all that I get.'
Luke 18:19	NT	Luke	yes	no	no	"Yeshua asked him, ""Why do you call me good? No one is good, except one--Elohim."	"A certain ruler asked him, saying, ""Good Teacher, what shall I do to inherit life of the age?"""
Luke 18:24	NT	Luke	yes	no	no	"Yeshua, seeing that he became very sad, said, ""How hard it is for those who have riches to enter into the reign of Elohim!"	But when he heard these things, he became very sad, for he was very rich.
Luke 18:27	NT	Luke	yes	no	no	"But he said, ""The things which are impossible with people are possible with Elohim."""	"Those who heard it said, ""Then who can be saved?"""
Luke 18:43	NT	Luke	yes	no	no	Immediately he received his sight, and followed him, glorifying Elohim. All the people, when they saw it, praised Elohim.	"Yeshua said to him, ""Receive your sight. Your faith has healed you."""
Luke 19:11	NT	Luke	yes	no	no	As they heard these things, he went on and told a parable, because he was near Yerushalayim, and they supposed that the reign of Elohim would be revealed immediately.	"For the Human One came to seek and to save that which was lost."""
Luke 19:12	NT	Luke	no	yes	no	"He said therefore, ""A certain nobleman went into a far country to receive for himself a reign, and to return."	As they heard these things, he went on and told a parable, because he was near Yerushalayim, and they supposed that the reign of Elohim would be revealed immediately.
Luke 19:37	NT	Luke	yes	no	no	As he was now getting near, at the descent of the Har HaZeitim, the whole multitude of the disciples began to rejoice and praise Elohim with a loud voice for all the mighty works which they had seen,	As he went, they spread their cloaks in the way.
Luke 20:21	NT	Luke	yes	no	no	"They asked him, ""Teacher, we know that you say and teach what is right, and aren't partial to anyone, but truly teach the way of Elohim."	They watched him, and sent out spies, who pretended to be righteous, that they might trap him in something he said, so as to deliver him up to the power and authority of the governor.
Luke 20:25	NT	Luke	yes	no	no	"He said to them, ""Then give to Caesar the things that are Caesar's, and to Elohim the things that are Elohim's."""	"Show me a denarius. Whose image and inscription are on it?"" They answered, ""Caesar's."""
Luke 20:37	NT	Luke	yes	no	no	But that the dead are raised, even Moshe showed at the bush, when he called the Master 'The God of Avraham, the God of Yitzhak, and the God of Ya'akov.'	For they can't die any more, for they are like the angels, and are children of Elohim, being children of the resurrection.
Luke 20:38	NT	Luke	yes	no	no	"Now he is not the God of the dead, but of the living, for all are alive to him."""	But that the dead are raised, even Moshe showed at the bush, when he called the Master 'The God of Avraham, the God of Yitzhak, and the God of Ya'akov.'
Luke 20:42	NT	Luke	yes	no	no	"Dawid himself says in the book of Psalms, 'YHWH said to my Master, ""Sit at my right hand,"	"He said to them, ""Why do they say that the Messiah is Dawid's son?"
Luke 22:17	NT	Luke	no	yes	no	"He received a cup, and when he had given thanks, he said, ""Take this, and share it among yourselves,"	"for I tell you, I will no longer by any means eat of it until it is fulfilled in the reign of Elohim."""
Luke 22:19	NT	Luke	no	yes	no	"He took bread, and when he had given thanks, he broke it, and gave to them, saying, ""This is my body which is given for you. Do this in memory of me."""	"for I tell you, I will not drink at all again from the fruit of the vine, until the reign of Elohim comes."""
Luke 22:70	NT	Luke	yes	no	no	"They all said, ""Are you then the Son of Elohim?"" He said to them, ""You say it, because I am."""	"From now on, the Human One will be seated at the right hand of the power of Elohim."""
Luke 23:34	NT	Luke	yes	no	no	"Yeshua said, ""Cosmic Parent, forgive them, for they don't know what they are doing."" Dividing his garments among them, they cast lots."	When they came to the place that is called The Skull, they crucified him there with the criminals, one on the right and the other on the left.
Luke 23:35	NT	Luke	yes	no	no	"The people stood watching. The rulers with them also scoffed at him, saying, ""He saved others. Let him save himself, if this is the Messiah of Elohim, his chosen one!"""	"Yeshua said, ""Cosmic Parent, forgive them, for they don't know what they are doing."" Dividing his garments among them, they cast lots."
Luke 23:40	NT	Luke	yes	no	no	"But the other answered, and rebuking him said, ""Don't you even revere God, seeing you are under the same condemnation?"	"One of the criminals who was hanged insulted him, saying, ""If you are the Messiah, save yourself and us!"""
Luke 23:46	NT	Luke	yes	no	no	"Yeshua, crying with a loud voice, said, ""Cosmic Parent, into your hands I commit my spirit!"" Having said this, he breathed his last."	The sun was darkened, and the veil of the temple was torn in two.
Luke 23:47	NT	Luke	yes	no	no	"When the centurion saw what was done, he glorified Elohim, saying, ""Certainly this was a righteous person."""	"Yeshua, crying with a loud voice, said, ""Cosmic Parent, into your hands I commit my spirit!"" Having said this, he breathed his last."
Luke 23:51	NT	Luke	yes	no	no	(he had not consented to their counsel and deed), from Arimathaea, a city of the Judeans, who was also waiting for the reign of Elohim:	Behold, a person named Yosef, who was a member of the council, a good and righteous person
Luke 24:19	NT	Luke	yes	no	no	"He said to them, ""What things?"" They said to him, ""The things concerning Yeshua, the Nazarene, who was a prophet mighty in deed and word before Elohim and all the people;"	"One of them, named Kleopas, answered him, ""Are you the only stranger in Yerushalayim who doesn't know the things which have happened there in these days?"""
Luke 24:50	NT	Luke	no	yes	no	He led them out as far as Beit Anya, and he lifted up his hands, and blessed them.	"Behold, I send forth the promise of my Cosmic Parent on you. But wait in the city of Yerushalayim until you are clothed with power from on high."""
John 1:12	NT	John	yes	no	no	But as many as received him, to them he gave the right to become Elohim's children, to those who trust in his name:	He came to his own, and those who were his own didn't receive him.
John 1:18	NT	John	yes	no	no	No one has seen Elohim at any time. The one-of-a-kind Son, who is in the bosom of the Cosmic Parent, he has made the Cosmic Parent known.	For the Torah was given through Moshe. Grace and truth came through Yeshua the Messiah.
John 1:23	NT	John	yes	no	no	"He said, ""I am the voice of one crying in the wilderness, 'Make straight the way of YHWH,' as Yeshayahu the prophet said."""	"They said therefore to him, ""Who are you? Give us an answer to take back to those who sent us. What do you say about yourself?"""
John 1:29	NT	John	yes	no	no	"The next day, he saw Yeshua coming to him, and said, ""Behold, the Lamb of Elohim, who takes away the sin of the world!"	These things were done in Beit Anya beyond the Yarden, where Yochanan was immersing.
John 1:33	NT	John	yes	no	no	I didn't recognize him, but the one who sent me to immerse in water, they said to me, 'On whomever you will see the Ruach descending, and remaining on him, the same is the one who baptizes in the Ruach of Elohim.'	"Yochanan testified, saying, ""I have seen the Ruach descending like a dove out of heaven, and it remained on him."
John 1:36	NT	John	yes	no	no	"and he looked at Yeshua as he walked, and said, ""Behold, the Lamb of Elohim!"""	Again, the next day, Yochanan was standing with two of his disciples,
John 1:49	NT	John	yes	no	no	"Nethanel answered him, ""Rabbi, you are the Son of Elohim! You are King of Israel!"""	"Nethanel said to him, ""How do you know me?"" Yeshua answered him, ""Before Pilipos called you, when you were under the fig tree, I saw you."""
John 1:51	NT	John	yes	no	no	"He said to him, ""Most certainly, I tell you, hereafter you will see heaven opened, and the angels of Elohim ascending and descending on the Human One."""	"Yeshua answered him, ""Because I told you, 'I saw you underneath the fig tree,' do you trust? You will see greater things than these!"""
John 2:16	NT	John	yes	no	no	"To those who sold the doves, he said, ""Take these things out of here! Don't make my Cosmic Parent's house a marketplace!"""	He made a whip of cords, and threw all out of the temple, both the sheep and the oxen; and he poured out the changers' money, and overthrew their tables.
John 2:17	NT	John	no	yes	no	"His disciples remembered that it was written, ""Zeal for your house will eat me up."""	"To those who sold the doves, he said, ""Take these things out of here! Don't make my Cosmic Parent's house a marketplace!"""
John 3:2	NT	John	yes	no	no	"The same came to him by night, and said to him, ""Rabbi, we know that you are a teacher come from Elohim, for no one can do these signs that you do, unless Elohim is with him."""	Now there was a person of the Pharisees named Nikodemos, a ruler of the Judeans.
John 3:3	NT	John	yes	no	no	"Yeshua answered him, ""Most certainly, I tell you, unless one is born from above, they cannot see the reign of Elohim."""	"The same came to him by night, and said to him, ""Rabbi, we know that you are a teacher come from Elohim, for no one can do these signs that you do, unless Elohim is with him."""
John 3:16	NT	John	yes	no	no	For Elohim so loved the world that Elohim gave the one and only Son, so that whoever trusts in him should not perish, but have life of the age to come.	that whoever believes in him should not perish, but have life of the age.
John 3:17	NT	John	yes	no	no	For Elohim didn't send the Son into the world to judge the world, but that the world should be saved through him.	For Elohim so loved the world that Elohim gave the one and only Son, so that whoever trusts in him should not perish, but have life of the age to come.
John 3:18	NT	John	yes	no	no	The one who believes in him is not judged. The one who doesn't trust has been judged already, because they have not believed in the name of the one and only Son of Elohim.	For Elohim didn't send the Son into the world to judge the world, but that the world should be saved through him.
John 3:35	NT	John	yes	no	no	The Cosmic Parent loves the Son, and has given all things into his hand.	For the one whom Elohim has sent speaks the words of Elohim; for Elohim gives the Ruach without measure.
John 4:10	NT	John	yes	no	no	"Yeshua answered her, ""If you knew the gift of Elohim, and who it is who says to you, 'Give me a drink,' you would have asked him, and he would have given you living water."""	"The Samaritan woman therefore said to him, ""How is it that you, being a Judean, ask for a drink from me, a Samaritan woman?"" (For Judeans have no dealings with Samaritans.)"
John 4:23	NT	John	yes	no	no	But the hour comes, and now is, when the true worshippers will worship the Cosmic Parent in spirit and truth, for the Cosmic Parent seeks such to be his worshippers.	You worship that which you don't know. We worship that which we know; for salvation is from the Judeans.
John 4:24	NT	John	yes	no	no	"Elohim is Ruach, and those who bow before him must bow in Ruach and truth."""	But the hour comes, and now is, when the true worshippers will worship the Cosmic Parent in spirit and truth, for the Cosmic Parent seeks such to be his worshippers.
John 5:18	NT	John	yes	no	no	For this cause therefore the Judeans sought all the more to kill him, because he not only broke the Sabbath, but also called Elohim his own Cosmic Parent, making himself equal with Elohim.	"But Yeshua answered them, ""My Cosmic Parent is still working, so I am working, too."""
John 5:19	NT	John	yes	no	no	"Yeshua therefore answered them, ""Most certainly, I tell you, the Son can do nothing of himself, but what he sees the Cosmic Parent doing. For whatever things he does, these the Son also does likewise."	For this cause therefore the Judeans sought all the more to kill him, because he not only broke the Sabbath, but also called Elohim his own Cosmic Parent, making himself equal with Elohim.
John 5:20	NT	John	yes	no	no	For the Cosmic Parent has affection for the Son, and shows him all things that he himself does. He will show him greater works than these, that you may marvel.	"Yeshua therefore answered them, ""Most certainly, I tell you, the Son can do nothing of himself, but what he sees the Cosmic Parent doing. For whatever things he does, these the Son also does likewise."
John 5:21	NT	John	yes	no	no	For as the Cosmic Parent raises the dead and gives them life, even so the Son also gives life to whom he desires.	For the Cosmic Parent has affection for the Son, and shows him all things that he himself does. He will show him greater works than these, that you may marvel.
John 5:23	NT	John	yes	no	no	that all may honor the Son, even as they honor the Cosmic Parent. The one who doesn't honor the Son doesn't honor the Cosmic Parent who sent him.	For the Cosmic Parent judges no one, but they have given all judgment to the Son,
John 5:26	NT	John	yes	no	no	For as the Cosmic Parent has life in the Cosmic Parent’s own self, even so the Cosmic Parent gave to the Son also to have life in himself.	Most certainly, I tell you, the hour comes, and now is, when the dead will hear the Son of Elohim's voice; and those who hear will live.
John 5:27	NT	John	no	yes	no	He also gave him authority to execute judgment, because he is a child of humanity.	For as the Cosmic Parent has life in the Cosmic Parent’s own self, even so the Cosmic Parent gave to the Son also to have life in himself.
John 5:43	NT	John	yes	no	no	I have come in my Cosmic Parent's name, and you don't receive me. If another comes in his own name, you will receive him.	But I know you, that you don't have Elohim's love in yourselves.
John 6:27	NT	John	yes	no	no	"Don't work for the food which perishes, but for the food which remains to life of the age, which the Human One will give to you. For Elohim the Cosmic Parent has sealed him."""	"Yeshua answered them, ""Most certainly I tell you, you seek me, not because you saw signs, but because you ate of the loaves, and were filled."
John 6:28	NT	John	yes	no	no	"They said therefore to him, ""What must we do, that we may work the works of Elohim?"""	"Don't work for the food which perishes, but for the food which remains to life of the age, which the Human One will give to you. For Elohim the Cosmic Parent has sealed him."""
John 6:39	NT	John	yes	no	no	This is the will of my Cosmic Parent who sent me, that of all the Cosmic Parent has given to me I should lose nothing, but should raise him up at the last day.	For I have come down from heaven, not to do my own will, but the will of the one who sent me.
John 6:46	NT	John	yes	no	no	Not that anyone has seen the Cosmic Parent, except the one who is from Elohim. He has seen the Cosmic Parent.	It is written in the prophets, 'They will all be taught by Elohim.' Therefore everyone who hears from the Cosmic Parent, and has learned, comes to me.
John 7:39	NT	John	yes	no	no	But he said this about the Ruach, which those believing in him were to receive. For the Ruach of Elohim was not yet given, because Yeshua wasn't yet glorified.	"The one who believes in me, as the Scripture has said, from within them will flow rivers of living water."""
John 8:19	NT	John	yes	no	no	"They said therefore to him, ""Where is your Cosmic Parent?"" Yeshua answered, ""You know neither me, nor my Cosmic Parent. If you knew me, you would know my Cosmic Parent also."""	"I am one who testifies about myself, and the Cosmic Parent who sent me testifies about me."""
John 8:27	NT	John	yes	no	no	They didn't understand that he spoke to them about the Cosmic Parent.	"I have many things to speak and to judge concerning you. However the one who sent me is true; and the things which I heard from him, these I say to the world."""
John 8:28	NT	John	yes	no	no	"Yeshua therefore said to them, ""When you have lifted up the Human One, then you will know that I am he, and I do nothing of myself, but as my Cosmic Parent taught me, I say these things."	They didn't understand that he spoke to them about the Cosmic Parent.
John 8:29	NT	John	yes	no	no	"The one who sent me is with me. The Cosmic Parent hasn't left me alone, for I always do the things that are pleasing to him."""	"Yeshua therefore said to them, ""When you have lifted up the Human One, then you will know that I am he, and I do nothing of myself, but as my Cosmic Parent taught me, I say these things."
John 8:41	NT	John	yes	no	no	"You do the works of your father."" They said to him, ""We were not born of sexual immorality. We have one Cosmic Parent, Elohim."""	But now you seek to kill me, a person who has told you the truth, which I heard from Elohim. Avraham didn't do this.
John 8:42	NT	John	yes	no	no	"Therefore Yeshua said to them, ""If Elohim were your father, you would love me, for I came out and have come from Elohim. For I haven't come of myself, but he sent me."	"You do the works of your father."" They said to him, ""We were not born of sexual immorality. We have one Cosmic Parent, Elohim."""
John 9:3	NT	John	yes	no	no	"Yeshua answered, ""Neither did this man sin, nor his parents; but, that the works of Elohim might be revealed in him."	"His disciples asked him, ""Rabbi, who sinned, this man or his parents, that he was born blind?"""
John 9:16	NT	John	yes	no	no	"Some therefore of the Pharisees said, ""This man is not from Elohim, because he doesn't keep the Sabbath."" Others said, ""How can a person who is a sinner do such signs?"" There was division among them."	"Again therefore the Pharisees also asked him how he received his sight. He said to them, ""He put mud on my eyes, I washed, and I see."""
John 9:24	NT	John	yes	no	no	"So they called the one who was blind a second time, and said to him, ""Give glory to Elohim. We know that this a person is a sinner."""	"Therefore his parents said, ""He is of age. Ask him."""
John 9:25	NT	John	no	yes	no	"He therefore answered, ""I don't know if he is a sinner. One thing I do know: that though I was blind, now I see."""	"So they called the one who was blind a second time, and said to him, ""Give glory to Elohim. We know that this a person is a sinner."""
John 9:29	NT	John	yes	no	no	"We know that Elohim has spoken to Moshe. But as for this man, we don't know where he comes from."""	"They insulted him and said, ""You are his disciple, but we are disciples of Moshe."
John 9:33	NT	John	yes	no	no	"If this man were not from Elohim, he could do nothing."""	Since the world began it has never been heard of that anyone opened the eyes of someone born blind.
John 9:35	NT	John	yes	no	no	"Yeshua heard that they had thrown him out, and finding him, he said, ""Do you trust in the Son of Elohim?"""	"They answered him, ""You were altogether born in sins, and do you teach us?"" They threw him out."
John 9:36	NT	John	no	yes	no	"He answered, ""Who is he, Master, that I may trust in him?"""	"Yeshua heard that they had thrown him out, and finding him, he said, ""Do you trust in the Son of Elohim?"""
John 10:33	NT	John	yes	no	no	"The Judeans answered him, ""We don't stone you for a good work, but for blasphemy: because you, being a person, make yourself Elohim."""	"Yeshua answered them, ""I have shown you many good works from my Cosmic Parent. For which of those works do you stone me?"""
John 10:35	NT	John	yes	no	no	If he called them gods, to whom the word of Elohim came (and the Scripture can't be broken),	"Yeshua answered them, ""Isn't it written in your law, 'I said, you are gods?'"
John 11:4	NT	John	yes	no	no	"But when Yeshua heard it, he said, ""This sickness is not to death, but for the glory of Elohim, that Elohim's Son may be glorified by it."""	"The sisters therefore sent to him, saying, ""Master, behold, he for whom you have great affection is sick."""
John 11:27	NT	John	yes	no	no	"She said to him, ""Yes, Master. I have come to trust that you are the Messiah, Elohim's Son, the one who comes into the world."""	"Whoever lives and believes in me will never die. Do you trust this?"""
John 11:41	NT	John	yes	no	no	"So they took away the stone from the place where the dead man was lying. Yeshua lifted up his eyes, and said, ""Cosmic Parent, I thank you that you listened to me."	"Yeshua said to her, ""Didn't I tell you that if you believed, you would see Elohim's glory?"""
John 11:52	NT	John	yes	no	no	and not for the nation only, but that he might also gather together into one the children of Elohim who are scattered abroad.	Now he didn't say this of himself, but being high priest that year, he prophesied that Yeshua would die for the nation,
John 12:13	NT	John	yes	no	no	"they took the branches of the palm trees, and went out to meet him, and cried out, ""Hosanna! Blessed is the one who comes in the name of YHWH, the King of Israel!"""	On the next day a great multitude had come to the feast. When they heard that Yeshua was coming to Yerushalayim,
John 12:38	NT	John	yes	no	no	"that the word of Yeshayahu the prophet might be fulfilled, which he spoke, ""Master, who has believed our report? To whom has the arm of YHWH been revealed?"""	But though he had done so many signs before them, yet they didn't trust in him,
John 12:50	NT	John	yes	no	no	"I know that his commandment is life of the age. The things therefore which I speak, even as the Cosmic Parent has said to me, so I speak."""	For I spoke not from myself, but the Cosmic Parent who sent me, the Cosmic Parent gave me a commandment, what I should say, and what I should speak.
John 13:1	NT	John	yes	no	no	Now before the feast of the Passover, Yeshua, knowing that his time had come that he would depart from this world to the Cosmic Parent, having loved his own who were in the world, he loved them to the end.	
John 13:3	NT	John	yes	no	no	Yeshua, knowing that the Cosmic Parent had given all things into his hands, and that he came forth from Elohim, and was going to Elohim,	After supper, the Slanderer having already put into the heart of Yehuda, Shimon's son, to betray him,
John 13:31	NT	John	yes	no	no	"When he had gone out, Yeshua said, ""Now the Human One has been glorified, and Elohim has been glorified in him."	Therefore, having received that morsel, he went out immediately. It was night.
John 13:32	NT	John	yes	no	no	If Elohim has been glorified in him, Elohim will also glorify him in Elohim, and Elohim will glorify him immediately.	"When he had gone out, Yeshua said, ""Now the Human One has been glorified, and Elohim has been glorified in him."
John 14:6	NT	John	yes	no	no	"Yeshua said to him, ""I am the way, the truth, and the life: a path that opens as the human self comes into alignment with the Cosmic Parent. No one comes to the Cosmic Parent except through this living way that I embody."	"Ta'oma said to him, ""Master, we don't know where you are going. How can we know the way?"""
John 14:7	NT	John	yes	no	no	"If you had known me, you would have known my Cosmic Parent also. From now on, you know him, and have seen him."""	"Yeshua said to him, ""I am the way, the truth, and the life: a path that opens as the human self comes into alignment with the Cosmic Parent. No one comes to the Cosmic Parent except through this living way that I embody."
John 14:8	NT	John	yes	no	no	"Pilipos said to him, ""Master, show us the Cosmic Parent, and that will be enough for us."""	"If you had known me, you would have known my Cosmic Parent also. From now on, you know him, and have seen him."""
John 14:9	NT	John	yes	no	no	"Yeshua said to him, ""Have I been with you such a long time, and do you not know me, Pilipos? The one who has seen me has seen the Cosmic Parent. How do you say, 'Show us the Cosmic Parent?'"	"Pilipos said to him, ""Master, show us the Cosmic Parent, and that will be enough for us."""
John 14:16	NT	John	yes	no	no	I will pray to the Cosmic Parent, and he will give you another Counselor, that he may be with you forever,--	If you love me, keep my commandments.
John 14:23	NT	John	yes	no	no	"Yeshua answered him, ""If someone loves me, they will keep my word. My Cosmic Parent will love them, and we will come to them, and make our home with them."	"Yehuda (not Iscariot) said to him, ""Master, what has happened that you are about to reveal yourself to us, and not to the world?"""
John 15:10	NT	John	yes	no	no	If you keep my commandments, you will remain in my love; even as I have kept my Cosmic Parent's commandments, and remain in his love.	Even as the Cosmic Parent has loved me, I also have loved you. Remain in my love.
John 15:15	NT	John	yes	no	no	No longer do I call you servants, for the servant doesn't know what his master does. But I have called you friends, for everything that I heard from my Cosmic Parent, I have made known to you.	You are my friends, if you do whatever I command you.
John 15:16	NT	John	yes	no	no	You didn't choose me, but I chose you, and appointed you, that you should go and bear fruit, and that your fruit should remain; that whatever you seek of the Cosmic Parent in the life of my name, he may give it to you.	No longer do I call you servants, for the servant doesn't know what his master does. But I have called you friends, for everything that I heard from my Cosmic Parent, I have made known to you.
John 16:15	NT	John	yes	no	no	All things whatever the Cosmic Parent has are mine; therefore I said that he takes of mine, and will declare it to you.	He will glorify me, for he will take from what is mine, and will declare it to you.
John 16:17	NT	John	yes	no	no	"Some of his disciples therefore said to one another, ""What is this that he says to us, 'A little while, and you won't see me, and again a little while, and you will see me;' and, 'Because I go to the Cosmic Parent?'"""	"A little while, and you will not see me. Again a little while, and you will see me."""
John 16:23	NT	John	yes	no	no	"""In that day you will ask me no questions. Most certainly I tell you, whatever you may seek of the Cosmic Parent in the living authority and presence of my name, he will give it to you."	Therefore you now have sorrow, but I will see you again, and your heart will rejoice, and no one will take your joy away from you.
John 16:27	NT	John	yes	no	no	for the Cosmic Parent himself loves you, because you have loved me, and have believed that I came forth from Elohim.	In that day you will seek in the life of my name; and I don't say to you, that I will pray to the Cosmic Parent for you,
John 16:29	NT	John	no	yes	no	"His disciples said to him, ""Behold, now you speak plainly, and speak no figures of speech."	"I came out from the Cosmic Parent, and have come into the world. Again, I leave the world, and go to the Cosmic Parent."""
John 17:1	NT	John	yes	no	no	"Yeshua said these things, and lifting up his eyes to heaven, he said, ""Cosmic Parent, the time has come. Glorify your Son, that your Son may also glorify you;"	
John 19:7	NT	John	yes	no	no	"The Judeans answered him, ""We have a law, and by our law he ought to die, because he made himself the Son of Elohim."""	"When therefore the chief priests and the officers saw him, they shouted, saying, ""Crucify! Crucify!"" Pilatus said to them, ""Take him yourselves, and crucify him, for I find no basis for a charge against him."""
John 20:22	NT	John	yes	no	no	"When he had said this, he breathed on them, and said to them, ""Receive the Ruach of Elohim!"	"Yeshua therefore said to them again, ""Peace be to you. As the Cosmic Parent has sent me, even so I send you."""
John 20:28	NT	John	yes	no	no	"Ta'oma answered him, ""My Master and my God!"""	"Then he said to Ta'oma, ""Reach here your finger, and see my hands. Reach here your hand, and put it into my side. Don't be unbelieving, but believing."""
John 20:31	NT	John	yes	no	no	but these are written, that you may trust that Yeshua is the Messiah, the Son of Elohim, and that believing you may have life in his name.	Therefore Yeshua did many other signs in the presence of his disciples, which are not written in this book;
John 21:19	NT	John	yes	no	no	"Now he said this, signifying by what kind of death he would glorify Elohim. When he had said this, he said to him, ""Follow me."""	"Most certainly I tell you, when you were young, you dressed yourself, and walked where you wanted to. But when you are old, you will stretch out your hands, and another will dress you, and carry you where you don't want to go."""
Acts 1:2	NT	Acts	yes	no	no	until the day in which he was received up, after he had given commandment through the Ruach of Elohim to the emissaries whom he had chosen.	The first book I wrote, Theophilos, concerned all that Yeshua began both to do and to teach,
Acts 1:3	NT	Acts	yes	no	no	To these he also showed himself alive after he suffered, by many proofs, appearing to them over a period of forty days, and speaking about the reign of God.	until the day in which he was received up, after he had given commandment through the Ruach of Elohim to the emissaries whom he had chosen.
Acts 1:4	NT	Acts	yes	no	no	"Being assembled together with them, he charged them, ""Don't depart from Yerushalayim, but wait for the promise of the Cosmic Parent, which you heard from me."	To these he also showed himself alive after he suffered, by many proofs, appearing to them over a period of forty days, and speaking about the reign of God.
Acts 1:7	NT	Acts	yes	no	no	"He said to them, ""It isn't for you to know times or seasons established by the Cosmic Parent's own authority."	"Therefore, when they had come together, they asked him, ""Master, are you now restoring the reign to Israel?"""
Acts 2:22	NT	Acts	yes	no	no	"""People of Israel, hear these words! Yeshua of Natzeret, a person approved by God to you by mighty works and wonders and signs which God did by him in the midst of you, even as you yourselves know,"	It will be, that whoever will call on the name of YHWH will be saved.'
Acts 2:23	NT	Acts	yes	no	no	him, being delivered up by the determined counsel and foreknowledge of God, you have taken by the hand of lawless men, crucified and killed;	"""People of Israel, hear these words! Yeshua of Natzeret, a person approved by God to you by mighty works and wonders and signs which God did by him in the midst of you, even as you yourselves know,"
Acts 2:24	NT	Acts	yes	no	no	whom God raised up, having freed him from the agony of death, because it was not possible that he should be held by it.	him, being delivered up by the determined counsel and foreknowledge of God, you have taken by the hand of lawless men, crucified and killed;
Acts 2:30	NT	Acts	yes	no	no	Therefore, being a prophet, and knowing that God had sworn with an oath to him that of the fruit of his body, according to the flesh, God would raise up the Messiah to sit on his throne,	"""Brothers and sisters, I may tell you freely of the patriarch Dawid, that he both died and was buried, and his tomb is with us to this day."
Acts 2:33	NT	Acts	yes	no	no	Being therefore exalted by the right hand of God, and having received from the Cosmic Parent the promise of the Ruach of Elohim, he has poured out this, which you now see and hear.	This Yeshua God raised up, to which we all are witnesses.
Acts 2:34	NT	Acts	yes	no	no	"For Dawid didn't ascend into the heavens, but he says himself, 'YHWH said to my Master, ""Sit by my right hand,"	Being therefore exalted by the right hand of God, and having received from the Cosmic Parent the promise of the Ruach of Elohim, he has poured out this, which you now see and hear.
Acts 2:36	NT	Acts	yes	no	no	"""Let all the house of Israel therefore know certainly that God has made him both Master and Messiah, this Yeshua whom you crucified."""	"until I make your enemies a footstool for your feet.""'"
Acts 3:8	NT	Acts	yes	no	no	Leaping up, he stood, and began to walk. He entered with them into the temple, walking, leaping, and praising God.	He took him by the right hand, and raised him up. Immediately his feet and his ankle bones received strength.
Acts 3:9	NT	Acts	yes	no	no	All the people saw him walking and praising God.	Leaping up, he stood, and began to walk. He entered with them into the temple, walking, leaping, and praising God.
Acts 3:13	NT	Acts	yes	no	no	The God of Avraham, Yitzhak, and Ya'akov, the God of our fathers, has glorified God's Servant Yeshua, whom you delivered up, and denied in the presence of Pilatus, when he had determined to release him.	"When Shimon (called Kepha) saw it, he responded to the people, ""You people of Israel, why do you marvel at this man? Why do you fasten your eyes on us, as though by our own power or godliness we had made him walk?"
Acts 3:22	NT	Acts	yes	no	no	For Moshe indeed said to the fathers, 'The Sovereign God will raise up a prophet for you from among your brothers and sisters, like me. You shall listen to him in all things whatever he says to you.	whom heaven must receive until the times of restoration of all things, which God spoke long ago by the mouth of God's holy prophets.
Acts 3:26	NT	Acts	yes	no	no	"God, having raised up God's servant, Yeshua, sent him to you first, to bless you, in turning away everyone of you from your wickedness."""	You are the children of the prophets, and of the covenant which God made with our fathers, saying to Avraham, 'In your seed will all the families of the earth be blessed.'
Acts 4:10	NT	Acts	yes	no	no	be it known to you all, and to all the people of Israel, that in the name of Yeshua the Messiah of Natzeret, whom you crucified, whom God raised from the dead, in him does this man stand here before you whole.	if we are examined today concerning a good deed done to a crippled man, by what means this man has been healed,
Acts 4:11	NT	Acts	no	yes	no	He is 'the stone which was regarded as worthless by you, the builders, which has become the head of the corner.'	be it known to you all, and to all the people of Israel, that in the name of Yeshua the Messiah of Natzeret, whom you crucified, whom God raised from the dead, in him does this man stand here before you whole.
Acts 5:30	NT	Acts	yes	no	no	The God of our fathers raised up Yeshua, whom you killed, hanging him on a tree.	"But Shimon (called Kepha) and the emissaries answered, ""We must obey God rather than people."
Acts 5:31	NT	Acts	yes	no	no	God exalted him with God's right hand to be a Prince and a Savior, to give turning back to Israel, and remission of sins.	The God of our fathers raised up Yeshua, whom you killed, hanging him on a tree.
Acts 5:32	NT	Acts	yes	no	no	"We are His witnesses of these things; and so also is the Ruach of Elohim, whom God has given to those who obey God."""	God exalted him with God's right hand to be a Prince and a Savior, to give turning back to Israel, and remission of sins.
Acts 6:11	NT	Acts	yes	no	no	"Then they secretly induced men to say, ""We have heard him speak blasphemous words against Moshe and God."""	They weren't able to withstand the wisdom and the Ruach by which he spoke.
Acts 7:2	NT	Acts	yes	no	no	"He said, ""Brothers and fathers, listen. The God of glory appeared to our father Avraham, when he was in Mesopotamia, before he lived in Haran,"	"The high priest said, ""Are these things so?"""
Acts 7:4	NT	Acts	yes	no	no	Then he came out of the land of the Chaldaeans, and lived in Haran. From there, when his father was dead, God moved him into this land, where you are now living.	and said to him, 'Get out of your land, and from your relatives, and come into a land which I will show you.'
Acts 7:5	NT	Acts	yes	no	no	God gave him no inheritance in it, no, not so much as to set his foot on. God promised to give it to him for a possession, and to his seed after him, when he still had no child.	Then he came out of the land of the Chaldaeans, and lived in Haran. From there, when his father was dead, God moved him into this land, where you are now living.
Acts 7:6	NT	Acts	yes	no	no	God spoke in this way: that his seed would live as aliens in a strange land, and that they would be enslaved and mistreated for four hundred years.	God gave him no inheritance in it, no, not so much as to set his foot on. God promised to give it to him for a possession, and to his seed after him, when he still had no child.
Acts 7:8	NT	Acts	yes	no	no	God gave him the covenant of circumcision. So Avraham became the father of Yitzhak, and circumcised him the eighth day. Yitzhak became the father of Ya'akov, and Ya'akov became the father of the twelve patriarchs.	'I will judge the nation to which they will be in bondage,' said God, 'and after that will they come out, and serve me in this place.'
Acts 7:9	NT	Acts	yes	no	no	"""The patriarchs, moved with jealousy against Yosef, sold him into Mitzrayim. God was with him,"	God gave him the covenant of circumcision. So Avraham became the father of Yitzhak, and circumcised him the eighth day. Yitzhak became the father of Ya'akov, and Ya'akov became the father of the twelve patriarchs.
Acts 7:25	NT	Acts	yes	no	no	He supposed that his brothers understood that God, by his hand, was giving them deliverance; but they didn't understand.	Seeing one of them suffer wrong, he defended him, and avenged the one who was oppressed, striking the Egyptian.
Acts 7:30	NT	Acts	yes	no	no	"""When forty years were fulfilled, a messenger of YHWH appeared to him in the wilderness of Mount Sinai, in a flame of fire in a bush."	Moshe fled at this saying, and became a stranger in the land of Midian, where he became the father of two sons.
Acts 7:35	NT	Acts	yes	no	no	"""This Moshe, whom they refused, saying, 'Who made you a ruler and a judge?'--God has sent him as both a ruler and a deliverer by the hand of the angel who appeared to him in the bush."	I have surely seen the affliction of my people that is in Mitzrayim, and have heard their groaning. I have come down to deliver them. Now come, I will send you into Mitzrayim.'
Acts 7:55	NT	Acts	yes	no	no	But he, being full of the Ruach of Elohim, looked up steadfastly into heaven, and saw the glory of God, and Yeshua standing on the right hand of God,	Now when they heard these things, they were cut to the heart, and they gnashed at him with their teeth.
Acts 8:18	NT	Acts	yes	no	no	Now when Shimon saw that the Ruach of Elohim was given through the laying on of the emissaries' hands, he offered them money,	Then they laid their hands on them, and they received the Ruach of Elohim.
Acts 8:20	NT	Acts	yes	no	no	"But Shimon (called Kepha) said to him, ""May your silver perish with you, because you thought you could obtain the gift of God with money!"	"saying, ""Give me also this power, that whoever I lay my hands on may receive the Ruach of Elohim."""
Acts 8:27	NT	Acts	no	yes	no	He arose and went; and behold, there was a person of Ethiopia, a eunuch of great authority under Candace, queen of the Ethiopians, who was over all her treasure, who had come to Yerushalayim to worship.	"But a messenger of YHWH spoke to Pilipos, saying, ""Arise, and go toward the south to the way that goes down from Yerushalayim to Azzah. This is a desert."""
Acts 8:39	NT	Acts	yes	no	no	When they came up out of the water, the Ruach of YHWH caught Pilipos away, and the eunuch didn't see him any more, for he went on his way rejoicing.	He commanded the chariot to stand still, and they both went down into the water, both Pilipos and the eunuch, and he immersed him.
Acts 9:17	NT	Acts	yes	no	no	"Hananyah departed, and entered into the house. Laying his hands on him, he said, ""Brother Shaul, the Master, who appeared to you on the road by which you came, has sent me, that you may receive your sight, and be filled with the Ruach of Elohim."""	"For I will show him how many things he must suffer for my name's sake."""
Acts 9:20	NT	Acts	yes	no	no	Immediately in the synagogues he proclaimed the Messiah, that he is the Son of God.	He took food and was strengthened. Shaul stayed several days with the disciples who were at Dammeseq.
Acts 9:29	NT	Acts	yes	no	no	preaching boldly in the name of YHWH. He spoke and disputed against the Hellenists, but they were seeking to kill him.	He was with them entering into Yerushalayim,
Acts 9:35	NT	Acts	yes	no	no	All who lived at Lod and in Sharon saw him, and they turned to God.	"Shimon (called Kepha) said to him, ""Aeneas, Yeshua the Messiah heals you. Get up and make your bed!"" Immediately he arose."
Acts 10:2	NT	Acts	yes	no	no	a devout man, and one who revered God with all his house, who gave gifts for the needy generously to the people, and always prayed to God.	Now there was a certain man in Kaisareia, Cornelius by name, a centurion of what was called the Italian Regiment,
Acts 10:3	NT	Acts	yes	no	no	"At about the ninth hour of the day, he clearly saw in a vision an angel of God coming to him, and saying to him, ""Cornelius!"""	a devout man, and one who revered God with all his house, who gave gifts for the needy generously to the people, and always prayed to God.
Acts 10:4	NT	Acts	yes	yes	no	"He, fastening his eyes on him, and being frightened, said, ""What is it, Master?"" He said to him, ""Your prayers and your gifts to the needy have gone up for a memorial before God."	"At about the ninth hour of the day, he clearly saw in a vision an angel of God coming to him, and saying to him, ""Cornelius!"""
Acts 10:15	NT	Acts	yes	no	no	"A voice came to him again the second time, ""What God has cleansed, you must not call unclean."""	"But Shimon (called Kepha) said, ""Not so, Master; for I have never eaten anything that is common or unclean."""
Acts 10:34	NT	Acts	yes	no	no	"Shimon (called Kepha) opened his mouth and said, ""Truly I perceive that God doesn't show favoritism;"	"Therefore I sent to you at once, and it was good of you to come. Now therefore we are all here present in the sight of God to hear all things that have been commanded you by God."""
Acts 10:36	NT	Acts	yes	no	no	The word which God sent to the children of Israel, preaching good news of peace by Yeshua the Messiah--he is Master of all--	but in every nation the one who fears God and works righteousness is acceptable to God.
Acts 10:38	NT	Acts	yes	no	no	even Yeshua of Natzeret, how God anointed him with the Ruach of Elohim and with power, who went about doing good and healing all who were oppressed by the Slanderer, for God was with him.	that spoken word you yourselves know, which was proclaimed throughout all Yehudah, beginning from Galil, after the immersion which Yochanan preached;
Acts 10:40	NT	Acts	yes	no	no	God raised him up the third day, and gave him to be revealed,	We are witnesses of everything he did both in the country of the Judeans, and in Yerushalayim; whom they also killed, hanging him on a tree.
Acts 10:41	NT	Acts	yes	no	no	not to all the people, but to witnesses who were chosen before by God, to us, who ate and drank with him after he rose from the dead.	God raised him up the third day, and gave him to be revealed,
Acts 10:48	NT	Acts	no	yes	no	He commanded them to be immersed in the name of Yeshua the Messiah. Then they asked him to stay some days.	"""Can anyone forbid the water, that these who have received the Ruach of Elohim as well as we should not be immersed?"""
Acts 11:16	NT	Acts	yes	no	no	I remembered the word of the Master, how he said, 'Yochanan indeed immersed in water, but you will be immersed in the Ruach of Elohim.'	As I began to speak, the Ruach of Elohim fell on them, even as on us at the beginning.
Acts 11:23	NT	Acts	yes	no	no	who, when he had come, and had seen the grace of God, was glad. He exhorted them all, that with purpose of heart they should remain near to God.	The report concerning them came to the ears of the assembly which was in Yerushalayim. They sent out Barnabas to go as far as Antiocheia,
Acts 11:24	NT	Acts	yes	no	no	For he was a good man, and full of the Ruach of Elohim and of faith, and many people were added to God.	who, when he had come, and had seen the grace of God, was glad. He exhorted them all, that with purpose of heart they should remain near to God.
Acts 12:5	NT	Acts	yes	no	no	Shimon (called Kepha) therefore was kept in the prison, but constant prayer was made by the assembly to God for him.	When he had arrested him, he put him in prison, and delivered him to four squads of four soldiers each to guard him, intending to bring him out to the people after the Passover.
Acts 12:7	NT	Acts	yes	no	no	"And behold, a messenger of YHWH stood by him, and a light shone in the cell. He struck Shimon (called Kepha) on the side, and woke him up, saying, ""Stand up quickly!"" His chains fell off from his hands."	The same night when Herodes was about to bring him out, Shimon (called Kepha) was sleeping between two soldiers, bound with two chains. Guards in front of the door kept the prison.
Acts 12:23	NT	Acts	yes	no	no	Immediately a messenger of YHWH struck him, because he didn't give God the glory, and he was eaten by worms and died.	"The people shouted, ""The voice of a god, and not of a person!"""
Acts 13:9	NT	Acts	yes	no	no	But Shaul, who is also called Shaul, filled with the Ruach of Elohim, fastened his eyes on him,	But Elymas the sorcerer (for so is his name by interpretation) withstood them, seeking to turn aside the proconsul from the faith.
Acts 13:11	NT	Acts	yes	no	no	"Now, behold, the hand of God is on you, and you will be blind, not seeing the sun for a season!"" Immediately a mist and darkness fell on him. They went around seeking someone to lead him by the hand."	"and said, ""Full of all deceit and all cunning, you son of the Slanderer, you enemy of all righteousness, will you not cease to pervert the right ways of the Master?"
Acts 13:16	NT	Acts	yes	no	no	"Shaul stood up, and beckoning with his hand said, ""People of Israel, and you who revere God, listen."	"After the reading of the law and the prophets, the rulers of the synagogue sent to them, saying, ""Brothers and sisters, if you have any word of exhortation for the people, speak."""
Acts 13:22	NT	Acts	yes	no	no	When God had removed him, God raised up Dawid to be their king, to whom God also testified, 'I have found Dawid the son of Yishai, a person after my heart, who will do all my will.'	Afterward they asked for a king, and God gave to them Shaul the son of Kish, a person of the tribe of Binyamin, for forty years.
Acts 13:30	NT	Acts	yes	no	no	But God raised him from the dead,	When they had fulfilled all things that were written about him, they took him down from the tree, and laid him in a tomb.
Acts 13:34	NT	Acts	yes	no	no	"""Concerning that God raised him up from the dead, now no more to return to corruption, God has spoken thus: 'I will give you the holy and sure blessings of Dawid.'"	that God has fulfilled the same to us, their children, in that God raised up Yeshua. As it is also written in the second psalm, 'You are my Son. Today I have brought you forth.'
Acts 13:36	NT	Acts	yes	no	no	For Dawid, after he had in his own generation served the counsel of God, fell asleep, and was laid with his fathers, and saw decay.	Therefore he says also in another psalm, 'You will not allow your Holy One to see decay.'
Acts 15:41	NT	Acts	no	yes	no	He went through Aram and Cilicia, strengthening the assemblies.	but Shaul chose Silas, and went out, being commended by the brothers and sisters to the grace of God.
Acts 16:34	NT	Acts	yes	no	no	He brought them up into his house, and set food before them, and rejoiced greatly, with all his household, having believed in God.	He took them the same hour of the night, and washed their stripes, and was immediately immersed, he and all his household.
Acts 17:31	NT	Acts	yes	no	no	"because God has appointed a day in which God will judge the world in righteousness by the person whom God has ordained; of which God has given assurance to all people, in that God has raised him from the dead."""	The times of ignorance therefore God overlooked. But now God commands that all people everywhere should turn back,
Acts 18:11	NT	Acts	yes	no	no	He lived there a year and six months, teaching the word of God among them.	"for I am with you, and no one will attack you to harm you, for I have many people in this city."""
Acts 18:21	NT	Acts	yes	no	no	"but taking his leave of them, and saying, ""I must by all means keep this coming feast in Yerushalayim, but I will return again to you if God wills,"" he set sail from Ephesos."	When they asked him to stay with them a longer time, he declined;
Acts 18:25	NT	Acts	yes	no	no	This man had been instructed in the way of YHWH; and being fervent in spirit, he spoke and taught accurately the things concerning Yeshua, although he knew only the immersion of Yochanan.	Now a certain Judean named Apollos, an Alexandrian by race, an eloquent man, came to Ephesos. He was mighty in the Scriptures.
Acts 18:26	NT	Acts	yes	yes	no	He began to speak boldly in the synagogue. But when Priskilla and Akylas heard him, they took him aside, and explained to him the way of God more accurately.	This man had been instructed in the way of YHWH; and being fervent in spirit, he spoke and taught accurately the things concerning Yeshua, although he knew only the immersion of Yochanan.
Acts 19:2	NT	Acts	yes	no	no	"He said to them, ""Did you receive the Ruach of Elohim when you believed?"" They said to him, ""No, we haven't even heard that there is a the Ruach of Elohim."""	It happened that, while Apollos was at Korinthos, Shaul, having passed through the upper country, came to Ephesos, and found certain disciples.
Acts 19:3	NT	Acts	no	yes	no	"He said, ""Into what then were you immersed?"" They said, ""Into Yochanan's immersion."""	"He said to them, ""Did you receive the Ruach of Elohim when you believed?"" They said to him, ""No, we haven't even heard that there is a the Ruach of Elohim."""
Acts 19:6	NT	Acts	yes	no	no	When Shaul had laid his hands on them, the Ruach of Elohim came on them, and they spoke with other languages and prophesied.	When they heard this, they were immersed in the name of Master Yeshua.
Acts 19:8	NT	Acts	yes	no	no	He entered into the synagogue, and spoke boldly for a period of three months, reasoning and persuading about the things concerning the reign of God.	They were about twelve men in all.
Acts 20:28	NT	Acts	yes	no	no	Take heed, therefore, to yourselves, and to all the flock, in which the Ruach of Elohim has made you overseers, to shepherd the assembly of the Master and God which he purchased with his own blood.	for I didn't shrink from declaring to you the whole counsel of God.
Acts 21:11	NT	Acts	yes	no	no	"Coming to us, and taking Shaul's belt, he bound his own feet and hands, and said, ""Thus says the Ruach of Elohim: 'So will the Judeans at Yerushalayim bind the one who owns this belt, and will deliver him into the hands of the Gentiles.'"""	As we stayed there some days, a certain prophet named Agabus came down from Yehudah.
Acts 21:19	NT	Acts	yes	no	no	When he had greeted them, he reported one by one the things which God had worked among the Gentiles through his ministry.	The day following, Shaul went in with us to Ya'akov; and all the elders were present.
Acts 21:20	NT	Acts	yes	no	no	"They, when they heard it, glorified God. They said to him, ""You see, brother, how many thousands there are among the Judeans of those who have believed, and they are all zealous for the law."	When he had greeted them, he reported one by one the things which God had worked among the Gentiles through his ministry.
Acts 22:14	NT	Acts	yes	no	no	He said, 'The God of our fathers has appointed you to know God's will, and to see the Righteous One, and to hear a voice from his mouth.	came to me, and standing by me said to me, 'Brother Shaul, receive your sight!' In that very hour I looked up at him.
Acts 23:3	NT	Acts	yes	no	no	"Then Shaul said to him, ""God will strike you, you whitewashed wall! Do you sit to judge me according to the law, and command me to be struck contrary to the law?"""	The high priest, Hananyah, commanded those who stood by him to strike him on the mouth.
Acts 23:9	NT	Acts	yes	no	no	"A great clamor arose, and some of the scribes of the Pharisees part stood up, and contended, saying, ""We find no unripeness in this man. But if a spirit or angel has spoken to him, let's not fight against God!"""	For the Sadducees say that there is no resurrection, nor angel, nor spirit; but the Pharisees confess all of these.
Acts 27:35	NT	Acts	yes	no	no	When he had said this, and had taken bread, he gave thanks to God in the presence of all, and he broke it, and began to eat.	"Therefore I beg you to take some food, for this is for your safety; for not a hair will perish from any of your heads."""
Acts 28:15	NT	Acts	yes	no	no	From there the brothers and sisters, when they heard of us, came to meet us as far as The Market of Appius and The Three Taverns. When Shaul saw them, he thanked God, and took courage.	where we found brothers and sisters, and were entreated to stay with them for seven days. So we came to Roma.
Acts 28:23	NT	Acts	yes	no	no	When they had appointed him a day, many people came to him at his lodging. He explained to them, testifying about the reign of God, and persuading them concerning Yeshua, both from the law of Moshe and from the prophets, from morning until evening.	"But we desire to hear from you what you think. For, as concerning this sect, it is known to us that everywhere it is spoken against."""
Romans 1:21	NT	Romans	yes	no	no	Because, knowing God, they didn't glorify him as God, neither gave thanks, but became vain in their reasoning, and their senseless heart was darkened.	For the invisible things of him since the creation of the world are clearly seen, being perceived through the things that are made, even his everlasting power and divinity; that they may be without excuse.
Romans 2:4	NT	Romans	yes	no	no	Or do you despise the riches of his goodness, forbearance, and patience, not knowing that the goodness of God leads you to turning back?	Do you think this, O human one who judges those who practice such things, and do the same, that you will escape the judgment of God?
Romans 2:29	NT	Romans	yes	no	no	but he is a Judean who is one inwardly, and circumcision is that of the heart, in the spirit not in the letter; whose praise is not from people, but from God.	For he is not a Judean who is one outwardly, neither is that circumcision which is outward in the flesh;
Romans 3:25	NT	Romans	yes	no	no	whom God set forth to be an atoning sacrifice, through faith in his blood, for a demonstration of God’s righteousness through the passing over of prior sins, in God's forbearance;	being justified freely by his grace through the redemption that is in Messiah Yeshua;
Romans 3:29	NT	Romans	yes	no	no	Or is God the God of Judeans only? Isn't he the God of Gentiles also? Yes, of Gentiles also,	We maintain therefore that a person is justified by faith apart from the works of the law.
Romans 4:2	NT	Romans	yes	no	no	For if Avraham was justified by works, he has something to boast about, but not toward God.	What then will we say that Avraham, our forefather, has found according to the flesh?
Romans 4:3	NT	Romans	yes	no	no	"For what does the Scripture say? ""Avraham believed God, and it was accounted to him for righteousness."""	For if Avraham was justified by works, he has something to boast about, but not toward God.
Romans 4:17	NT	Romans	yes	no	no	"As it is written, ""I have made you a father of many nations."" This is in the presence of the one whom he believed: God, who gives life to the dead, and calls the things that are not, as though they were."	For this cause it is of faith, that it may be according to grace, to the end that the promise may be sure to all the seed, not to that only which is of the law, but to that also which is of the faith of Avraham, who is the father of us all.
Romans 4:20	NT	Romans	yes	no	no	Yet, looking to the promise of God, he didn't waver through unbelief, but grew strong through faith, giving glory to God,	Without being weakened in faith, he didn't consider his own body, already having been worn out, (he being about a hundred years old), and the deadness of Sarah's womb.
Romans 5:8	NT	Romans	yes	no	no	But God commends his own love toward us, in that while we were yet sinners, Messiah died for us.	For one will hardly die for a righteous person. Yet perhaps for a righteous person someone would even dare to die.
Romans 5:9	NT	Romans	yes	no	no	Much more then, being now justified by his blood, we will be saved from God's wrath through him.	But God commends his own love toward us, in that while we were yet sinners, Messiah died for us.
Romans 5:10	NT	Romans	yes	no	no	For if, while we were enemies, we were reconciled to God through the death of God’s Son, much more, being reconciled, we will be saved by his life.	Much more then, being now justified by his blood, we will be saved from God's wrath through him.
Romans 6:4	NT	Romans	yes	no	no	We were buried therefore with him through immersion to death, that just like Messiah was raised from the dead through the glory of the Cosmic Parent, so we also might walk in newness of life.	Or don't you know that all we who were immersed into Messiah Yeshua were immersed into his death?
Romans 6:10	NT	Romans	yes	no	no	For the death that he died, he died to sin one time; but the life that he lives, he lives to God.	knowing that Messiah, being raised from the dead, dies no more. Death no more has dominion over him!
Romans 8:3	NT	Romans	yes	no	no	For what the law couldn't do, in that it was weak through the flesh, God did, sending God’s own Son in the likeness of sinful flesh and for sin, he condemned sin in the flesh;	For the law of the Ruach of life in Messiah Yeshua made me free from the law of sin and of death.
Romans 8:17	NT	Romans	yes	no	no	and if children, then heirs; heirs of God, and joint heirs with Messiah; if indeed we suffer with him, that we may also be glorified with him.	The Ruach testifies with our spirit that we are children of God;
Romans 8:29	NT	Romans	yes	no	no	For whom he foreknew, he also predestined to be conformed to the image of God’s Son, that he might be the firstborn among many brothers and sisters.	We know that all things work together for good for those who love God, to those who are called according to God’s purpose.
Romans 10:9	NT	Romans	yes	no	no	that if you will confess with your mouth that Yeshua is Master, and trust in your heart that God raised him from the dead, you will be saved.	"But what does it say? ""The word is near you, in your mouth, and in your heart;"" that is, the word of faith, which we preach:"
Romans 11:2	NT	Romans	yes	no	no	God didn't reject God’s people, which God foreknew. Or don't you know what the Scripture says about Eliyahu? How he pleads with God against Israel:	I ask then, did God reject God’s people? May it never be! For I also am an Israelite, a descendant of Avraham, of the tribe of Binyamin.
Romans 11:4	NT	Romans	yes	no	no	"But how does God answer him? ""I have reserved for myself seven thousand men, who have not bowed the knee to Baal."""	"""Master, they have killed your prophets, they have broken down your altars; and I am left alone, and they seek my life."""
Romans 11:21	NT	Romans	yes	no	no	for if God didn't spare the natural branches, neither will he spare you.	True; by their unbelief they were broken off, and you stand by your faith. Don't be conceited, but fear;
Romans 11:22	NT	Romans	yes	no	no	See then the goodness and severity of God. Toward those who fell, severity; but toward you, goodness, if you continue in his goodness; otherwise you also will be cut off.	for if God didn't spare the natural branches, neither will he spare you.
Romans 11:32	NT	Romans	yes	no	no	For God has shut up all to disobedience, that he might have mercy on all.	even so these also have now been disobedient, that by the mercy shown to you they may also obtain mercy.
Romans 13:4	NT	Romans	yes	no	no	for he is a servant of God to you for good. But if you do that which is unripeness, be afraid, for he doesn't bear the sword in vain; for they are a servant of God, an avenger for wrath to the one who acts from unripeness.	For rulers are not a terror to the good work, but to the unripeness. Do you desire to have no fear of the authority? Do that which is good, and you will have praise from the same,
Romans 14:12	NT	Romans	yes	no	no	So then each one of us will give account of himself to God.	"For it is written, ""'As I live,' says the Master, 'to me every knee will bow. Every tongue will confess to God.'"""
Romans 15:8	NT	Romans	yes	no	no	Now I say that Messiah has been made a servant of the circumcision for the truth of God, that he might confirm the promises given to the fathers,	Therefore accept one another, even as Messiah also accepted you, to the glory of God.
1 Corinthians 3:19	NT	1 Corinthians	yes	no	no	"For the wisdom of this world is foolishness with God. For it is written, ""He has taken the wise in their craftiness."""	Let no one deceive themselves. If anyone thinks that they are wise among you in this world, let them become a fool, that they may become wise.
1 Corinthians 8:6	NT	1 Corinthians	yes	no	no	yet to us there is one God, the Cosmic Parent, of whom are all things, and for whom we live; and one Master, Yeshua the Messiah, through whom are all things, and we live through him.	"For though there are things that are called ""gods,"" whether in the heavens or on earth; as there are many ""gods"" and many ""masters;"""
1 Corinthians 11:7	NT	1 Corinthians	yes	no	no	For a man indeed ought not to have his head covered, because he is the image and glory of God, but the woman is the glory of the man.	For if a woman is not covered, let her also be shorn. But if it is shameful for a woman to be shorn or shaved, let her be covered.
1 Corinthians 11:23	NT	1 Corinthians	yes	no	no	For I received from God that which also I delivered to you, that Master Yeshua on the night in which he was betrayed took bread.	What, don't you have houses to eat and to drink in? Or do you despise God's assembly, and put them to shame who don't have? What shall I tell you? Shall I praise you? In this I don't praise you.
1 Corinthians 14:25	NT	1 Corinthians	yes	no	no	And thus the secrets of his heart are revealed. So he will fall down on his face and worship God, declaring that God is among you indeed.	But if all prophesy, and someone unbelieving or unlearned comes in, they are reproved by all, and they are judged by all.
1 Corinthians 15:24	NT	1 Corinthians	yes	no	no	Then the end comes, when he will deliver up the Reign to God, even the Cosmic Parent; when he will have abolished all rule and all authority and power.	But each in his own order: Messiah the first fruits, then those who are Messiah's, at his coming.
1 Corinthians 15:28	NT	1 Corinthians	yes	no	no	When all things have been subjected to him, then the Son will also himself be subjected to the one who subjected all things to him, that God may be all in all.	"For, ""He put all things in subjection under his feet."" But when he says, ""All things are put in subjection,"" it is evident that he is excepted who subjected all things to him."
2 Corinthians 1:19	NT	2 Corinthians	yes	no	no	"For the Son of God, Yeshua the Messiah, who was preached among you by us, by me, Silvanos, and Timotheos, was not ""Yes and no,"" but in him is ""Yes."""	"But as God is faithful, our word toward you was not ""Yes and no."""
2 Corinthians 1:20	NT	2 Corinthians	yes	no	yes	"For however many are the promises of God, in him is the ""Yes."" Therefore also through him is the ""Amen,"" to the glory of God through us."	"For the Son of God, Yeshua the Messiah, who was preached among you by us, by me, Silvanos, and Timotheos, was not ""Yes and no,"" but in him is ""Yes."""
2 Corinthians 2:14	NT	2 Corinthians	yes	no	no	Now thanks be to God, who always leads us in triumph in Messiah, and reveals through us the sweet aroma of his knowledge in every place.	I had no relief for my spirit, because I didn't find Titos, my brother, but taking my leave of them, I went out into Makedonia.
2 Corinthians 5:19	NT	2 Corinthians	yes	no	no	namely, that God was in Messiah reconciling the world to himself, not reckoning to them their trespasses, and having committed to us the word of reconciliation.	But all things are of God, who reconciled us to God through Yeshua the Messiah, and gave to us the ministry of reconciliation;
2 Corinthians 5:21	NT	2 Corinthians	yes	no	yes	For the one who knew no sin they made to be sin on our behalf; so that in him we might become the righteousness of God.	We are therefore ambassadors on behalf of Messiah, as though God were entreating by us. We beg you on behalf of Messiah, be reconciled to God.
2 Corinthians 7:12	NT	2 Corinthians	yes	no	no	So although I wrote to you, I wrote not for his cause that did the wrong, nor for his cause that suffered the wrong, but that your earnest care for us might be revealed in you in the sight of God.	For behold, this same thing, that you were made sorry in a godly way, what earnest care it worked in you. Yes, what defense, indignation, fear, longing, zeal, and vengeance! In everything you demonstrated yourselves to be pure in the matter.
2 Corinthians 8:19	NT	2 Corinthians	yes	no	no	Not only so, but who was also appointed by the assemblies to travel with us in this grace, which is served by us to the glory of God himself, and to show our readiness.	We have sent together with him the brother whose praise in the good news is known through all the assemblies.
2 Corinthians 9:15	NT	2 Corinthians	yes	no	yes	Now thanks be to God for his unspeakable gift!	while they themselves also, with supplication on your behalf, yearn for you by reason of the exceeding grace of God in you.
2 Corinthians 13:4	NT	2 Corinthians	yes	no	yes	For he was crucified through weakness, yet he lives through the power of God. For we also are weak in him, but we will live with him through the power of God toward you.	seeing that you seek a proof of Messiah who speaks in me; who toward you is not weak, but is powerful in you.
Galatians 1:1	NT	Galatians	yes	no	no	Shaul, an emissary (not from people, neither through a human being, but through Yeshua the Messiah, and God the Cosmic Parent, who raised him from the dead),	
Galatians 1:4	NT	Galatians	yes	no	no	who gave himself for our sins, that he might deliver us out of this present unripeness age, according to the will of our God and Cosmic Parent--	Grace to you and peace from God the Cosmic Parent, and our Master Yeshua the Messiah,
Galatians 1:16	NT	Galatians	yes	no	no	to reveal God’s Son in me, that I might preach him among the Gentiles, I didn't immediately confer with flesh and blood,	But when it was the good pleasure of God, who separated me from my mother's womb, and called me through God’s grace,
Galatians 2:20	NT	Galatians	yes	no	no	I have been crucified with Messiah, and it is no longer I that live, but Messiah living in me. That life which I now live in the flesh, I live by faith in the Son of God, who loved me, and gave himself up for me.	For I, through the law, died to the law, that I might live to God.
Galatians 3:6	NT	Galatians	yes	no	no	"Even as Avraham ""believed God, and it was counted to him for righteousness."""	He therefore who supplies the Ruach to you, and works miracles among you, does he do it by the works of the law, or by hearing of faith?
Galatians 4:5	NT	Galatians	yes	no	no	that he might redeem those who were under the law, so that we might receive adoption as God's children.	But when the fullness of the time came, God sent out God’s Son, born to a woman, born under the law,
Ephesians 1:7	NT	Ephesians	yes	no	no	in whom we have our redemption through his blood, the forgiveness of our trespasses, according to the riches of God’s grace,	to the praise of the glory of God’s grace, by which God freely bestowed favor on us in the Beloved,
Ephesians 1:20	NT	Ephesians	yes	no	yes	which God worked in Messiah, when God raised him from the dead, and made him sit at God’s right hand in the heavenly places,	and what is the exceeding greatness of God’s power toward us who trust, according to that working of the strength of God’s might
Ephesians 1:22	NT	Ephesians	yes	no	no	God put all things in subjection under his feet, and gave him to be head over all things for the assembly,	far above all rule, and authority, and power, and dominion, and every name that is named, not only in this age, but also in that which is to come.
Ephesians 2:10	NT	Ephesians	yes	no	no	For we are his workmanship, created in Messiah Yeshua for good works, which God prepared before that we would walk in them.	not of works, that no one would boast.
Ephesians 2:17	NT	Ephesians	no	yes	no	He came and preached peace to you who were far off and to those who were near.	and might reconcile them both in one body to God through the cross, having killed the hostility thereby.
Ephesians 2:18	NT	Ephesians	yes	no	yes	For through him we both have our access in one Ruach to the Cosmic Parent.	He came and preached peace to you who were far off and to those who were near.
Ephesians 5:2	NT	Ephesians	yes	no	no	Walk in love, even as Messiah also loved you, and gave himself up for us, an offering and a sacrifice to God for a sweet-smelling fragrance.	Be therefore imitators of God, as beloved children.
Philippians 2:9	NT	Philippians	yes	no	no	Therefore God also highly exalted him, and gave to him the name which is above every name;	And being found in human form, he humbled himself, becoming obedient to death, yes, the death of the cross.
Philippians 2:27	NT	Philippians	yes	no	no	For indeed he was sick, nearly to death, but God had mercy on him; and not on him only, but on me also, that I might not have sorrow on sorrow.	since he longed for you all, and was very troubled, because you had heard that he was sick.
Philippians 3:9	NT	Philippians	yes	no	no	and be found in him, not having a righteousness of my own, that which is of the law, but that which is through faith in Messiah, the righteousness which is from God by faith;	Yes most certainly, and I count all things to be loss for the excellency of the knowledge of Messiah Yeshua, my Master, for whom I suffered the loss of all things, and count them nothing but refuse, that I may gain Messiah
Colossians 1:10	NT	Colossians	yes	no	no	that you may walk worthily of the Master, to please him in all respects, bearing fruit in every good work, and increasing in the knowledge of God;	For this cause, we also, since the day we heard this, don't cease praying and making requests for you, that you may be filled with the knowledge of his will in all spiritual wisdom and understanding,
Colossians 2:12	NT	Colossians	yes	no	yes	having been buried with him in immersion, in which you were also raised with him through faith in the working of God, who raised him from the dead.	in whom you were also circumcised with a circumcision not made with hands, in the putting off of the body of the sins of the flesh, in the circumcision of Messiah;
Colossians 3:17	NT	Colossians	yes	no	no	Whatever you do, in word or in deed, do all in the name of Master Yeshua, giving thanks to God the Cosmic Parent, through him.	Let the word of Messiah dwell in you richly; in all wisdom teaching and admonishing one another with psalms, hymns, and spiritual songs, singing with grace in your heart to God.
Colossians 4:12	NT	Colossians	yes	no	no	Epaphras, who is one of you, a servant of Messiah, salutes you, always striving for you in his prayers, that you may stand perfect and complete in all the will of God.	and Yeshua who is called Justus, who are of the circumcision. These are my only fellow workers for the reign of God, people who have been a comfort to me.
1 Thessalonians 1:10	NT	1 Thessalonians	yes	no	no	and to wait for God’s Son from heaven, whom he raised from the dead--Yeshua, who delivers us from the wrath to come.	For they themselves report concerning us what kind of a reception we had from you; and how you turned to God from idols, to serve a living and true God,
1 Thessalonians 3:13	NT	1 Thessalonians	yes	no	no	to the end he may establish your hearts blameless in holiness before our God and Cosmic Parent, at the coming of our Master Yeshua with all his saints.	and the Master make you to increase and abound in love one toward another, and toward all people, even as we also do toward you,
1 Thessalonians 4:14	NT	1 Thessalonians	yes	no	no	For if we trust that Yeshua died and rose again, even so God will bring with him those who have fallen asleep in Yeshua.	But we don't want you to be ignorant, brothers and sisters, concerning those who have fallen asleep, so that you don't grieve like the rest, who have no hope.
1 Thessalonians 4:16	NT	1 Thessalonians	yes	no	no	For the Master himself will descend from heaven with a shout, with the voice of the archangel, and with God's trumpet. The dead in Messiah will rise first,	For this we tell you by the word of the Master, that we who are alive, who are left to the coming of the Master, will in no way precede those who have fallen asleep.
2 Thessalonians 1:12	NT	2 Thessalonians	yes	no	yes	that the name of our Master Yeshua may be glorified in you, and you in him, according to the grace of our God and Master Yeshua the Messiah.	To this end we also pray always for you, that our God may count you worthy of your calling, and fulfill every desire of goodness and work of faith, with power;
2 Thessalonians 2:4	NT	2 Thessalonians	yes	no	yes	the one who opposes and exalts themselves against all that is called God or that is worshiped; so that he sits as God in the temple of God, setting himself up as God.	Let no one deceive you in any way. For it will not be, unless the departure comes first, and the person of sin is revealed, the son of destruction,
2 Thessalonians 2:16	NT	2 Thessalonians	yes	no	no	Now our Master Yeshua the Messiah himself, and God our Cosmic Parent, who loved us and gave us age-enduring comfort and good hope through grace,	So then, brothers and sisters, stand firm, and hold the traditions which you were taught by us, whether by word, or by letter.
2 Timothy 1:8	NT	2 Timothy	yes	no	no	Therefore don't be ashamed of the testimony of our Master, nor of me his prisoner; but endure hardship for the good news according to the power of God,	For God didn't give us a spirit of fear, but of power, love, and self-control.
2 Timothy 2:25	NT	2 Timothy	yes	no	yes	in gentleness correcting those who oppose him: perhaps God may give them turning back leading to a full knowledge of the truth,	The Master's servant must not quarrel, but be gentle towards all, able to teach, patient,
2 Timothy 4:1	NT	2 Timothy	yes	no	no	I charge you therefore before God and Master Yeshua the Messiah, who will judge the living and the dead at his appearing and his Reign:	
Titus 1:3	NT	Titus	yes	no	no	but in his own time revealed his word in the message with which I was entrusted according to the commandment of God our Savior;	in hope of life of the age, which God, who can't lie, promised before time began;
Titus 1:16	NT	Titus	yes	no	no	They profess that they know God, but by their works they deny him, being abominable, disobedient, and unfit for any good work.	To the pure, all things are pure; but to those who are defiled and unbelieving, nothing is pure; but both their mind and their conscience are defiled.
Titus 3:5	NT	Titus	yes	no	no	not by works of righteousness, which we did ourselves, but according to his mercy, he saved us, through the washing of regeneration and renewing by the Ruach of Elohim,	But when the kindness of God our Savior and God’s love toward humanity appeared,
Hebrews 1:2	NT	Hebrews	yes	no	no	has at the end of these days spoken to us by God’s Son, whom he appointed heir of all things, through whom also he made the worlds.	God, having in the past spoken to the fathers through the prophets at many times and in various ways,
Hebrews 1:3	NT	Hebrews	yes	no	no	God’s Son is the radiance of his glory, the exact imprint of his being, upholding all things by the word of his power. When he had by himself made purification for our sins, he sat down on the right hand of the Majesty on high,	has at the end of these days spoken to us by God’s Son, whom he appointed heir of all things, through whom also he made the worlds.
Hebrews 1:5	NT	Hebrews	yes	no	no	"For to which of the angels did the Cosmic Parent say at any time, ""You are my Son. Today I have brought you forth."" and again, ""I will be to him a Cosmic Parent, and he will be to me a Son."""	having become so much better than the angels, as he has inherited a more excellent name than they have.
Hebrews 1:6	NT	Hebrews	yes	no	no	"Again, when he brings in the firstborn into the world he says, ""Let all the angels of God worship him."""	"For to which of the angels did the Cosmic Parent say at any time, ""You are my Son. Today I have brought you forth."" and again, ""I will be to him a Cosmic Parent, and he will be to me a Son."""
Hebrews 1:8	NT	Hebrews	yes	no	no	"But of the Son he says, ""Your throne, O God, is forever and ever. The scepter of uprightness is the scepter of your Reign."	"Of the angels he says, ""Who makes his angels winds, and his servants a flame of fire."""
Hebrews 2:4	NT	Hebrews	yes	no	no	God also testifying with them, both by signs and wonders, by various works of power, and by gifts of the Ruach of Elohim, according to his own will?	how will we escape if we neglect so great a salvation-- which at the first having been spoken through the Master, was confirmed to us by those who heard;
Hebrews 2:13	NT	Hebrews	yes	no	no	"Again, ""I will put my trust in him."" Again, ""Behold, here I am with the children whom God has given me."""	"saying, ""I will declare your name to my brothers and sisters. In the midst of the congregation I will sing your praise."""
Hebrews 2:17	NT	Hebrews	yes	no	no	Therefore he was obligated in all things to be made like his brothers and sisters, that he might become a merciful and faithful high priest in things pertaining to God, to make atonement for the sins of the people.	For most certainly, he doesn't give help to angels, but he gives help to the seed of Avraham.
Hebrews 5:1	NT	Hebrews	yes	no	no	For every high priest, being taken from among people, is appointed for people in things pertaining to God, that he may offer both gifts and sacrifices for sins.	
Hebrews 5:4	NT	Hebrews	yes	no	no	Nobody takes this honor on himself, but he is called by God, just like Aharon was.	Because of this, he must offer sacrifices for sins for the people, as well as for himself.
Hebrews 6:6	NT	Hebrews	yes	no	no	and then fell away, it is impossible to renew them again to turning back; seeing they crucify the Son of God for themselves again, and put him to open shame.	and tasted the good word of God, and the powers of the age to come,
Hebrews 6:13	NT	Hebrews	yes	no	no	For when God made a promise to Avraham, since he could swear by none greater, he swore by himself,	that you won't be sluggish, but imitators of those who through faith and patience inherited the promises.
Hebrews 7:1	NT	Hebrews	yes	no	no	For this Malki-Tzedek, king of Salem, priest of God Most High, who met Avraham returning from the slaughter of the kings and blessed him,	
Hebrews 7:25	NT	Hebrews	yes	no	no	Therefore he is also able to save to the uttermost those who draw near to God through him, seeing that he lives forever to make intercession for them.	But he, because he lives forever, has his priesthood unchangeable.
Hebrews 8:5	NT	Hebrews	yes	no	no	"who serve a copy and shadow of the heavenly things, even as Moshe was warned by God when he was about to make the tabernacle, for he said, ""See, you shall make everything according to the pattern that was shown to you on the mountain."""	For if he were on earth, he would not be a priest at all, seeing there are priests who offer the gifts according to the law;
Hebrews 9:14	NT	Hebrews	yes	no	no	how much more will the blood of Messiah, who through the age-enduring Ruach offered himself without blemish to God, cleanse your conscience from dead works to serve the living God?	For if the blood of goats and bulls, and the ashes of a heifer sprinkling those who have been defiled, sanctify to the cleanness of the flesh:
Hebrews 10:12	NT	Hebrews	yes	no	no	but he, when he had offered one sacrifice for sins forever, sat down on the right hand of God;	Every priest indeed stands day by day serving and often offering the same sacrifices, which can never take away sins,
Hebrews 10:29	NT	Hebrews	yes	no	no	How much worse punishment, do you think, will he be judged worthy of, who has trodden under foot the Son of God, and has counted the blood of the covenant with which he was sanctified an unholy thing, and has insulted the Ruach of grace?	A person who disregards Moshe' law dies without compassion on the word of two or three witnesses.
Hebrews 11:4	NT	Hebrews	yes	no	no	By faith, Hevel offered to God a more excellent sacrifice than Qayin, through which he had testimony given to him that he was righteous, God testifying with respect to his gifts; and through it he, being dead, still speaks.	By faith, we understand that the universe has been framed by the word of God, so that what is seen has not been made out of things which are visible.
Hebrews 11:5	NT	Hebrews	yes	no	no	By faith, Chanokh was taken away, so that he wouldn't see death, and he was not found, because God translated him. For he has had testimony given to him that before his translation he had been well pleasing to God.	By faith, Hevel offered to God a more excellent sacrifice than Qayin, through which he had testimony given to him that he was righteous, God testifying with respect to his gifts; and through it he, being dead, still speaks.
Hebrews 11:6	NT	Hebrews	yes	no	no	Without faith it is impossible to be well pleasing to him, for the one who comes to God must trust that God exists, and that God rewards those who seek God.	By faith, Chanokh was taken away, so that he wouldn't see death, and he was not found, because God translated him. For he has had testimony given to him that before his translation he had been well pleasing to God.
Hebrews 11:10	NT	Hebrews	yes	no	no	For he looked for the city which has the foundations, whose builder and maker is God.	By faith, he lived as an alien in the land of promise, as in a land not his own, dwelling in tents, with Yitzhak and Ya'akov, the heirs with him of the same promise.
Hebrews 11:19	NT	Hebrews	yes	no	no	concluding that God is able to raise up even from the dead. Figuratively speaking, he also did receive him back from the dead.	"even he to whom it was said, ""In Yitzhak will your seed be called;"""
Hebrews 12:2	NT	Hebrews	yes	no	no	looking to Yeshua, the author and perfecter of faith, who for the joy that was set before him endured the cross, despising its shame, and has sat down at the right hand of the throne of God.	Therefore let us also, seeing we are surrounded by so great a cloud of witnesses, lay aside every weight and the sin which so easily entangles us, and let us run with patience the race that is set before us,
Hebrews 12:7	NT	Hebrews	yes	no	no	It is for discipline that you endure. God deals with you as with children, for what son is there whom his father doesn't discipline?	"For whom the Master loves, he chastens, and scourges every son whom he receives."""
Hebrews 13:15	NT	Hebrews	yes	no	no	Through him, then, let us offer up a sacrifice of praise to God continually, that is, the fruit of lips which proclaim allegiance to God’s name.	For we don't have here an enduring city, but we seek that which is to come.
James 2:23	NT	James	yes	no	yes	"and the Scripture was fulfilled which says, ""Avraham believed God, and it was accounted to him as righteousness;"" and he was called the friend of God."	You see that faith worked with his works, and by works faith was perfected;
James 4:6	NT	James	yes	no	no	"But he gives more grace. Therefore it says, ""God resists the proud, but gives grace to the humble."""	"Or do you think that the Scripture says in vain, ""The Ruach who lives in us yearns jealously""?"
James 4:7	NT	James	yes	no	no	Be subject therefore to God. But resist the Slanderer, and he will flee from you.	"But he gives more grace. Therefore it says, ""God resists the proud, but gives grace to the humble."""
James 4:8	NT	James	yes	no	yes	Draw near to God, and he will draw near to you. Cleanse your hands, you sinners; and purify your hearts, you double-minded.	Be subject therefore to God. But resist the Slanderer, and he will flee from you.
James 4:10	NT	James	yes	no	yes	Humble yourselves in the sight of God, and he will exalt you.	Lament, mourn, and weep. Let your laughter be turned to mourning, and your joy to gloom.
1 Peter 1:2	NT	1 Peter	yes	no	no	according to the foreknowledge of God the Cosmic Parent, in sanctification of the Ruach, that you may obey Yeshua the Messiah and be sprinkled with his blood: Grace to you and peace be multiplied.	Shimon (called Kepha), an emissary of Yeshua the Messiah, to the chosen ones who are living as foreigners in the Dispersion in Pontus, Galatia, Cappadocia, Asia, and Bithynia,
1 Peter 1:3	NT	1 Peter	yes	no	no	Blessed be the God and Cosmic Parent of our Master Yeshua the Messiah, who according to his great mercy became our father again to a living hope through the resurrection of Yeshua the Messiah from the dead,	according to the foreknowledge of God the Cosmic Parent, in sanctification of the Ruach, that you may obey Yeshua the Messiah and be sprinkled with his blood: Grace to you and peace be multiplied.
1 Peter 1:17	NT	1 Peter	yes	no	yes	If you call on him as Cosmic Parent, who without respect of persons judges according to each a person's work, pass the time of your living as foreigners here in reverence:	"because it is written, ""You shall be holy; for I am holy."""
1 Peter 1:21	NT	1 Peter	yes	no	yes	who through him are believers in God, who raised him from the dead, and gave him glory; so that your faith and hope might be in God.	who was foreknown indeed before the foundation of the world, but was revealed at the end of times for your sake,
1 Peter 2:4	NT	1 Peter	yes	no	no	coming to him, a living stone, rejected indeed by people, but chosen by God, precious.	if indeed you have tasted that the Master is gracious:
1 Peter 3:18	NT	1 Peter	yes	no	no	Because Messiah also suffered for sins once, the righteous for the unrighteous, that he might bring you to God; being put to death in the flesh, but made alive in the spirit;	For it is better, if it is God's will, that you suffer for doing well than for doing unripeness.
1 Peter 3:22	NT	1 Peter	yes	no	no	who is at the right hand of God, having gone into heaven, angels and authorities and powers being made subject to him.	This is a symbol of immersion, which now saves you-- not the putting away of the filth of the flesh, but the answer of a good conscience toward God, through the resurrection of Yeshua the Messiah,
1 Peter 4:14	NT	1 Peter	yes	no	no	If you are insulted for the name of Messiah, you are blessed; because the Ruach of glory and of God rests on you. On their part he is blasphemed, but on your part he is glorified.	But because you are partakers of Messiah's sufferings, rejoice; that at the revelation of his glory you also may rejoice with exceeding joy.
1 Peter 4:19	NT	1 Peter	yes	no	yes	Therefore let them also who suffer according to the will of God in doing good entrust their souls to him, as to a faithful Creator.	"""If it is hard for the righteous to be saved, what will happen to the ungodly and the sinner?"""
1 Peter 5:12	NT	1 Peter	yes	no	no	Through Silvanos, our faithful brother, as I consider him, I have written to you briefly, exhorting, and testifying that this is the true grace of God in which you stand.	To God be the glory and the power forever and ever. Amen.
2 Peter 1:17	NT	2 Peter	yes	no	no	"For he received from God the Cosmic Parent honor and glory, when the voice came to him from the Majestic Glory, ""This is my beloved Son, in whom I am well pleased."""	For we did not follow cunningly devised fables, when we made known to you the power and coming of our Master Yeshua the Messiah, but we were eyewitnesses of his majesty.
1 John 1:5	NT	1 John	yes	no	no	This is the message which we have heard from him and announce to you, that God is light, and in him is no darkness at all.	And we write these things to you, that our joy may be fulfilled.
1 John 1:7	NT	1 John	yes	no	no	But if we walk in the light, as he is in the light, we have fellowship with one another, and the blood of Yeshua the Messiah, God’s Son, cleanses us from all sin.	If we say that we have fellowship with him and walk in the darkness, we lie, and don't tell the truth.
1 John 2:5	NT	1 John	yes	no	no	But whoever keeps God's word, God's love has most certainly been perfected in them. This is how we know that we are in him:	"One who says, ""I know him,"" and doesn't keep his commandments, is a liar, and the truth isn't in them."
1 John 3:1	NT	1 John	yes	no	no	Behold, how great a love the Cosmic Parent has bestowed on us, that we should be called children of God! For this cause the world doesn't know us, because it didn't know him.	
1 John 3:2	NT	1 John	yes	no	no	Beloved, now we are children of God, and it is not yet revealed what we will be. But we know that, when he is revealed, we will be like him; for we will see him just as he is.	Behold, how great a love the Cosmic Parent has bestowed on us, that we should be called children of God! For this cause the world doesn't know us, because it didn't know him.
1 John 3:8	NT	1 John	yes	no	no	The one who sins is of the Slanderer, for the Slanderer has been sinning from the beginning. To this end the Son of God was revealed, that he might destroy the works of the Slanderer.	Little children, let no one lead you astray. The one who does righteousness is righteous, even as they are righteous.
1 John 3:23	NT	1 John	yes	no	no	This is his commandment, that we should trust in the name of God’s Son, Yeshua the Messiah, and love one another, even as he commanded.	and whatever we ask, we receive from him, because we keep his commandments and do the things that are pleasing in his sight.
1 John 4:9	NT	1 John	yes	no	no	By this God's love was revealed in us, that God has sent the one and only Son into the world that we might live through him.	The one who doesn't love doesn't know God, for God is love.
1 John 4:21	NT	1 John	yes	no	no	This commandment we have from him, that the one who loves God should also love their brother or sister.	"If someone says, ""I love God,"" and hates their brother or sister, they are a liar; for the one who doesn't love their brother or sister whom they have seen, how can they love God whom they have not seen?"
1 John 5:1	NT	1 John	yes	no	no	Whoever believes that Yeshua is the Messiah is born of God. Whoever loves the father also loves the child who is born of him.	
1 John 5:9	NT	1 John	yes	no	no	If we receive the witness of people, the witness of God is greater; for this is God's testimony which he has testified concerning God’s Son.	the Ruach, the water, and the blood; and the three agree as one.
Revelation 1:1	NT	Revelation	yes	no	no	This is the Revelation of Yeshua the Messiah, which God gave him to show to his servants the things which must happen soon, which he sent and made known by his angel to his servant, Yochanan,	
Revelation 1:2	NT	Revelation	yes	no	no	who testified to God's word, and of the testimony of Yeshua the Messiah, about everything that he saw.	This is the Revelation of Yeshua the Messiah, which God gave him to show to his servants the things which must happen soon, which he sent and made known by his angel to his servant, Yochanan,
Revelation 1:6	NT	Revelation	yes	no	no	and he made us a reign, priests to his God and Cosmic Parent—to him be the glory and the dominion forever and ever. Amen.	and from Yeshua the Messiah, the faithful witness, the firstborn of the dead, and the ruler of the kings of the earth. To the one who loves us, and washed us from our sins by their blood;
Revelation 2:18	NT	Revelation	yes	no	no	"""To the angel of the assembly in Thyatira write: ""The Son of God, who has his eyes like a flame of fire, and his feet are like burnished brass, says these things:"	The one who has an ear, let them hear what the Ruach says to the assemblies. To the one who overcomes, I will give them of the hidden manna, and I will give them a white stone, and on the stone a new name written, which no one knows but the one who receives it.
Revelation 2:27	NT	Revelation	yes	no	no	He will rule them with a rod of iron, shattering them like clay pots; as I also have received of my Cosmic Parent:	The one who overcomes, and the one who keeps my works to the end, to them I will give authority over the nations.
Revelation 6:9	NT	Revelation	yes	no	no	When he opened the fifth seal, I saw underneath the altar the souls of those who had been killed for the Word of God, and for the testimony of the Lamb which they had.	And behold, a pale horse, and the one who sat on it, their name was Death. Hades followed with him. Authority over one fourth of the earth, to kill with the sword, with famine, with death, and by the wild animals of the earth was given to him.
Revelation 7:2	NT	Revelation	yes	no	no	I saw another angel ascend from the sunrise, having the seal of the living God. He cried with a loud voice to the four angels to whom it was given to harm the earth and the sea,	After this, I saw four angels standing at the four corners of the earth, holding the four winds of the earth, so that no wind would blow on the earth, or on the sea, or on any tree.
Revelation 7:15	NT	Revelation	yes	no	no	Therefore they are before the throne of God, they serve him day and night in his temple. The one who sits on the throne will spread their tent over them.	"I told him, ""My master, you know."" He said to me, ""These are those who came out of the great tribulation. They werehed their robes, and made them white in the Lamb's blood."
Revelation 10:7	NT	Revelation	yes	no	no	but in the days of the voice of the seventh angel, when he is about to sound, then the mystery of God is finished, as he declared to his servants, the prophets.	and swore by the one who lives forever and ever, who created heaven and the things that are in it, the earth and the things that are in it, and the sea and the things that are in it, that there will no longer be delay,
Revelation 11:19	NT	Revelation	yes	no	no	God's temple that is in heaven was opened, and the ark of the Master's covenant was seen in his temple. Lightnings, sounds, thunders, an earthquake, and great hail followed.	"The nations were angry, and your wrath came, as did the time for the dead to be judged, and to give your bondservants the prophets, their reward, as well as to the saints, and those who revere your name, to the small and the great; and to destroy those who destroy the earth."""
Revelation 12:10	NT	Revelation	yes	no	no	"I heard a loud voice in heaven, saying, ""Now is come the salvation, the power, and the Reign of our God, and the authority of his Messiah; for the accuser of our brothers and sisters has been thrown down, who accuses them before our God day and night."	The great dragon was thrown down, the old serpent, the one who is called the Slanderer and the Adversary, the deceiver of the whole world. He was thrown down to the earth, and his angels were thrown down with him.
Revelation 13:6	NT	Revelation	yes	no	no	He opened his mouth for blasphemy against God, to blaspheme God’s name, and God’s dwelling, those who dwell in heaven.	A mouth speaking great things and blasphemy was given to him. Authority to make war for forty-two months was given to him.
Revelation 14:1	NT	Revelation	yes	no	no	I saw, and behold, the Lamb standing on Har Tzion, and with him a number, one hundred forty-four thousand, having his name, and the name of his Cosmic Parent, written on their foreheads.	
Revelation 14:4	NT	Revelation	yes	no	no	These are those who were not defiled with women, for they are virgins. These are those who follow the Lamb wherever he goes. These were redeemed by Yeshua from among humanity, the first fruits to God and to the Lamb.	They sing a new song before the throne, and before the four living creatures and the elders. No one could learn the song except the one hundred forty-four thousand, those who had been redeemed out of the earth.
Revelation 14:7	NT	Revelation	yes	no	no	"He said with a loud voice, ""Revere God, and give God glory; for the hour of God’s judgment has come. Worship the one who made the heaven, the earth, the sea, and the springs of waters!"""	I saw an angel flying in mid heaven, having an age-enduring good news to proclaim to those who dwell on the earth, and to every nation, tribe, language, and people.
Revelation 14:10	NT	Revelation	yes	no	no	he also will drink of the wine of the wrath of God, which is prepared unmixed in the cup of God’s anger. He will be tormented with fire and sulfur in the presence of the holy angels, and in the presence of the Lamb.	"Another angel, a third, followed them, saying with a great voice, ""If anyone worships the beast and their image, and receives a mark on their forehead, or on their hand,"
Revelation 14:19	NT	Revelation	yes	no	no	The angel thrust his sickle into the earth, and gathered the vintage of the earth, and threw it into the great winepress of the wrath of God.	"Another angel came out from the altar, the one who has power over fire, and they called with a great voice to the one who had the sharp sickle, saying, ""Send forth your sharp sickle, and gather the clusters of the vine of the earth, for the earth's grapes are fully ripe!"""
Revelation 15:2	NT	Revelation	yes	no	no	I saw something like a sea of glass mixed with fire, and those who overcame the beast, his image, and the number of his name, standing on the sea of glass, having harps of God.	I saw another great and marvelous sign in the sky: seven angels having the seven last plagues, for in them God's wrath is finished.
Revelation 16:9	NT	Revelation	yes	no	no	People were scorched with great heat, and people blasphemed the name of God who has the power over these plagues. They didn't turn back and give him glory.	The fourth poured out his bowl on the sun, and it was given to him to scorch people with fire.
Revelation 16:19	NT	Revelation	yes	no	no	The great city was divided into three parts, and the cities of the nations fell. Bavel the great was remembered in the sight of God, to give to her the cup of the wine of the fierceness of his wrath.	There were lightnings, sounds, and thunders; and there was a great earthquake, such as was not since there were people on the earth, so great an earthquake, so mighty.
Revelation 19:9	NT	Revelation	yes	no	no	"He said to me, ""Write, 'Blessed are those who are invited to the marriage supper of the Lamb.'"" He said to me, ""These are true words of God."""	It was given to her that she would array herself in bright, pure, fine linen: for the fine linen is the righteous acts of the saints.
Revelation 19:10	NT	Revelation	yes	no	no	"I fell down before his feet to worship him. He said to me, ""Look! Don't do it! I am a fellow bondservant with you and with your brothers and sisters who hold the testimony of Yeshua. Worship God, for the testimony of Yeshua is the Ruach of Prophecy."""	"He said to me, ""Write, 'Blessed are those who are invited to the marriage supper of the Lamb.'"" He said to me, ""These are true words of God."""
Revelation 19:13	NT	Revelation	yes	no	no	"He is clothed in a garment sprinkled with blood. His name is called ""The Word of God."""	His eyes are a flame of fire, and on his head are many crowns. He has names written and a name written which no one knows but he himself.
Revelation 19:15	NT	Revelation	yes	no	no	Out of his mouth proceeds a sharp, double-edged sword, that with it he should strike the nations. He will rule them with an iron rod. He treads the winepress of the fierceness of the wrath of God, the Almighty.	The armies which are in heaven followed him on white horses, clothed in white, pure, fine linen.
Revelation 19:16	NT	Revelation	no	yes	no	"He has on his garment and on his thigh a name written, ""KING OF KINGS AND SOVEREIGN OF SOVEREIGNS."""	Out of his mouth proceeds a sharp, double-edged sword, that with it he should strike the nations. He will rule them with an iron rod. He treads the winepress of the fierceness of the wrath of God, the Almighty.
Revelation 19:17	NT	Revelation	yes	no	no	"I saw an angel standing in the sun. He cried with a loud voice, saying to all the birds that fly in the sky, ""Come! Be gathered together to the great supper of God,"	"He has on his garment and on his thigh a name written, ""KING OF KINGS AND SOVEREIGN OF SOVEREIGNS."""
Revelation 20:4	NT	Revelation	yes	no	no	I saw thrones, and they sat on them, and judgment was given to them. I saw the souls of those who had been beheaded for the testimony of Yeshua, and for the word of God, and such as didn't worship the beast nor his image, and didn't receive the mark on their forehead and on their hand. They lived, and reigned with Messiah for the thousand years.	and cast him into the abyss, and shut it, and sealed it over him, that he should deceive the nations no more, until the thousand years were finished. After this, he must be freed for a short time.
Revelation 20:6	NT	Revelation	yes	no	no	Blessed and holy is the one who has part in the first resurrection. Over these, the second death has no power, but they will be priests of God and of Messiah, and will reign with him one thousand years.	The rest of the dead didn't live until the thousand years were finished. This is the first resurrection.
Revelation 21:4	NT	Revelation	no	yes	no	"He will wipe away from them every tear from their eyes. Death will be no more; neither will there be mourning, nor crying, nor pain, any more. The first things have passed away."""	"I heard a loud voice out of heaven saying, ""Behold, God’s dwelling is with people, and God will dwell with them. They will be God’s people, and God will be with them as their God."
Revelation 21:5	NT	Revelation	yes	no	no	"The one who sits on the throne said, ""Behold, I am making all things new."" He said, ""Write, for these words of God are faithful and true."""	"He will wipe away from them every tear from their eyes. Death will be no more; neither will there be mourning, nor crying, nor pain, any more. The first things have passed away."""
Revelation 21:6	NT	Revelation	no	yes	no	"He said to me, ""It is done! I am the Alpha and the Omega, the Beginning and the End. I will give freely to the one who is thirsty from the spring of the water of life."	"The one who sits on the throne said, ""Behold, I am making all things new."" He said, ""Write, for these words of God are faithful and true."""
Revelation 21:10	NT	Revelation	yes	no	no	He carried me away in the Ruach to a great and high mountain, and showed me the holy city, Yerushalayim, coming down out of heaven from God,	"One of the seven angels who had the seven bowls, who were loaded with the seven last plagues came, and he spoke with me, saying, ""Come here. I will show you the wife, the Lamb's bride."""
Revelation 22:1	NT	Revelation	yes	no	no	He showed me a river of water of life, clear as crystal, proceeding out of the throne of God and of the Lamb,	
Revelation 22:3	NT	Revelation	yes	no	no	There will be no curse any more. The throne of God and of the Lamb will be in it, and his servants serve him.	in the middle of its street. On this side of the river and on that was the tree of life, bearing twelve kinds of fruits, yielding its fruit every month. The leaves of the tree were for the healing of the nations.
Revelation 22:6	NT	Revelation	yes	yes	no	"He said to me, ""These words are faithful and true. The Sovereign God of the spirits of the prophets sent his angel to show to his bondservants the things which must happen soon."""	There will be no night, and they need no lamp light; for the Sovereign God will illuminate them. They will reign forever and ever.
Revelation 22:9	NT	Revelation	yes	no	no	"He said to me, ""See you don't do it! I am a fellow bondservant with you and with your brothers and sisters, the prophets, and with those who keep the words of this book. Worship God."""	Now I, Yochanan, am the one who heard and saw these things. When I heard and saw, I fell down to worship before the feet of the angel who had shown me these things.
Revelation 22:10	NT	Revelation	no	yes	no	"He said to me, ""Don't seal up the words of the prophecy of this book, for the time is at hand."	"He said to me, ""See you don't do it! I am a fellow bondservant with you and with your brothers and sisters, the prophets, and with those who keep the words of this book. Worship God."""
