reference	testament	book	chapter	verse	triage_tags	arrow_hints	still_has_masculine_pronoun	current_masculine_pronouns	current_text	triage_text_2026_09_12	triage_file
1 Kings 1:17	OT	1 Kings	1	17	explicit-divine-role:him→role-after-pronoun	him→role-after-pronoun	yes	he,him	She said to him, My lord, you swore by YHWH your God to your handmaid, [saying], Assuredly Shlomo your son shall reign after me, and he shall sit on my throne.	She said to him, My lord, you swore by YHWH your God to your handmaid, [saying], Assuredly Shlomo your son shall reign after me, and he shall sit on my throne.	editor-notes/consistency/divine-pronoun-triage-2026-09-12/1-kings.md
1 Kings 2:8	OT	1 Kings	2	8	explicit-divine-role:him→role-after-pronoun	him→role-after-pronoun	yes	he,him	Behold, there is with you Shimei the son of Gera, the Benjamite, of Bahurim, who cursed me with a grievous curse in the day when I went to Mahanaim; but he came down to meet me at the Yarden, and I swore to him by YHWH, saying, I will not put you to death with the sword.	Behold, there is with you Shimei the son of Gera, the Benjamite, of Bahurim, who cursed me with a grievous curse in the day when I went to Mahanaim; but he came down to meet me at the Yarden, and I swore to him by YHWH, saying, I will not put you to death with the sword.	editor-notes/consistency/divine-pronoun-triage-2026-09-12/1-kings.md
1 Kings 2:27	OT	1 Kings	2	27	explicit-divine-subject:he→YHWH	he→YHWH	yes	he	So Shlomo thrust out Evyatar from being priest to YHWH, that he might fulfill the word of YHWH, which he spoke concerning the house of Eli in Shilo.	So Shlomo thrust out Evyatar from being priest to YHWH, that he might fulfill the word of YHWH, which he spoke concerning the house of Eli in Shilo.	editor-notes/consistency/divine-pronoun-triage-2026-09-12/1-kings.md
1 Kings 2:29	OT	1 Kings	2	29	explicit-divine-subject:he→YHWH	he→YHWH	yes	he,him	It was told king Shlomo, Yoav is fled to the Tent of YHWH, and behold, he is by the altar. Then Shlomo sent Benayahu the son of Yehoyada, saying, Go, fall on him.	It was told king Shlomo, Yoav is fled to the Tent of YHWH, and behold, he is by the altar. Then Shlomo sent Benayahu the son of Yehoyada, saying, Go, fall on him.	editor-notes/consistency/divine-pronoun-triage-2026-09-12/1-kings.md
1 Kings 2:32	OT	1 Kings	2	32	explicit-divine-subject:he→YHWH	he→YHWH	yes	he,his	YHWH will return his blood on his own head, because he fell on two men more righteous and better than he, and killed them with the sword, and my father Dawid didn't know it, [to wit], Abner the son of Ner, captain of the army of Israel, and Amasa the son of Jether, captain of the army of Yehudah.	YHWH will return his blood on his own head, because he fell on two men more righteous and better than he, and killed them with the sword, and my father Dawid didn't know it, [to wit], Abner the son of Ner, captain of the army of Israel, and Amasa the son of Jether, captain of the army of Yehudah.	editor-notes/consistency/divine-pronoun-triage-2026-09-12/1-kings.md
1 Kings 2:42	OT	1 Kings	2	42	explicit-divine-role:him→role-after-pronoun	him→role-after-pronoun	yes	him	The king sent and called for Shimei, and said to him, Didn't I adjure you by YHWH, and protest to you, saying, Know for certain, that on the day you go out, and walk abroad any where, you shall surely die? and you said to me, The saying that I have heard is good.	The king sent and called for Shimei, and said to him, Didn't I adjure you by YHWH, and protest to you, saying, Know for certain, that on the day you go out, and walk abroad any where, you shall surely die? and you said to me, The saying that I have heard is good.	editor-notes/consistency/divine-pronoun-triage-2026-09-12/1-kings.md
1 Kings 3:15	OT	1 Kings	3	15	divine-attribute:his→YHWH	his→YHWH	yes	he,his	Shlomo awoke; and behold, it was a dream: and he came to Yerushalayim, and stood before the ark of the covenant of YHWH, and offered up burnt offerings, and offered peace offerings, and made a feast to all his servants.	Shlomo awoke; and behold, it was a dream: and he came to Yerushalayim, and stood before the ark of the covenant of YHWH, and offered up burnt offerings, and offered peace offerings, and made a feast to all his servants.	editor-notes/consistency/divine-pronoun-triage-2026-09-12/1-kings.md
1 Kings 5:3	OT	1 Kings	5	3	explicit-divine-role:him→role-after-pronoun	him→role-after-pronoun	yes	him,his	You know how that Dawid my father could not build a house for the name of YHWH his God for the wars which were about him on every side, until YHWH put them under the soles of his feet.	You know how that Dawid my father could not build a house for the name of YHWH his God for the wars which were about him on every side, until YHWH put them under the soles of his feet.	editor-notes/consistency/divine-pronoun-triage-2026-09-12/1-kings.md
1 Kings 8:54	OT	1 Kings	8	54	explicit-divine-subject:he→YHWH	he→YHWH	yes	he,his	It was so, that when Shlomo had made an end of praying all this prayer and supplication to YHWH, he arose from before the altar of YHWH, from kneeling on his knees with his hands spread forth toward heavens.	It was so, that when Shlomo had made an end of praying all this prayer and supplication to YHWH, he arose from before the altar of YHWH, from kneeling on his knees with his hands spread forth toward heavens.	editor-notes/consistency/divine-pronoun-triage-2026-09-12/1-kings.md
1 Kings 8:62	OT	1 Kings	8	62	explicit-divine-role:him→role-after-pronoun	him→role-after-pronoun	yes	him	The king, and all Israel with him, offered sacrifice before YHWH.	The king, and all Israel with him, offered sacrifice before YHWH.	editor-notes/consistency/divine-pronoun-triage-2026-09-12/1-kings.md
1 Kings 9:15	OT	1 Kings	9	15	explicit-divine-subject:his→YHWH	his→YHWH	yes	his	This is the reason of the levy which king Shlomo raised, to build the house of YHWH, and his own house, and Millo, and the wall of Yerushalayim, and Hazor, and Megiddo, and Gezer.	This is the reason of the levy which king Shlomo raised, to build the house of YHWH, and his own house, and Millo, and the wall of Yerushalayim, and Hazor, and Megiddo, and Gezer.	editor-notes/consistency/divine-pronoun-triage-2026-09-12/1-kings.md
1 Kings 13:4	OT	1 Kings	13	4	divine-attribute:His→Elohim	His→Elohim	yes	he,him,His	It happened, when the king heard the saying of the person of Elohim, which they cried against the altar in Beit El, that Yerovam put forth their hand from the altar, saying, Lay hold on him. His hand, which he put forth against him, dried up, so that he could not draw it back again to him.	It happened, when the king heard the saying of the person of Elohim, which they cried against the altar in Beit El, that Yerovam put forth their hand from the altar, saying, Lay hold on him. His hand, which he put forth against him, dried up, so that he could not draw it back again to him.	editor-notes/consistency/divine-pronoun-triage-2026-09-12/1-kings.md
1 Kings 13:11	OT	1 Kings	13	11	explicit-divine-role:him→role-after-pronoun	him→role-after-pronoun	yes	him	Now there lived an old prophet in Beit El; and one of their sons came and told him all the works that the person of Elohim had done that day in Beit El: the words which they had spoken to the king, them also they told to their father.	Now there lived an old prophet in Beit El; and one of their sons came and told him all the works that the person of Elohim had done that day in Beit El: the words which they had spoken to the king, them also they told to their father.	editor-notes/consistency/divine-pronoun-triage-2026-09-12/1-kings.md
1 Kings 13:14	OT	1 Kings	13	14	explicit-divine-role:him→role-after-pronoun	him→role-after-pronoun	yes	He,him	They went after the person of Elohim, and found him sitting under an oak; and they said to him, Are you the person of Elohim who came from Yehudah? He said, I am.	They went after the person of Elohim, and found him sitting under an oak; and they said to him, Are you the person of Elohim who came from Yehudah? He said, I am.	editor-notes/consistency/divine-pronoun-triage-2026-09-12/1-kings.md
1 Kings 13:18	OT	1 Kings	13	18	explicit-divine-subject:he→YHWH	he→YHWH	yes	he,He,him	He said to him, I also am a prophet as you are; and an angel spoke to me by the word of YHWH, saying, Bring him back with you into your house, that he may eat bread and drink water. [But] he lied to him.	He said to him, I also am a prophet as you are; and an angel spoke to me by the word of YHWH, saying, Bring him back with you into your house, that he may eat bread and drink water. [But] he lied to him.	editor-notes/consistency/divine-pronoun-triage-2026-09-12/1-kings.md
1 Kings 13:26	OT	1 Kings	13	26	explicit-divine-role:him→role-after-pronoun	him→role-after-pronoun	yes	him	When the prophet who brought him back from the way heard of it, they said, It is the person of Elohim, who was disobedient to the mouth of YHWH: therefore YHWH has delivered him to the lion, which has torn him, and slain him, according to the word of YHWH, which they spoke to him.	When the prophet who brought him back from the way heard of it, they said, It is the person of Elohim, who was disobedient to the mouth of YHWH: therefore YHWH has delivered him to the lion, which has torn him, and slain him, according to the word of YHWH, which they spoke to him.	editor-notes/consistency/divine-pronoun-triage-2026-09-12/1-kings.md
1 Kings 13:29	OT	1 Kings	13	29	explicit-divine-subject:he→Elohim	he→Elohim	yes	he,him	The prophet took up the body of the person of Elohim, and laid it on the donkey, and brought it back; and he came to the city of the old prophet, to mourn, and to bury him.	The prophet took up the body of the person of Elohim, and laid it on the donkey, and brought it back; and he came to the city of the old prophet, to mourn, and to bury him.	editor-notes/consistency/divine-pronoun-triage-2026-09-12/1-kings.md
1 Kings 14:13	OT	1 Kings	14	13	explicit-divine-role:him→role-after-pronoun	him→role-after-pronoun	yes	he,him	All Israel shall mourn for him, and bury him; for he only of Yerovam shall come to the grave, because in him there is found some good thing toward YHWH, the God of Israel, in the house of Yerovam.	All Israel shall mourn for him, and bury him; for he only of Yerovam shall come to the grave, because in him there is found some good thing toward YHWH, the God of Israel, in the house of Yerovam.	editor-notes/consistency/divine-pronoun-triage-2026-09-12/1-kings.md
1 Kings 14:15	OT	1 Kings	14	15	explicit-divine-subject:he→YHWH	he→YHWH	yes	he	For YHWH will strike Israel, as a reed is shaken in the water; and he will root up Israel out of this good land which he gave to their fathers, and will scatter them beyond the River, because they have made their Asherim, provoking YHWH to anger.	For YHWH will strike Israel, as a reed is shaken in the water; and he will root up Israel out of this good land which he gave to their fathers, and will scatter them beyond the River, because they have made their Asherim, provoking YHWH to anger.	editor-notes/consistency/divine-pronoun-triage-2026-09-12/1-kings.md
1 Kings 14:18	OT	1 Kings	14	18	explicit-divine-role:him→role-after-pronoun	him→role-after-pronoun	yes	him	All Israel buried him, and mourned for him, according to the word of YHWH, which YHWH spoke by YHWH’s servant Ahijah the prophet.	All Israel buried him, and mourned for him, according to the word of YHWH, which YHWH spoke by YHWH’s servant Ahijah the prophet.	editor-notes/consistency/divine-pronoun-triage-2026-09-12/1-kings.md
1 Kings 14:21	OT	1 Kings	14	21	explicit-divine-subject:his→YHWH	his→YHWH	yes	he,his	Rechavam the son of Shlomo reigned in Yehudah. Rechavam was forty-one years old when he began to reign, and he reigned seventeen years in Yerushalayim, the city which YHWH had chosen out of all the tribes of Israel, to put YHWH’s name there: and his mother's name was Naamah the Ammonitess.	Rechavam the son of Shlomo reigned in Yehudah. Rechavam was forty-one years old when he began to reign, and he reigned seventeen years in Yerushalayim, the city which YHWH had chosen out of all the tribes of Israel, to put YHWH’s name there: and his mother's name was Naamah the Ammonitess.	editor-notes/consistency/divine-pronoun-triage-2026-09-12/1-kings.md
1 Kings 14:22	OT	1 Kings	14	22	devotion-object:him→YHWH	him→YHWH	yes	him	Yehudah did what was broken in the sight of YHWH, and they provoked him to jealousy with their sins which they committed, above all that their fathers had done.	Yehudah did what was broken in the sight of YHWH, and they provoked him to jealousy with their sins which they committed, above all that their fathers had done.	editor-notes/consistency/divine-pronoun-triage-2026-09-12/1-kings.md
1 Kings 15:3	OT	1 Kings	15	3	explicit-divine-role:him→role-after-pronoun	him→role-after-pronoun	yes	he,He,him,his	He walked in all the sins of his father, which he had done before him; and his heart was not perfect with YHWH his God, as the heart of Dawid his father.	He walked in all the sins of his father, which he had done before him; and his heart was not perfect with YHWH his God, as the heart of Dawid his father.	editor-notes/consistency/divine-pronoun-triage-2026-09-12/1-kings.md
1 Kings 15:5	OT	1 Kings	15	5	explicit-divine-subject:he→YHWH	he→YHWH	yes	he,him,his	because Dawid did that which was right in the eyes of YHWH, and didn't turn aside from anything that he commanded him all the days of his life, except only in the matter of Uriyah the Hittite.	because Dawid did that which was right in the eyes of YHWH, and didn't turn aside from anything that he commanded him all the days of his life, except only in the matter of Uriyah the Hittite.	editor-notes/consistency/divine-pronoun-triage-2026-09-12/1-kings.md
1 Kings 15:15	OT	1 Kings	15	15	explicit-divine-subject:his→YHWH	his→YHWH	yes	He,himself,his	He brought into the house of YHWH the things that his father had dedicated, and the things that himself had dedicated, silver, and gold, and vessels.	He brought into the house of YHWH the things that his father had dedicated, and the things that himself had dedicated, silver, and gold, and vessels.	editor-notes/consistency/divine-pronoun-triage-2026-09-12/1-kings.md
1 Kings 15:29	OT	1 Kings	15	29	explicit-divine-role:him→role-after-pronoun	him→role-after-pronoun	yes	he,him	It happened that, as soon as he was king, he struck all the house of Yerovam: he didn't leave to Yerovam any who breathed, until he had destroyed him; according to the saying of YHWH, which YHWH spoke by YHWH’s servant Ahijah the Shilonite;	It happened that, as soon as he was king, he struck all the house of Yerovam: he didn't leave to Yerovam any who breathed, until he had destroyed him; according to the saying of YHWH, which YHWH spoke by YHWH’s servant Ahijah the Shilonite;	editor-notes/consistency/divine-pronoun-triage-2026-09-12/1-kings.md
1 Kings 16:7	OT	1 Kings	16	7	devotion-object:him→YHWH, divine-attribute:his→YHWH, explicit-divine-subject:he→YHWH, explicit-divine-subject:he→YHWH	him→YHWH; his→YHWH; he→YHWH; he→YHWH	yes	he,him,his	Moreover by the prophet Yehu the son of Hanani came the word of YHWH against Baasha, and against his house, both because of all the brokenness that he did in the sight of YHWH, to provoke him to anger with the work of his hands, in being like the house of Yerovam, and because he struck him.	Moreover by the prophet Yehu the son of Hanani came the word of YHWH against Baasha, and against his house, both because of all the brokenness that he did in the sight of YHWH, to provoke him to anger with the work of his hands, in being like the house of Yerovam, and because he struck him.	editor-notes/consistency/divine-pronoun-triage-2026-09-12/1-kings.md
1 Kings 17:5	OT	1 Kings	17	5	explicit-divine-subject:he→YHWH	he→YHWH	yes	he	So he went and did according to the word of YHWH; for he went and lived by the brook Cherith, that is before the Yarden.	So he went and did according to the word of YHWH; for he went and lived by the brook Cherith, that is before the Yarden.	editor-notes/consistency/divine-pronoun-triage-2026-09-12/1-kings.md
1 Kings 18:10	OT	1 Kings	18	10	explicit-divine-subject:He→YHWH	He→YHWH	yes	he,He	As YHWH your God lives, there is no nation or kingdom, where my lord has not sent to seek you: and when they said, He is not here, he took an oath of the kingdom and nation, that they didn't find you.	As YHWH your God lives, there is no nation or kingdom, where my lord has not sent to seek you: and when they said, He is not here, he took an oath of the kingdom and nation, that they didn't find you.	editor-notes/consistency/divine-pronoun-triage-2026-09-12/1-kings.md
1 Kings 18:12	OT	1 Kings	18	12	explicit-divine-subject:he→YHWH	he→YHWH	yes	he	It will happen, as soon as I am gone from you, that the Ruach of YHWH will carry you I don't know where; and so when I come and tell Achav, and he can't find you, he will kill me: but I your servant revere YHWH from my youth.	It will happen, as soon as I am gone from you, that the Ruach of YHWH will carry you I don't know where; and so when I come and tell Achav, and he can't find you, he will kill me: but I your servant revere YHWH from my youth.	editor-notes/consistency/divine-pronoun-triage-2026-09-12/1-kings.md
1 Kings 18:21	OT	1 Kings	18	21	devotion-object:him→Elohim, devotion-object:him→Elohim	him→Elohim; him→Elohim	yes	him	"Eliyahu came near to all the people, and said, ""How long will you waver between the two sides? If YHWH is Elohim, follow him; but if Baal, then follow him."" The people answered him not a word."	"Eliyahu came near to all the people, and said, ""How long will you waver between the two sides? If YHWH is Elohim, follow him; but if Baal, then follow him."" The people answered him not a word."	editor-notes/consistency/divine-pronoun-triage-2026-09-12/1-kings.md
1 Kings 18:24	OT	1 Kings	18	24	explicit-divine-role:him→role-after-pronoun	him→role-after-pronoun	yes	him	"You call on the name of your god, and I will call on the name of YHWH; and Elohim, the one who answers by fire, let him be Elohim."" All the people answered, ""It is well said."""	"You call on the name of your god, and I will call on the name of YHWH; and Elohim, the one who answers by fire, let him be Elohim."" All the people answered, ""It is well said."""	editor-notes/consistency/divine-pronoun-triage-2026-09-12/1-kings.md
1 Kings 18:32	OT	1 Kings	18	32	explicit-divine-subject:he→YHWH	he→YHWH	yes	he	With the stones he built an altar in the name of YHWH; and he made a trench about the altar, as great as would contain two measures of seed.	With the stones he built an altar in the name of YHWH; and he made a trench about the altar, as great as would contain two measures of seed.	editor-notes/consistency/divine-pronoun-triage-2026-09-12/1-kings.md
1 Kings 18:46	OT	1 Kings	18	46	explicit-divine-subject:he→YHWH	he→YHWH	yes	he,his	and the hand of YHWH was on Eliyahu; and he girded up his waist, and ran before Achav to the entrance of Jezreel.	and the hand of YHWH was on Eliyahu; and he girded up his waist, and ran before Achav to the entrance of Jezreel.	editor-notes/consistency/divine-pronoun-triage-2026-09-12/1-kings.md
1 Kings 19:9	OT	1 Kings	19	9	explicit-divine-subject:he→YHWH	he→YHWH	yes	he,He,him	He came there to a cave, and lodged there; and behold, the word of YHWH came to him, and he said to him, What are you doing here, Eliyahu?	He came there to a cave, and lodged there; and behold, the word of YHWH came to him, and he said to him, What are you doing here, Eliyahu?	editor-notes/consistency/divine-pronoun-triage-2026-09-12/1-kings.md
1 Kings 20:36	OT	1 Kings	20	36	explicit-divine-role:him→role-after-pronoun	him→role-after-pronoun	yes	he,him	Then said he to him, Because you have not obeyed the voice of YHWH, behold, as soon as you are departed from me, a lion shall kill you. As soon as he was departed from him, a lion found him, and killed him.	Then said he to him, Because you have not obeyed the voice of YHWH, behold, as soon as you are departed from me, a lion shall kill you. As soon as he was departed from him, a lion found him, and killed him.	editor-notes/consistency/divine-pronoun-triage-2026-09-12/1-kings.md
1 Kings 20:42	OT	1 Kings	20	42	explicit-divine-role:him→role-after-pronoun	him→role-after-pronoun	yes	him	They said to him, Thus says YHWH, Because you have let go out of your hand the person whom I had devoted to destruction, therefore your life shall go for their life, and your people for their people.	They said to him, Thus says YHWH, Because you have let go out of your hand the person whom I had devoted to destruction, therefore your life shall go for their life, and your people for their people.	editor-notes/consistency/divine-pronoun-triage-2026-09-12/1-kings.md
1 Kings 21:10	OT	1 Kings	21	10	explicit-divine-role:him→role-after-pronoun	him→role-after-pronoun	yes	him	and set two men, base fellows, before him, and let them testify against him, saying, You did curse Elohim and the king. Then carry him out, and stone him to death.	and set two men, base fellows, before him, and let them testify against him, saying, You did curse Elohim and the king. Then carry him out, and stone him to death.	editor-notes/consistency/divine-pronoun-triage-2026-09-12/1-kings.md
1 Kings 21:19	OT	1 Kings	21	19	explicit-divine-role:him→role-after-pronoun, explicit-divine-role:him→role-after-pronoun	him→role-after-pronoun; him→role-after-pronoun	yes	him	You shall speak to him, saying, Thus says YHWH, Have you killed and also taken possession? You shall speak to him, saying, Thus says YHWH, In the place where dogs licked the blood of Naboth shall dogs lick your blood, even yours.	You shall speak to him, saying, Thus says YHWH, Have you killed and also taken possession? You shall speak to him, saying, Thus says YHWH, In the place where dogs licked the blood of Naboth shall dogs lick your blood, even yours.	editor-notes/consistency/divine-pronoun-triage-2026-09-12/1-kings.md
1 Kings 22:7	OT	1 Kings	22	7	devotion-object:him→YHWH	him→YHWH	yes	him	But Yehoshafat said, Isn't there here a prophet of YHWH besides, that we may inquire of him?	But Yehoshafat said, Isn't there here a prophet of YHWH besides, that we may inquire of him?	editor-notes/consistency/divine-pronoun-triage-2026-09-12/1-kings.md
1 Kings 22:11	OT	1 Kings	22	11	explicit-divine-role:him→role-after-pronoun	him→role-after-pronoun	yes	him	Tzidkiyahu the son of Chenaanah made him horns of iron, and said, Thus says YHWH, With these shall you push the Syrians, until they be consumed.	Tzidkiyahu the son of Chenaanah made him horns of iron, and said, Thus says YHWH, With these shall you push the Syrians, until they be consumed.	editor-notes/consistency/divine-pronoun-triage-2026-09-12/1-kings.md
1 Kings 22:15	OT	1 Kings	22	15	explicit-divine-role:him→role-after-pronoun	him→role-after-pronoun	yes	he,He,him	When he was come to the king, the king said to him, Micaiah, shall we go to Ramoth Gilead to battle, or shall we forbear? He answered him, Go up and prosper; and YHWH will deliver it into the hand of the king.	When he was come to the king, the king said to him, Micaiah, shall we go to Ramoth Gilead to battle, or shall we forbear? He answered him, Go up and prosper; and YHWH will deliver it into the hand of the king.	editor-notes/consistency/divine-pronoun-triage-2026-09-12/1-kings.md
1 Kings 22:20	OT	1 Kings	22	20	explicit-divine-subject:he→YHWH	he→YHWH	yes	he	YHWH said, 'Who shall entice Achav, that he may go up and fall at Ramoth Gilead?' One said on this manner; and another said on that manner.	YHWH said, 'Who shall entice Achav, that he may go up and fall at Ramoth Gilead?' One said on this manner; and another said on that manner.	editor-notes/consistency/divine-pronoun-triage-2026-09-12/1-kings.md
1 Kings 22:22	OT	1 Kings	22	22	divine-attribute:his→YHWH	his→YHWH	yes	He,him,his	YHWH said to him, 'How?' He said, 'I will go forth, and will be a lying spirit in the mouth of all his prophets.' He said, 'You shall entice him, and shall prevail also: go forth, and do so.'	YHWH said to him, 'How?' He said, 'I will go forth, and will be a lying spirit in the mouth of all his prophets.' He said, 'You shall entice him, and shall prevail also: go forth, and do so.'	editor-notes/consistency/divine-pronoun-triage-2026-09-12/1-kings.md
1 Kings 22:28	OT	1 Kings	22	28	next-sentence-divine-subject:He→YHWH	He→YHWH	yes	He	Micaiah said, If you return at all in peace, YHWH has not spoken by me. He said, Hear, you peoples, all of you.	Micaiah said, If you return at all in peace, YHWH has not spoken by me. He said, Hear, you peoples, all of you.	editor-notes/consistency/divine-pronoun-triage-2026-09-12/1-kings.md
1 Kings 22:53	OT	1 Kings	22	53	explicit-divine-subject:his→YHWH, explicit-divine-role:him→role-after-pronoun	his→YHWH; him→role-after-pronoun	yes	He,him,his	He served Baal, and worshiped him, and provoked to anger YHWH, the God of Israel, according to all that his father had done.	He served Baal, and worshiped him, and provoked to anger YHWH, the God of Israel, according to all that his father had done.	editor-notes/consistency/divine-pronoun-triage-2026-09-12/1-kings.md
1 Peter 1:17	NT	1 Peter	1	17	explicit-divine-role:him→role-after-pronoun	him→role-after-pronoun	yes	him	If you call on him as Cosmic Parent, who without respect of persons judges according to each a person's work, pass the time of your living as foreigners here in reverence:	If you call on him as Cosmic Parent, who without respect of persons judges according to each a person's work, pass the time of your living as foreigners here in reverence:	editor-notes/consistency/divine-pronoun-triage-2026-09-12/1-peter.md
1 Peter 1:21	NT	1 Peter	1	21	explicit-divine-role:him→role-after-pronoun	him→role-after-pronoun	yes	him	who through him are believers in God, who raised him from the dead, and gave him glory; so that your faith and hope might be in God.	who through him are believers in God, who raised him from the dead, and gave him glory; so that your faith and hope might be in God.	editor-notes/consistency/divine-pronoun-triage-2026-09-12/1-peter.md
1 Peter 4:19	NT	1 Peter	4	19	explicit-divine-role:him→role-after-pronoun	him→role-after-pronoun	yes	him	Therefore let them also who suffer according to the will of God in doing good entrust their souls to him, as to a faithful Creator.	Therefore let them also who suffer according to the will of God in doing good entrust their souls to him, as to a faithful Creator.	editor-notes/consistency/divine-pronoun-triage-2026-09-12/1-peter.md
1 Samuel 1:11	OT	1 Samuel	1	11	explicit-divine-role:him→role-after-pronoun	him→role-after-pronoun	yes	him,his	She vowed a vow, and said, YHWH of Armies, if you will indeed look on the affliction of your handmaid, and remember me, and not forget your handmaid, but will give to your handmaid a boy, then I will give him to YHWH all the days of his life, and there shall no razor come on his head.	She vowed a vow, and said, YHWH of Armies, if you will indeed look on the affliction of your handmaid, and remember me, and not forget your handmaid, but will give to your handmaid a boy, then I will give him to YHWH all the days of his life, and there shall no razor come on his head.	editor-notes/consistency/divine-pronoun-triage-2026-09-12/1-samuel.md
1 Samuel 1:20	OT	1 Samuel	1	20	explicit-divine-role:him→role-after-pronoun	him→role-after-pronoun	yes	him	It happened, when the time was come about, that Hannah conceived, and bore a son; and she named him Shmuel, [saying], Because I have asked him of YHWH.	It happened, when the time was come about, that Hannah conceived, and bore a son; and she named him Shmuel, [saying], Because I have asked him of YHWH.	editor-notes/consistency/divine-pronoun-triage-2026-09-12/1-samuel.md
1 Samuel 1:22	OT	1 Samuel	1	22	explicit-divine-role:him→role-after-pronoun	him→role-after-pronoun	yes	he,him	But Hannah didn't go up; for she said to her husband, [I will not go up] until the child be weaned; and then I will bring him, that he may appear before YHWH, and there abide forever.	But Hannah didn't go up; for she said to her husband, [I will not go up] until the child be weaned; and then I will bring him, that he may appear before YHWH, and there abide forever.	editor-notes/consistency/divine-pronoun-triage-2026-09-12/1-samuel.md
1 Samuel 1:23	OT	1 Samuel	1	23	explicit-divine-role:him→role-after-pronoun	him→role-after-pronoun	yes	him	Elkanah her husband said to her, Do what seems you good; wait until you have weaned him; only YHWH establish YHWH’s word. So the woman waited and nursed her son, until she weaned him.	Elkanah her husband said to her, Do what seems you good; wait until you have weaned him; only YHWH establish YHWH’s word. So the woman waited and nursed her son, until she weaned him.	editor-notes/consistency/divine-pronoun-triage-2026-09-12/1-samuel.md
1 Samuel 1:24	OT	1 Samuel	1	24	explicit-divine-role:him→role-after-pronoun	him→role-after-pronoun	yes	him	When she had weaned him, she took him up with her, with three bulls, and one ephah of meal, and a bottle of wine, and brought him to the house of YHWH in Shilo: and the child was young.	When she had weaned him, she took him up with her, with three bulls, and one ephah of meal, and a bottle of wine, and brought him to the house of YHWH in Shilo: and the child was young.	editor-notes/consistency/divine-pronoun-triage-2026-09-12/1-samuel.md
1 Samuel 1:28	OT	1 Samuel	1	28	next-sentence-divine-subject:He→YHWH, explicit-divine-role:him→role-after-pronoun	He→YHWH; him→role-after-pronoun	yes	he,He,him	therefore also I have granted him to YHWH; as long as he lives he is granted to YHWH. He worshiped YHWH there.	therefore also I have granted him to YHWH; as long as he lives he is granted to YHWH. He worshiped YHWH there.	editor-notes/consistency/divine-pronoun-triage-2026-09-12/1-samuel.md
1 Samuel 2:25	OT	1 Samuel	2	25	explicit-divine-role:him→role-after-pronoun	him→role-after-pronoun	yes	him	If one man sin against another, Elohim shall judge him; but if someone sin against YHWH, who shall entreat for them? Notwithstanding, they didn't listen to the voice of their father, because YHWH was minded to kill them.	If one man sin against another, Elohim shall judge him; but if someone sin against YHWH, who shall entreat for them? Notwithstanding, they didn't listen to the voice of their father, because YHWH was minded to kill them.	editor-notes/consistency/divine-pronoun-triage-2026-09-12/1-samuel.md
1 Samuel 2:27	OT	1 Samuel	2	27	explicit-divine-role:him→role-after-pronoun	him→role-after-pronoun	yes	him	There came a person of Elohim to Eli, and said to him, Thus says YHWH, Did I reveal myself to the house of your father, when they were in Mitzrayim [in bondage] to Pharaoh's house?	There came a person of Elohim to Eli, and said to him, Thus says YHWH, Did I reveal myself to the house of your father, when they were in Mitzrayim [in bondage] to Pharaoh's house?	editor-notes/consistency/divine-pronoun-triage-2026-09-12/1-samuel.md
1 Samuel 3:4	OT	1 Samuel	3	4	explicit-divine-subject:he→YHWH	he→YHWH	yes	he	that YHWH called Shmuel; and he said, Here am I.	that YHWH called Shmuel; and he said, Here am I.	editor-notes/consistency/divine-pronoun-triage-2026-09-12/1-samuel.md
1 Samuel 3:8	OT	1 Samuel	3	8	next-sentence-divine-subject:He→YHWH	He→YHWH	yes	He	YHWH called Shmuel again the third time. He arose and went to Eli, and said, Here am I; for you called me. Eli perceived that YHWH had called the child.	YHWH called Shmuel again the third time. He arose and went to Eli, and said, Here am I; for you called me. Eli perceived that YHWH had called the child.	editor-notes/consistency/divine-pronoun-triage-2026-09-12/1-samuel.md
1 Samuel 3:17	OT	1 Samuel	3	17	explicit-divine-subject:he→Elohim	he→Elohim	yes	he,He	"He said, ""What is the thing that [YHWH] has spoken to you? Please don't hide it from me. Elohim do so to you, and more also, if you hide anything from me of all the things that he spoke to you."""	"He said, ""What is the thing that [YHWH] has spoken to you? Please don't hide it from me. Elohim do so to you, and more also, if you hide anything from me of all the things that he spoke to you."""	editor-notes/consistency/divine-pronoun-triage-2026-09-12/1-samuel.md
1 Samuel 4:18	OT	1 Samuel	4	18	explicit-divine-subject:his→Elohim	his→Elohim	yes	he,He,his	It happened, when he made mention of the ark of Elohim, that [Eli] fell from off his seat backward by the side of the gate; and his neck broke, and he died: for he was an old man, and heavy. He had judged Israel forty years.	It happened, when he made mention of the ark of Elohim, that [Eli] fell from off his seat backward by the side of the gate; and his neck broke, and he died: for he was an old man, and heavy. He had judged Israel forty years.	editor-notes/consistency/divine-pronoun-triage-2026-09-12/1-samuel.md
1 Samuel 5:3	OT	1 Samuel	5	3	divine-attribute:his→YHWH	his→YHWH	yes	him,his	When they of Ashdod arose early on the next day, behold, Dagon was fallen on his face to the ground before the ark of YHWH. They took Dagon, and set him in his place again.	When they of Ashdod arose early on the next day, behold, Dagon was fallen on his face to the ground before the ark of YHWH. They took Dagon, and set him in his place again.	editor-notes/consistency/divine-pronoun-triage-2026-09-12/1-samuel.md
1 Samuel 5:6	OT	1 Samuel	5	6	explicit-divine-subject:he→YHWH	he→YHWH	yes	he	But the hand of YHWH was heavy on them of Ashdod, and he destroyed them, and struck them with tumors, even Ashdod and the borders of it.	But the hand of YHWH was heavy on them of Ashdod, and he destroyed them, and struck them with tumors, even Ashdod and the borders of it.	editor-notes/consistency/divine-pronoun-triage-2026-09-12/1-samuel.md
1 Samuel 5:7	OT	1 Samuel	5	7	divine-attribute:his→God	his→God	yes	his	When the men of Ashdod saw that it was so, they said, The ark of the God of Israel shall not abide with us; for his hand is sore on us, and on Dagon our god.	When the men of Ashdod saw that it was so, they said, The ark of the God of Israel shall not abide with us; for his hand is sore on us, and on Dagon our god.	editor-notes/consistency/divine-pronoun-triage-2026-09-12/1-samuel.md
1 Samuel 5:9	OT	1 Samuel	5	9	explicit-divine-subject:he→YHWH	he→YHWH	yes	he	It was so, that after they had carried it about, the hand of YHWH was against the city with a very great confusion: and he struck the men of the city, both small and great; and tumors broke out on them.	It was so, that after they had carried it about, the hand of YHWH was against the city with a very great confusion: and he struck the men of the city, both small and great; and tumors broke out on them.	editor-notes/consistency/divine-pronoun-triage-2026-09-12/1-samuel.md
1 Samuel 6:5	OT	1 Samuel	6	5	divine-attribute:his→God	his→God	yes	he,his	Therefore you shall make images of your tumors, and images of your mice that mar the land; and you shall give glory to the God of Israel: peradventure he will lighten his hand from off you, and from off your gods, and from off your land.	Therefore you shall make images of your tumors, and images of your mice that mar the land; and you shall give glory to the God of Israel: peradventure he will lighten his hand from off you, and from off your gods, and from off your land.	editor-notes/consistency/divine-pronoun-triage-2026-09-12/1-samuel.md
1 Samuel 6:19	OT	1 Samuel	6	19	explicit-divine-subject:he→YHWH	he→YHWH	yes	he,He	He struck of the men of Beit Shemesh, because they had looked into the ark of YHWH, he struck of the people fifty thousand seventy men; and the people mourned, because YHWH had struck the people with a great slaughter.	He struck of the men of Beit Shemesh, because they had looked into the ark of YHWH, he struck of the people fifty thousand seventy men; and the people mourned, because YHWH had struck the people with a great slaughter.	editor-notes/consistency/divine-pronoun-triage-2026-09-12/1-samuel.md
1 Samuel 7:3	OT	1 Samuel	7	3	devotion-object:him→YHWH, explicit-divine-subject:he→YHWH	him→YHWH; he→YHWH	yes	he,him	Shmuel spoke to all the house of Israel, saying, If you do return to YHWH with all your heart, then put away the foreign gods and the Ashtaroth from among you, and direct your hearts to YHWH, and serve him only; and he will deliver you out of the hand of the Philistines.	Shmuel spoke to all the house of Israel, saying, If you do return to YHWH with all your heart, then put away the foreign gods and the Ashtaroth from among you, and direct your hearts to YHWH, and serve him only; and he will deliver you out of the hand of the Philistines.	editor-notes/consistency/divine-pronoun-triage-2026-09-12/1-samuel.md
1 Samuel 9:6	OT	1 Samuel	9	6	explicit-divine-role:him→role-after-pronoun	him→role-after-pronoun	yes	he,him	They said to him, See now, there is in this city a person of Elohim, and they are a person who is held in honor; all that he says comes surely to pass: now let us go there; peradventure he can tell us concerning our journey whereon we go.	They said to him, See now, there is in this city a person of Elohim, and they are a person who is held in honor; all that he says comes surely to pass: now let us go there; peradventure he can tell us concerning our journey whereon we go.	editor-notes/consistency/divine-pronoun-triage-2026-09-12/1-samuel.md
1 Samuel 10:1	OT	1 Samuel	10	1	explicit-divine-role:him→role-after-pronoun	him→role-after-pronoun	yes	him,his	Then Shmuel took the vial of oil, and poured it on his head, and kissed him, and said, Isn't it that YHWH has anointed you to be prince over YHWH’s inheritance?	Then Shmuel took the vial of oil, and poured it on his head, and kissed him, and said, Isn't it that YHWH has anointed you to be prince over YHWH’s inheritance?	editor-notes/consistency/divine-pronoun-triage-2026-09-12/1-samuel.md
1 Samuel 10:10	OT	1 Samuel	10	10	explicit-divine-subject:he→Elohim, explicit-divine-role:him→role-after-pronoun	he→Elohim; him→role-after-pronoun	yes	he,him	When they came there to the hill, behold, a band of prophets met him; and the Ruach of Elohim came mightily on him, and he prophesied among them.	When they came there to the hill, behold, a band of prophets met him; and the Ruach of Elohim came mightily on him, and he prophesied among them.	editor-notes/consistency/divine-pronoun-triage-2026-09-12/1-samuel.md
1 Samuel 10:22	OT	1 Samuel	10	22	explicit-divine-subject:he→YHWH	he→YHWH	yes	he,himself	Therefore they asked of YHWH further, Is there yet a person to come here? YHWH answered, Behold, he has hid himself among the baggage.	Therefore they asked of YHWH further, Is there yet a person to come here? YHWH answered, Behold, he has hid himself among the baggage.	editor-notes/consistency/divine-pronoun-triage-2026-09-12/1-samuel.md
1 Samuel 10:26	OT	1 Samuel	10	26	explicit-divine-role:him→role-after-pronoun	him→role-after-pronoun	yes	him,his	Shaul also went to his house to Gibeah; and there went with him the army, whose hearts Elohim had touched.	Shaul also went to his house to Gibeah; and there went with him the army, whose hearts Elohim had touched.	editor-notes/consistency/divine-pronoun-triage-2026-09-12/1-samuel.md
1 Samuel 12:9	OT	1 Samuel	12	9	explicit-divine-subject:he→YHWH	he→YHWH	yes	he	But they forgot YHWH their God; and he sold them into the hand of Sisera, captain of the army of Hazor, and into the hand of the Philistines, and into the hand of the king of Moab; and they fought against them.	But they forgot YHWH their God; and he sold them into the hand of Sisera, captain of the army of Hazor, and into the hand of the Philistines, and into the hand of the king of Moab; and they fought against them.	editor-notes/consistency/divine-pronoun-triage-2026-09-12/1-samuel.md
1 Samuel 13:14	OT	1 Samuel	13	14	devotion-object:him→YHWH, explicit-divine-role:him→role-after-pronoun	him→YHWH; him→role-after-pronoun	yes	him	But now your kingdom shall not continue: YHWH has sought him a person after their own heart, and YHWH has appointed him to be prince over their people, because you have not kept that which YHWH commanded you.	But now your kingdom shall not continue: YHWH has sought him a person after their own heart, and YHWH has appointed him to be prince over their people, because you have not kept that which YHWH commanded you.	editor-notes/consistency/divine-pronoun-triage-2026-09-12/1-samuel.md
1 Samuel 14:33	OT	1 Samuel	14	33	next-sentence-divine-subject:He→YHWH	He→YHWH	yes	He	Then they told Shaul, saying, Behold, the people sin against YHWH, in that they eat with the blood. He said, you have dealt treacherously: roll a great stone to me this day.	Then they told Shaul, saying, Behold, the people sin against YHWH, in that they eat with the blood. He said, you have dealt treacherously: roll a great stone to me this day.	editor-notes/consistency/divine-pronoun-triage-2026-09-12/1-samuel.md
1 Samuel 14:35	OT	1 Samuel	14	35	explicit-divine-subject:he→YHWH	he→YHWH	yes	he	Shaul built an altar to YHWH: the same was the first altar that he built to YHWH.	Shaul built an altar to YHWH: the same was the first altar that he built to YHWH.	editor-notes/consistency/divine-pronoun-triage-2026-09-12/1-samuel.md
1 Samuel 14:45	OT	1 Samuel	14	45	explicit-divine-subject:he→YHWH	he→YHWH	yes	he,his	The people said to Shaul, Shall Yonatan die, who has worked this great salvation in Israel? Far from it: as YHWH lives, there shall not one hair of his head fall to the ground; for he has worked with Elohim this day. So the people rescued Yonatan, that he didn't die.	The people said to Shaul, Shall Yonatan die, who has worked this great salvation in Israel? Far from it: as YHWH lives, there shall not one hair of his head fall to the ground; for he has worked with Elohim this day. So the people rescued Yonatan, that he didn't die.	editor-notes/consistency/divine-pronoun-triage-2026-09-12/1-samuel.md
1 Samuel 15:13	OT	1 Samuel	15	13	explicit-divine-role:him→role-after-pronoun	him→role-after-pronoun	yes	him	Shmuel came to Shaul; and Shaul said to him, Blessed are you by YHWH: I have performed the commandment of YHWH.	Shmuel came to Shaul; and Shaul said to him, Blessed are you by YHWH: I have performed the commandment of YHWH.	editor-notes/consistency/divine-pronoun-triage-2026-09-12/1-samuel.md
1 Samuel 15:16	OT	1 Samuel	15	16	next-sentence-divine-subject:He→YHWH	He→YHWH	yes	He,him	Then Shmuel said to Shaul, Stay, and I will tell you what YHWH has said to me this night. He said to him, Say on.	Then Shmuel said to Shaul, Stay, and I will tell you what YHWH has said to me this night. He said to him, Say on.	editor-notes/consistency/divine-pronoun-triage-2026-09-12/1-samuel.md
1 Samuel 15:23	OT	1 Samuel	15	23	explicit-divine-subject:he→YHWH	he→YHWH	yes	he	For rebellion is as the sin of witchcraft, and stubbornness is as idolatry and teraphim. Because you have rejected the word of YHWH, he has also rejected you from being king.	For rebellion is as the sin of witchcraft, and stubbornness is as idolatry and teraphim. Because you have rejected the word of YHWH, he has also rejected you from being king.	editor-notes/consistency/divine-pronoun-triage-2026-09-12/1-samuel.md
1 Samuel 15:28	OT	1 Samuel	15	28	explicit-divine-role:him→role-after-pronoun	him→role-after-pronoun	yes	him	Shmuel said to him, YHWH has torn the kingdom of Israel from you this day, and has given it to a neighbor of yours who is better than you.	Shmuel said to him, YHWH has torn the kingdom of Israel from you this day, and has given it to a neighbor of yours who is better than you.	editor-notes/consistency/divine-pronoun-triage-2026-09-12/1-samuel.md
1 Samuel 16:5	OT	1 Samuel	16	5	next-sentence-divine-subject:He→YHWH	He→YHWH	yes	He,his	He said, Peaceably; I am come to sacrifice to YHWH: sanctify yourselves, and come with me to the sacrifice. He sanctified Yishai and his sons, and called them to the sacrifice.	He said, Peaceably; I am come to sacrifice to YHWH: sanctify yourselves, and come with me to the sacrifice. He sanctified Yishai and his sons, and called them to the sacrifice.	editor-notes/consistency/divine-pronoun-triage-2026-09-12/1-samuel.md
1 Samuel 16:7	OT	1 Samuel	16	7	explicit-divine-role:him→role-after-pronoun	him→role-after-pronoun	yes	him,his	"But YHWH said to Shmuel, ""Don't look on his face, or on the height of his stature; because I have rejected him: for [YHWH sees] not as man sees; for man looks at the outward appearance, but YHWH looks at the heart."""	"But YHWH said to Shmuel, ""Don't look on his face, or on the height of his stature; because I have rejected him: for [YHWH sees] not as man sees; for man looks at the outward appearance, but YHWH looks at the heart."""	editor-notes/consistency/divine-pronoun-triage-2026-09-12/1-samuel.md
1 Samuel 16:15	OT	1 Samuel	16	15	explicit-divine-role:him→role-after-pronoun	him→role-after-pronoun	yes	him	Shaul's servants said to him, See now, a troubling spirit from Elohim troubles you.	Shaul's servants said to him, See now, an troubling spirit from Elohim troubles you.	editor-notes/consistency/divine-pronoun-triage-2026-09-12/1-samuel.md
1 Samuel 17:37	OT	1 Samuel	17	37	explicit-divine-subject:he→YHWH	he→YHWH	yes	he	Dawid said, YHWH who delivered me out of the paw of the lion, and out of the paw of the bear, he will deliver me out of the hand of this Philistine. Shaul said to Dawid, Go, and YHWH shall be with you.	Dawid said, YHWH who delivered me out of the paw of the lion, and out of the paw of the bear, he will deliver me out of the hand of this Philistine. Shaul said to Dawid, Go, and YHWH shall be with you.	editor-notes/consistency/divine-pronoun-triage-2026-09-12/1-samuel.md
1 Samuel 19:6	OT	1 Samuel	19	6	explicit-divine-subject:he→YHWH	he→YHWH	yes	he	Shaul listened to the voice of Yonatan: and Shaul swore, As YHWH lives, he shall not be put to death.	Shaul listened to the voice of Yonatan: and Shaul swore, As YHWH lives, he shall not be put to death.	editor-notes/consistency/divine-pronoun-triage-2026-09-12/1-samuel.md
1 Samuel 19:23	OT	1 Samuel	19	23	explicit-divine-subject:he→Elohim	he→Elohim	yes	he,He,him	He went there to Naioth in Ramah: and the Ruach of Elohim came on him also, and he went on, and prophesied, until he came to Naioth in Ramah.	He went there to Naioth in Ramah: and the Ruach of Elohim came on him also, and he went on, and prophesied, until he came to Naioth in Ramah.	editor-notes/consistency/divine-pronoun-triage-2026-09-12/1-samuel.md
1 Samuel 20:42	OT	1 Samuel	20	42	next-sentence-divine-subject:He→YHWH	He→YHWH	yes	He	Yonatan said to Dawid, Go in peace, because we have sworn both of us in the name of YHWH, saying, YHWH shall be between me and you, and between my seed and your seed, forever. He arose and departed: and Yonatan went into the city.	Yonatan said to Dawid, Go in peace, because we have sworn both of us in the name of YHWH, saying, YHWH shall be between me and you, and between my seed and your seed, forever. He arose and departed: and Yonatan went into the city.	editor-notes/consistency/divine-pronoun-triage-2026-09-12/1-samuel.md
1 Samuel 21:7	OT	1 Samuel	21	7	divine-attribute:his→YHWH	his→YHWH	yes	his	Now a certain man of the servants of Shaul was there that day, detained before YHWH; and his name was Doeg the Edomite, the best of the herdsmen who belonged to Shaul.	Now a certain man of the servants of Shaul was there that day, detained before YHWH; and his name was Doeg the Edomite, the best of the herdsmen who belonged to Shaul.	editor-notes/consistency/divine-pronoun-triage-2026-09-12/1-samuel.md
1 Samuel 22:13	OT	1 Samuel	22	13	explicit-divine-subject:he→Elohim, explicit-divine-role:him→role-after-pronoun	he→Elohim; him→role-after-pronoun	yes	he,him	Shaul said to him, Why have you conspired against me, you and the son of Yishai, in that you have given him bread, and a sword, and have inquired of Elohim for him, that he should rise against me, to lie in wait, as at this day?	Shaul said to him, Why have you conspired against me, you and the son of Yishai, in that you have given him bread, and a sword, and have inquired of Elohim for him, that he should rise against me, to lie in wait, as at this day?	editor-notes/consistency/divine-pronoun-triage-2026-09-12/1-samuel.md
1 Samuel 22:17	OT	1 Samuel	22	17	explicit-divine-role:him→role-after-pronoun	him→role-after-pronoun	yes	he,him	The king said to the guard who stood about him, Turn, and kill the priests of YHWH; because their hand also is with Dawid, and because they knew that he fled, and didn't disclose it to me. But the servants of the king wouldn't put forth their hand to fall on the priests of YHWH.	The king said to the guard who stood about him, Turn, and kill the priests of YHWH; because their hand also is with Dawid, and because they knew that he fled, and didn't disclose it to me. But the servants of the king wouldn't put forth their hand to fall on the priests of YHWH.	editor-notes/consistency/divine-pronoun-triage-2026-09-12/1-samuel.md
1 Samuel 23:7	OT	1 Samuel	23	7	explicit-divine-subject:he→Elohim	he→Elohim	yes	he,him	It was told Shaul that Dawid was come to Keilah. Shaul said, Elohim has delivered him into my hand; for he is shut in, by entering into a town that has gates and bars.	It was told Shaul that Dawid was come to Keilah. Shaul said, Elohim has delivered him into my hand; for he is shut in, by entering into a town that has gates and bars.	editor-notes/consistency/divine-pronoun-triage-2026-09-12/1-samuel.md
1 Samuel 23:11	OT	1 Samuel	23	11	explicit-divine-subject:He→YHWH	He→YHWH	yes	He,his	Will the men of Keilah deliver me up into his hand? will Shaul come down, as your servant has heard? YHWH, the God of Israel, I beg you, tell your servant. YHWH said, He will come down.	Will the men of Keilah deliver me up into his hand? will Shaul come down, as your servant has heard? YHWH, the God of Israel, I beg you, tell your servant. YHWH said, He will come down.	editor-notes/consistency/divine-pronoun-triage-2026-09-12/1-samuel.md
1 Samuel 23:14	OT	1 Samuel	23	14	divine-attribute:his→Elohim, explicit-divine-role:him→role-after-pronoun	his→Elohim; him→role-after-pronoun	yes	him,his	Dawid abode in the wilderness in the strongholds, and remained in the hill country in the wilderness of Ziph. Shaul sought him every day, but Elohim didn't deliver him into his hand.	Dawid abode in the wilderness in the strongholds, and remained in the hill country in the wilderness of Ziph. Shaul sought him every day, but Elohim didn't deliver him into his hand.	editor-notes/consistency/divine-pronoun-triage-2026-09-12/1-samuel.md
1 Samuel 24:4	OT	1 Samuel	24	4	explicit-divine-role:him→role-after-pronoun	him→role-after-pronoun	yes	him	The men of Dawid said to him, Behold, the day of which YHWH said to you, Behold, I will deliver your enemy into your hand, and you shall do to him as it shall seem good to you. Then Dawid arose, and cut off the skirt of Shaul's robe secretly.	The men of Dawid said to him, Behold, the day of which YHWH said to you, Behold, I will deliver your enemy into your hand, and you shall do to him as it shall seem good to you. Then Dawid arose, and cut off the skirt of Shaul's robe secretly.	editor-notes/consistency/divine-pronoun-triage-2026-09-12/1-samuel.md
1 Samuel 24:6	OT	1 Samuel	24	6	explicit-divine-role:him→role-after-pronoun	him→role-after-pronoun	yes	he,He,him,his	He said to his men, YHWH forbid that I should do this thing to my lord, YHWH's anointed, to put forth my hand against him, seeing he is YHWH's anointed.	He said to his men, YHWH forbid that I should do this thing to my lord, YHWH's anointed, to put forth my hand against him, seeing he is YHWH's anointed.	editor-notes/consistency/divine-pronoun-triage-2026-09-12/1-samuel.md
1 Samuel 25:38	OT	1 Samuel	25	38	explicit-divine-subject:he→YHWH	he→YHWH	yes	he	It happened about ten days after, that YHWH struck Nabal, so that he died.	It happened about ten days after, that YHWH struck Nabal, so that he died.	editor-notes/consistency/divine-pronoun-triage-2026-09-12/1-samuel.md
1 Samuel 26:9	OT	1 Samuel	26	9	explicit-divine-role:him→role-after-pronoun	him→role-after-pronoun	yes	him,his	Dawid said to Avishai, Don't destroy him; for who can put forth his hand against YHWH's anointed, and be guiltless?	Dawid said to Avishai, Don't destroy him; for who can put forth his hand against YHWH's anointed, and be guiltless?	editor-notes/consistency/divine-pronoun-triage-2026-09-12/1-samuel.md
1 Samuel 29:6	OT	1 Samuel	29	6	explicit-divine-role:him→role-after-pronoun	him→role-after-pronoun	yes	him	Then Achish called Dawid, and said to him, As YHWH lives, you have been upright, and your going out and your coming in with me in the army is good in my sight; for I have not found wrongdoing in you since the day of your coming to me to this day: nevertheless the lords don't favor you.	Then Achish called Dawid, and said to him, As YHWH lives, you have been upright, and your going out and your coming in with me in the army is good in my sight; for I have not found brokenness in you since the day of your coming to me to this day: nevertheless the lords don't favor you.	editor-notes/consistency/divine-pronoun-triage-2026-09-12/1-samuel.md
1 Samuel 29:9	OT	1 Samuel	29	9	explicit-divine-subject:He→Elohim	He→Elohim	yes	He	Achish answered Dawid, I know that you are good in my sight, as an angel of Elohim: notwithstanding the princes of the Philistines have said, He shall not go up with us to the battle.	Achish answered Dawid, I know that you are good in my sight, as an angel of Elohim: notwithstanding the princes of the Philistines have said, He shall not go up with us to the battle.	editor-notes/consistency/divine-pronoun-triage-2026-09-12/1-samuel.md
2 Chronicles 2:1	OT	2 Chronicles	2	1	explicit-divine-subject:his→YHWH	his→YHWH	yes	his	Now Shlomo purposed to build a house for the name of YHWH, and a house for his kingdom.	Now Shlomo purposed to build a house for the name of YHWH, and a house for his kingdom.	editor-notes/consistency/divine-pronoun-triage-2026-09-12/2-chronicles.md
2 Chronicles 2:12	OT	2 Chronicles	2	12	explicit-divine-subject:his→YHWH	his→YHWH	yes	his	"Huram continued, ""Blessed be YHWH, the God of Israel, that made heavens and earth, who has given to Dawid the king a wise son, endowed with discretion and understanding, that should build a house for YHWH, and a house for his kingdom."	"Huram continued, ""Blessed be YHWH, the God of Israel, that made heavens and earth, who has given to Dawid the king a wise son, endowed with discretion and understanding, that should build a house for YHWH, and a house for his kingdom."	editor-notes/consistency/divine-pronoun-triage-2026-09-12/2-chronicles.md
2 Chronicles 8:1	OT	2 Chronicles	8	1	explicit-divine-subject:his→YHWH	his→YHWH	yes	his	It happened at the end of twenty years, in which Shlomo had built the house of YHWH, and his own house,	It happened at the end of twenty years, in which Shlomo had built the house of YHWH, and his own house,	editor-notes/consistency/divine-pronoun-triage-2026-09-12/2-chronicles.md
2 Chronicles 12:13	OT	2 Chronicles	12	13	divine-attribute:his→YHWH, explicit-divine-subject:his→YHWH	his→YHWH; his→YHWH	yes	he,himself,his	So king Rechavam strengthened himself in Yerushalayim, and reigned: for Rechavam was forty-one years old when he began to reign, and he reigned seventeen years in Yerushalayim, the city which YHWH had chosen out of all the tribes of Israel, to put his name there: and his mother's name was Naamah the Ammonitess.	So king Rechavam strengthened himself in Yerushalayim, and reigned: for Rechavam was forty-one years old when he began to reign, and he reigned seventeen years in Yerushalayim, the city which YHWH had chosen out of all the tribes of Israel, to put his name there: and his mother's name was Naamah the Ammonitess.	editor-notes/consistency/divine-pronoun-triage-2026-09-12/2-chronicles.md
2 Chronicles 13:10	OT	2 Chronicles	13	10	explicit-divine-role:him→role-after-pronoun	him→role-after-pronoun	yes	him	But as for us, YHWH is our God, and we have not forsaken him; and [we have] priests ministering to YHWH, the sons of Aharon, and the Levites in their work:	But as for us, YHWH is our God, and we have not forsaken him; and [we have] priests ministering to YHWH, the sons of Aharon, and the Levites in their work:	editor-notes/consistency/divine-pronoun-triage-2026-09-12/2-chronicles.md
2 Chronicles 13:12	OT	2 Chronicles	13	12	explicit-divine-subject:his→Elohim	his→Elohim	yes	his	Behold, Elohim is with us at our head, and his priests with the trumpets of alarm to sound an alarm against you. Children of Israel, don't you fight against YHWH, the God of your fathers; for you shall not prosper.	Behold, Elohim is with us at our head, and his priests with the trumpets of alarm to sound an alarm against you. Children of Israel, don't you fight against YHWH, the God of your fathers; for you shall not prosper.	editor-notes/consistency/divine-pronoun-triage-2026-09-12/2-chronicles.md
2 Chronicles 13:20	OT	2 Chronicles	13	20	explicit-divine-subject:he→YHWH	he→YHWH	yes	he,him	Neither did Yerovam recover strength again in the days of Aviyah: and YHWH struck him, and he died.	Neither did Yerovam recover strength again in the days of Aviyah: and YHWH struck him, and he died.	editor-notes/consistency/divine-pronoun-triage-2026-09-12/2-chronicles.md
2 Chronicles 14:7	OT	2 Chronicles	14	7	devotion-object:him→God, explicit-divine-subject:he→YHWH	him→God; he→YHWH	yes	he,him	For he said to Yehudah, Let us build these cities, and make about them walls, and towers, gates, and bars; the land is yet before us, because we have sought YHWH our God; we have sought him, and he has given us rest on every side. So they built and prospered.	For he said to Yehudah, Let us build these cities, and make about them walls, and towers, gates, and bars; the land is yet before us, because we have sought YHWH our God; we have sought him, and he has given us rest on every side. So they built and prospered.	editor-notes/consistency/divine-pronoun-triage-2026-09-12/2-chronicles.md
2 Chronicles 14:13	OT	2 Chronicles	14	13	divine-attribute:his→YHWH	his→YHWH	yes	him,his	Asa and the people who were with him pursued them to Gerar: and there fell of the Ethiopians so many that they could not recover themselves; for they were destroyed before YHWH, and before his army; and they carried away very much booty.	Asa and the people who were with him pursued them to Gerar: and there fell of the Ethiopians so many that they could not recover themselves; for they were destroyed before YHWH, and before his army; and they carried away very much booty.	editor-notes/consistency/divine-pronoun-triage-2026-09-12/2-chronicles.md
2 Chronicles 15:2	OT	2 Chronicles	15	2	devotion-object:him→YHWH, devotion-object:him→YHWH, explicit-divine-subject:he→YHWH	him→YHWH; him→YHWH; he→YHWH	yes	he,him	and he went out to meet Asa, and said to him, Hear you me, Asa, and all Yehudah and Binyamin: YHWH is with you, while you are with him; and if you seek him, he will be found of you; but if you forsake him, he will forsake you.	and he went out to meet Asa, and said to him, Hear you me, Asa, and all Yehudah and Binyamin: YHWH is with you, while you are with him; and if you seek him, he will be found of you; but if you forsake him, he will forsake you.	editor-notes/consistency/divine-pronoun-triage-2026-09-12/2-chronicles.md
2 Chronicles 15:4	OT	2 Chronicles	15	4	devotion-object:him→God, explicit-divine-subject:he→YHWH	him→God; he→YHWH	yes	he,him	But when in their distress they turned to YHWH, the God of Israel, and sought him, he was found of them.	But when in their distress they turned to YHWH, the God of Israel, and sought him, he was found of them.	editor-notes/consistency/divine-pronoun-triage-2026-09-12/2-chronicles.md
2 Chronicles 15:18	OT	2 Chronicles	15	18	explicit-divine-subject:his→Elohim	his→Elohim	yes	he,He,himself,his	He brought into the house of Elohim the things that his father had dedicated, and that he himself had dedicated, silver, and gold, and vessels.	He brought into the house of Elohim the things that his father had dedicated, and that he himself had dedicated, silver, and gold, and vessels.	editor-notes/consistency/divine-pronoun-triage-2026-09-12/2-chronicles.md
2 Chronicles 16:8	OT	2 Chronicles	16	8	explicit-divine-subject:he→YHWH	he→YHWH	yes	he	Weren't the Ethiopians and the Lubim a huge army, with chariots and horsemen exceeding many? yet, because you did rely on YHWH, he delivered them into your hand.	Weren't the Ethiopians and the Lubim a huge army, with chariots and horsemen exceeding many? yet, because you did rely on YHWH, he delivered them into your hand.	editor-notes/consistency/divine-pronoun-triage-2026-09-12/2-chronicles.md
2 Chronicles 17:3	OT	2 Chronicles	17	3	explicit-divine-subject:he→YHWH	he→YHWH	yes	he,his	YHWH was with Yehoshafat, because he walked in the first ways of his father Dawid, and didn't seek the Baals,	YHWH was with Yehoshafat, because he walked in the first ways of his father Dawid, and didn't seek the Baals,	editor-notes/consistency/divine-pronoun-triage-2026-09-12/2-chronicles.md
2 Chronicles 17:5	OT	2 Chronicles	17	5	divine-attribute:his→YHWH, explicit-divine-subject:he→YHWH	his→YHWH; he→YHWH	yes	he,his	Therefore YHWH established the kingdom in his hand; and all Yehudah brought to Yehoshafat tribute; and he had riches and honor in abundance.	Therefore YHWH established the kingdom in his hand; and all Yehudah brought to Yehoshafat tribute; and he had riches and honor in abundance.	editor-notes/consistency/divine-pronoun-triage-2026-09-12/2-chronicles.md
2 Chronicles 18:6	OT	2 Chronicles	18	6	devotion-object:him→YHWH	him→YHWH	yes	him	But Yehoshafat said, Isn't there here a prophet of YHWH besides, that we may inquire of him?	But Yehoshafat said, Isn't there here a prophet of YHWH besides, that we may inquire of him?	editor-notes/consistency/divine-pronoun-triage-2026-09-12/2-chronicles.md
2 Chronicles 18:7	OT	2 Chronicles	18	7	explicit-divine-subject:he→YHWH	he→YHWH	yes	he,him	The king of Israel said to Yehoshafat, There is yet one man by whom we may inquire of YHWH: but I hate him; for he never prophesies good concerning me, but always brokenness: the same is Micaiah the son of Imla. Yehoshafat said, Don't let the king say so.	The king of Israel said to Yehoshafat, There is yet one man by whom we may inquire of YHWH: but I hate him; for he never prophesies good concerning me, but always brokenness: the same is Micaiah the son of Imla. Yehoshafat said, Don't let the king say so.	editor-notes/consistency/divine-pronoun-triage-2026-09-12/2-chronicles.md
2 Chronicles 18:10	OT	2 Chronicles	18	10	explicit-divine-role:him→role-after-pronoun	him→role-after-pronoun	yes	him	Tzidkiyahu the son of Chenaanah made him horns of iron, and said, Thus says YHWH, With these shall you push the Syrians, until they be consumed.	Tzidkiyahu the son of Chenaanah made him horns of iron, and said, Thus says YHWH, With these shall you push the Syrians, until they be consumed.	editor-notes/consistency/divine-pronoun-triage-2026-09-12/2-chronicles.md
2 Chronicles 18:27	OT	2 Chronicles	18	27	next-sentence-divine-subject:He→YHWH	He→YHWH	yes	He	Micaiah said, If you return at all in peace, YHWH has not spoken by me. He said, Hear, you peoples, all of you.	Micaiah said, If you return at all in peace, YHWH has not spoken by me. He said, Hear, you peoples, all of you.	editor-notes/consistency/divine-pronoun-triage-2026-09-12/2-chronicles.md
2 Chronicles 18:31	OT	2 Chronicles	18	31	explicit-divine-role:him→role-after-pronoun, explicit-divine-role:him→role-after-pronoun	him→role-after-pronoun; him→role-after-pronoun	yes	him	It happened, when the captains of the chariots saw Yehoshafat, that they said, It is the king of Israel. Therefore they turned about to fight against him: but Yehoshafat cried out, and YHWH helped him; and Elohim moved them [to depart] from him.	It happened, when the captains of the chariots saw Yehoshafat, that they said, It is the king of Israel. Therefore they turned about to fight against him: but Yehoshafat cried out, and YHWH helped him; and Elohim moved them [to depart] from him.	editor-notes/consistency/divine-pronoun-triage-2026-09-12/2-chronicles.md
2 Chronicles 20:3	OT	2 Chronicles	20	3	explicit-divine-subject:he→YHWH	he→YHWH	yes	he,himself	Yehoshafat feared, and set himself to seek to YHWH; and he proclaimed a fast throughout all Yehudah.	Yehoshafat feared, and set himself to seek to YHWH; and he proclaimed a fast throughout all Yehudah.	editor-notes/consistency/divine-pronoun-triage-2026-09-12/2-chronicles.md
2 Chronicles 20:20	OT	2 Chronicles	20	20	divine-attribute:his→God	his→God	yes	his	They rose early in the morning, and went forth into the wilderness of Tekoa: and as they went forth, Yehoshafat stood and said, Hear me, Yehudah, and you inhabitants of Yerushalayim: believe in YHWH your God, so shall you be established; believe his prophets, so shall you prosper.	They rose early in the morning, and went forth into the wilderness of Tekoa: and as they went forth, Yehoshafat stood and said, Hear me, Yehudah, and you inhabitants of Yerushalayim: believe in YHWH your God, so shall you be established; believe his prophets, so shall you prosper.	editor-notes/consistency/divine-pronoun-triage-2026-09-12/2-chronicles.md
2 Chronicles 21:12	OT	2 Chronicles	21	12	explicit-divine-role:him→role-after-pronoun	him→role-after-pronoun	yes	him	There came a writing to him from Eliyahu the prophet, saying, Thus says YHWH, the God of Dawid your father, Because you have not walked in the ways of Yehoshafat your father, nor in the ways of Asa king of Yehudah,	There came a writing to him from Eliyahu the prophet, saying, Thus says YHWH, the God of Dawid your father, Because you have not walked in the ways of Yehoshafat your father, nor in the ways of Asa king of Yehudah,	editor-notes/consistency/divine-pronoun-triage-2026-09-12/2-chronicles.md
2 Chronicles 22:7	OT	2 Chronicles	22	7	explicit-divine-subject:he→Elohim	he→Elohim	yes	he	Now the destruction of Ahaziah was of Elohim, in that he went to Yoram: for when he was come, he went out with Yoram against Yehu the son of Nimshi, whom YHWH had anointed to cut off the house of Achav.	Now the destruction of Ahaziah was of Elohim, in that he went to Yoram: for when he was come, he went out with Yoram against Yehu the son of Nimshi, whom YHWH had anointed to cut off the house of Achav.	editor-notes/consistency/divine-pronoun-triage-2026-09-12/2-chronicles.md
2 Chronicles 23:3	OT	2 Chronicles	23	3	next-sentence-divine-subject:He→Elohim	He→Elohim	yes	He	All the assembly made a covenant with the king in the house of Elohim. He said to them, Behold, the king's son shall reign, as YHWH has spoken concerning the sons of Dawid.	All the assembly made a covenant with the king in the house of Elohim. He said to them, Behold, the king's son shall reign, as YHWH has spoken concerning the sons of Dawid.	editor-notes/consistency/divine-pronoun-triage-2026-09-12/2-chronicles.md
2 Chronicles 24:27	OT	2 Chronicles	24	27	explicit-divine-role:him→role-after-pronoun	him→role-after-pronoun	yes	him,his	Now concerning his sons, and the greatness of the burdens [laid] on him, and the rebuilding of the house of Elohim, behold, they are written in the commentary of the book of the kings. Amaziah his son reigned in his place.	Now concerning his sons, and the greatness of the burdens [laid] on him, and the rebuilding of the house of Elohim, behold, they are written in the commentary of the book of the kings. Amaziah his son reigned in his place.	editor-notes/consistency/divine-pronoun-triage-2026-09-12/2-chronicles.md
2 Chronicles 25:15	OT	2 Chronicles	25	15	explicit-divine-subject:he→YHWH	he→YHWH	yes	he,him	Therefore the anger of YHWH was kindled against Amaziah, and he sent to him a prophet, who said to him, Why have you sought after the gods of the people, which have not delivered their own people out of your hand?	Therefore the anger of YHWH was kindled against Amaziah, and he sent to him a prophet, who said to him, Why have you sought after the gods of the people, which have not delivered their own people out of your hand?	editor-notes/consistency/divine-pronoun-triage-2026-09-12/2-chronicles.md
2 Chronicles 25:27	OT	2 Chronicles	25	27	explicit-divine-subject:he→YHWH	he→YHWH	yes	he,him	Now from the time that Amaziah did turn away from following YHWH they made a conspiracy against him in Yerushalayim; and he fled to Lachish: but they sent after him to Lachish, and killed him there.	Now from the time that Amaziah did turn away from following YHWH they made a conspiracy against him in Yerushalayim; and he fled to Lachish: but they sent after him to Lachish, and killed him there.	editor-notes/consistency/divine-pronoun-triage-2026-09-12/2-chronicles.md
2 Chronicles 26:4	OT	2 Chronicles	26	4	explicit-divine-subject:his→YHWH	his→YHWH	yes	He,his	He did that which was right in the eyes of YHWH, according to all that his father Amaziah had done.	He did that which was right in the eyes of YHWH, according to all that his father Amaziah had done.	editor-notes/consistency/divine-pronoun-triage-2026-09-12/2-chronicles.md
2 Chronicles 26:16	OT	2 Chronicles	26	16	explicit-divine-subject:he→YHWH	he→YHWH	yes	he,his	But when he was strong, his heart was lifted up, so that he did corruptly, and he trespassed against YHWH his God; for he went into the temple of YHWH to burn incense on the altar of incense.	But when he was strong, his heart was lifted up, so that he did corruptly, and he trespassed against YHWH his God; for he went into the temple of YHWH to burn incense on the altar of incense.	editor-notes/consistency/divine-pronoun-triage-2026-09-12/2-chronicles.md
2 Chronicles 26:17	OT	2 Chronicles	26	17	explicit-divine-role:him→role-after-pronoun	him→role-after-pronoun	yes	him	Azaryah the priest went in after him, and with him eighty priests of YHWH, who were valiant men:	Azaryah the priest went in after him, and with him eighty priests of YHWH, who were valiant men:	editor-notes/consistency/divine-pronoun-triage-2026-09-12/2-chronicles.md
2 Chronicles 27:2	OT	2 Chronicles	27	2	explicit-divine-subject:his→YHWH	his→YHWH	yes	he,He,his	He did that which was right in the eyes of YHWH, according to all that his father Uzziyah had done: however he didn't enter into the temple of YHWH. The people did yet corruptly.	He did that which was right in the eyes of YHWH, according to all that his father Uzziyah had done: however he didn't enter into the temple of YHWH. The people did yet corruptly.	editor-notes/consistency/divine-pronoun-triage-2026-09-12/2-chronicles.md
2 Chronicles 28:9	OT	2 Chronicles	28	9	explicit-divine-subject:he→YHWH, explicit-divine-subject:he→YHWH	he→YHWH; he→YHWH	yes	he	But a prophet of YHWH was there, whose name was Oded: and he went out to meet the army that came to Shomron, and said to them, Behold, because YHWH, the God of your fathers, was angry with Yehudah, he has delivered them into your hand, and you have slain them in a rage which has reached up to heavens.	But a prophet of YHWH was there, whose name was Oded: and he went out to meet the army that came to Shomron, and said to them, Behold, because YHWH, the God of your fathers, was angry with Yehudah, he has delivered them into your hand, and you have slain them in a rage which has reached up to heavens.	editor-notes/consistency/divine-pronoun-triage-2026-09-12/2-chronicles.md
2 Chronicles 28:24	OT	2 Chronicles	28	24	explicit-divine-subject:he→Elohim	he→Elohim	yes	he,him	Achaz gathered together the vessels of the house of Elohim, and cut in pieces the vessels of the house of Elohim, and shut up the doors of the house of YHWH; and he made him altars in every corner of Yerushalayim.	Achaz gathered together the vessels of the house of Elohim, and cut in pieces the vessels of the house of Elohim, and shut up the doors of the house of YHWH; and he made him altars in every corner of Yerushalayim.	editor-notes/consistency/divine-pronoun-triage-2026-09-12/2-chronicles.md
2 Chronicles 29:8	OT	2 Chronicles	29	8	explicit-divine-subject:he→YHWH	he→YHWH	yes	he	Therefore the wrath of YHWH was on Yehudah and Yerushalayim, and he has delivered them to be tossed back and forth, to be an astonishment, and a hissing, as you see with your eyes.	Therefore the wrath of YHWH was on Yehudah and Yerushalayim, and he has delivered them to be tossed back and forth, to be an astonishment, and a hissing, as you see with your eyes.	editor-notes/consistency/divine-pronoun-triage-2026-09-12/2-chronicles.md
2 Chronicles 29:25	OT	2 Chronicles	29	25	divine-attribute:his→YHWH	his→YHWH	yes	He,his	He set the Levites in the house of YHWH with cymbals, with stringed instruments, and with harps, according to the commandment of Dawid, and of Gad the king's seer, and Natan the prophet; for the commandment was of YHWH by his prophets.	He set the Levites in the house of YHWH with cymbals, with stringed instruments, and with harps, according to the commandment of Dawid, and of Gad the king's seer, and Natan the prophet; for the commandment was of YHWH by his prophets.	editor-notes/consistency/divine-pronoun-triage-2026-09-12/2-chronicles.md
2 Chronicles 30:6	OT	2 Chronicles	30	6	explicit-divine-subject:he→YHWH	he→YHWH	yes	he,his	So the posts went with the letters from the king and his princes throughout all Israel and Yehudah, and according to the commandment of the king, saying, You children of Israel, turn again to YHWH, the God of Avraham, Yitzhak, and Israel, that he may return to the remnant that have escaped of you out of the hand of the kings of Ashur.	So the posts went with the letters from the king and his princes throughout all Israel and Yehudah, and according to the commandment of the king, saying, You children of Israel, turn again to YHWH, the God of Avraham, Yitzhak, and Israel, that he may return to the remnant that have escaped of you out of the hand of the kings of Ashur.	editor-notes/consistency/divine-pronoun-triage-2026-09-12/2-chronicles.md
2 Chronicles 31:21	OT	2 Chronicles	31	21	devotion-object:his→Elohim, explicit-divine-subject:he→Elohim	his→Elohim; he→Elohim	yes	he,his	In every work that he began in the service of the house of Elohim, and in the law, and in the commandments, to seek his God, he did it with all his heart, and prospered.	In every work that he began in the service of the house of Elohim, and in the law, and in the commandments, to seek his God, he did it with all his heart, and prospered.	editor-notes/consistency/divine-pronoun-triage-2026-09-12/2-chronicles.md
2 Chronicles 32:8	OT	2 Chronicles	32	8	explicit-divine-role:him→role-after-pronoun	him→role-after-pronoun	yes	him	with him is an arm of flesh; but with us is YHWH our God to help us, and to fight our battles. The people rested themselves on the words of Chizkiyahu king of Yehudah.	with him is an arm of flesh; but with us is YHWH our God to help us, and to fight our battles. The people rested themselves on the words of Chizkiyahu king of Yehudah.	editor-notes/consistency/divine-pronoun-triage-2026-09-12/2-chronicles.md
2 Chronicles 32:15	OT	2 Chronicles	32	15	explicit-divine-role:him→role-after-pronoun	him→role-after-pronoun	yes	him,his	Now therefore don't let Chizkiyahu deceive you, nor persuade you after this manner, neither believe you him; for no god of any nation or kingdom was able to deliver his people out of my hand, and out of the hand of my fathers: how much less shall your God deliver you out of my hand?	Now therefore don't let Chizkiyahu deceive you, nor persuade you after this manner, neither believe you him; for no god of any nation or kingdom was able to deliver his people out of my hand, and out of the hand of my fathers: how much less shall your God deliver you out of my hand?	editor-notes/consistency/divine-pronoun-triage-2026-09-12/2-chronicles.md
2 Chronicles 32:24	OT	2 Chronicles	32	24	explicit-divine-subject:he→YHWH	he→YHWH	yes	he,him	In those days Chizkiyahu was sick even to death: and he prayed to YHWH; and he spoke to him, and gave him a sign.	In those days Chizkiyahu was sick even to death: and he prayed to YHWH; and he spoke to him, and gave him a sign.	editor-notes/consistency/divine-pronoun-triage-2026-09-12/2-chronicles.md
2 Chronicles 32:31	OT	2 Chronicles	32	31	explicit-divine-subject:he→Elohim	he→Elohim	yes	he,him,his	However in [the business of] the ambassadors of the princes of Bavel, who sent to him to inquire of the wonder that was done in the land, Elohim left him, to try him, that he might know all that was in his heart.	However in [the business of] the ambassadors of the princes of Bavel, who sent to him to inquire of the wonder that was done in the land, Elohim left him, to try him, that he might know all that was in his heart.	editor-notes/consistency/divine-pronoun-triage-2026-09-12/2-chronicles.md
2 Chronicles 33:6	OT	2 Chronicles	33	6	devotion-object:him→YHWH	him→YHWH	yes	he,He,him,his	He also made his children to pass through the fire in the valley of the son of Hinnom; and he practiced sorcery, and used enchantments, and practiced sorcery, and dealt with those who had familiar spirits, and with wizards: he did much wrong in the sight of YHWH, to provoke him to anger.	He also made his children to pass through the fire in the valley of the son of Hinnom; and he practiced sorcery, and used enchantments, and practiced sorcery, and dealt with those who had familiar spirits, and with wizards: he worked much brokenness in the sight of YHWH, to provoke him to anger.	editor-notes/consistency/divine-pronoun-triage-2026-09-12/2-chronicles.md
2 Chronicles 33:10	OT	2 Chronicles	33	10	divine-attribute:his→YHWH	his→YHWH	yes	his	YHWH spoke to Menashe, and to his people; but they gave no heed.	YHWH spoke to Menashe, and to his people; but they gave no heed.	editor-notes/consistency/divine-pronoun-triage-2026-09-12/2-chronicles.md
2 Chronicles 33:15	OT	2 Chronicles	33	15	explicit-divine-subject:he→YHWH	he→YHWH	yes	he,He	He took away the foreign gods, and the idol out of the house of YHWH, and all the altars that he had built in the mountain of the house of YHWH, and in Yerushalayim, and cast them out of the city.	He took away the foreign gods, and the idol out of the house of YHWH, and all the altars that he had built in the mountain of the house of YHWH, and in Yerushalayim, and cast them out of the city.	editor-notes/consistency/divine-pronoun-triage-2026-09-12/2-chronicles.md
2 Chronicles 33:18	OT	2 Chronicles	33	18	explicit-divine-role:him→role-after-pronoun	him→role-after-pronoun	yes	him,his	Now the rest of the acts of Menashe, and his prayer to his God, and the words of the seers who spoke to him in the name of YHWH, the God of Israel, behold, they are written among the acts of the kings of Israel.	Now the rest of the acts of Menashe, and his prayer to his God, and the words of the seers who spoke to him in the name of YHWH, the God of Israel, behold, they are written among the acts of the kings of Israel.	editor-notes/consistency/divine-pronoun-triage-2026-09-12/2-chronicles.md
2 Chronicles 33:19	OT	2 Chronicles	33	19	explicit-divine-subject:his→Elohim	his→Elohim	yes	he,him,himself,his,His	His prayer also, and how [Elohim] was entreated of him, and all his sin and his trespass, and the places in which he built high places, and set up the Asherim and the engraved images, before he humbled himself: behold, they are written in the history of Hozai.	His prayer also, and how [Elohim] was entreated of him, and all his sin and his trespass, and the places in which he built high places, and set up the Asherim and the engraved images, before he humbled himself: behold, they are written in the history of Hozai.	editor-notes/consistency/divine-pronoun-triage-2026-09-12/2-chronicles.md
2 Chronicles 34:26	OT	2 Chronicles	34	26	explicit-divine-role:him→role-after-pronoun	him→role-after-pronoun	yes	him	But to the king of Yehudah, who sent you to inquire of YHWH, thus shall you tell him, Thus says YHWH, the God of Israel: As touching the words which you have heard,	But to the king of Yehudah, who sent you to inquire of YHWH, thus shall you tell him, Thus says YHWH, the God of Israel: As touching the words which you have heard,	editor-notes/consistency/divine-pronoun-triage-2026-09-12/2-chronicles.md
2 Chronicles 34:31	OT	2 Chronicles	34	31	divine-attribute:his→YHWH	his→YHWH	yes	his	The king stood in his place, and made a covenant before YHWH, to walk after YHWH, and to keep YHWH’s commandments, and YHWH’s testimonies, and YHWH’s statutes, with all his heart, and with all his soul, to perform the words of the covenant that were written in this book.	The king stood in his place, and made a covenant before YHWH, to walk after YHWH, and to keep YHWH’s commandments, and YHWH’s testimonies, and YHWH’s statutes, with all his heart, and with all his soul, to perform the words of the covenant that were written in this book.	editor-notes/consistency/divine-pronoun-triage-2026-09-12/2-chronicles.md
2 Chronicles 36:7	OT	2 Chronicles	36	7	divine-attribute:his→YHWH	his→YHWH	yes	his	Nebuchadnezzar also carried of the vessels of the house of YHWH to Bavel, and put them in his temple at Bavel.	Nebuchadnezzar also carried of the vessels of the house of YHWH to Bavel, and put them in his temple at Bavel.	editor-notes/consistency/divine-pronoun-triage-2026-09-12/2-chronicles.md
2 Chronicles 36:12	OT	2 Chronicles	36	12	explicit-divine-subject:he→YHWH	he→YHWH	yes	he,himself,his	and he did what was broken in the sight of YHWH his God; he didn't humble himself before Yirmeyahu the prophet [speaking] from the mouth of YHWH.	and he did what was broken in the sight of YHWH his God; he didn't humble himself before Yirmeyahu the prophet [speaking] from the mouth of YHWH.	editor-notes/consistency/divine-pronoun-triage-2026-09-12/2-chronicles.md
2 Chronicles 36:13	OT	2 Chronicles	36	13	explicit-divine-role:him→role-after-pronoun	him→role-after-pronoun	yes	he,He,him,his	He also rebelled against king Nebuchadnezzar, who had made him swear by Elohim: but he stiffened his neck, and hardened his heart against turning to YHWH, the God of Israel.	He also rebelled against king Nebuchadnezzar, who had made him swear by Elohim: but he stiffened his neck, and hardened his heart against turning to YHWH, the God of Israel.	editor-notes/consistency/divine-pronoun-triage-2026-09-12/2-chronicles.md
2 Chronicles 36:23	OT	2 Chronicles	36	23	explicit-divine-subject:he→YHWH	he→YHWH	yes	he,him	Thus says Cyrus king of Paras, All the kingdoms of the earth has YHWH, the God of heavens, given me; and he has charged me to build him a house in Yerushalayim, which is in Yehudah. Whoever there is among you of all their people, YHWH their God be with him, and let him go up.	Thus says Cyrus king of Paras, All the kingdoms of the earth has YHWH, the God of heavens, given me; and he has charged me to build him a house in Yerushalayim, which is in Yehudah. Whoever there is among you of all their people, YHWH their God be with him, and let him go up.	editor-notes/consistency/divine-pronoun-triage-2026-09-12/2-chronicles.md
2 Corinthians 1:20	NT	2 Corinthians	1	20	explicit-divine-role:him→role-after-pronoun	him→role-after-pronoun	yes	him	"For however many are the promises of God, in him is the ""Yes."" Therefore also through him is the ""Amen,"" to the glory of God through us."	"For however many are the promises of God, in him is the ""Yes."" Therefore also through him is the ""Amen,"" to the glory of God through us."	editor-notes/consistency/divine-pronoun-triage-2026-09-12/2-corinthians.md
2 Corinthians 5:21	NT	2 Corinthians	5	21	explicit-divine-role:him→role-after-pronoun	him→role-after-pronoun	yes	him	For the one who knew no sin they made to be sin on our behalf; so that in him we might become the righteousness of God.	For the one who knew no sin they made to be sin on our behalf; so that in him we might become the righteousness of God.	editor-notes/consistency/divine-pronoun-triage-2026-09-12/2-corinthians.md
2 Corinthians 9:15	NT	2 Corinthians	9	15	explicit-divine-subject:his→God	his→God	yes	his	Now thanks be to God for his unspeakable gift!	Now thanks be to God for his unspeakable gift!	editor-notes/consistency/divine-pronoun-triage-2026-09-12/2-corinthians.md
2 Corinthians 13:4	NT	2 Corinthians	13	4	explicit-divine-role:him→role-after-pronoun	him→role-after-pronoun	yes	he,him	For he was crucified through weakness, yet he lives through the power of God. For we also are weak in him, but we will live with him through the power of God toward you.	For he was crucified through weakness, yet he lives through the power of God. For we also are weak in him, but we will live with him through the power of God toward you.	editor-notes/consistency/divine-pronoun-triage-2026-09-12/2-corinthians.md
2 Kings 1:6	OT	2 Kings	1	6	explicit-divine-role:him→role-after-pronoun	him→role-after-pronoun	yes	him	They said to him, There came up a person to meet us, and said to us, Go, turn again to the king who sent you, and tell him, Thus says YHWH, Is it because there is no Elohim in Israel, that you send to inquire of Baal Zebub, the god of Ekron? therefore you shall not come down from the bed where you are gone up, but shall surely die.	They said to him, There came up a person to meet us, and said to us, Go, turn again to the king who sent you, and tell him, Thus says YHWH, Is it because there is no Elohim in Israel, that you send to inquire of Baal Zebub, the god of Ekron? therefore you shall not come down from the bed where you are gone up, but shall surely die.	editor-notes/consistency/divine-pronoun-triage-2026-09-12/2-kings.md
2 Kings 1:9	OT	2 Kings	1	9	explicit-divine-role:him→role-after-pronoun	him→role-after-pronoun	yes	he,He,him,his	Then [the king] sent to him a captain of fifty with his fifty. He went up to him: and behold, he was sitting on the top of the hill. He spoke to him, man of Elohim, the king has said, Come down.	Then [the king] sent to him a captain of fifty with his fifty. He went up to him: and behold, he was sitting on the top of the hill. He spoke to him, man of Elohim, the king has said, Come down.	editor-notes/consistency/divine-pronoun-triage-2026-09-12/2-kings.md
2 Kings 1:11	OT	2 Kings	1	11	explicit-divine-role:him→role-after-pronoun	him→role-after-pronoun	yes	he,He,him,his	Again he sent to him another captain of fifty and his fifty. He answered him, man of Elohim, thus has the king said, Come down quickly.	Again he sent to him another captain of fifty and his fifty. He answered him, man of Elohim, thus has the king said, Come down quickly.	editor-notes/consistency/divine-pronoun-triage-2026-09-12/2-kings.md
2 Kings 1:12	OT	2 Kings	1	12	explicit-divine-subject:his→Elohim	his→Elohim	yes	him,his	Eliyahu answered them, If I be a person of Elohim, let fire come down from the heavens, and consume you and your fifty. The fire of Elohim came down from the heavens, and consumed him and his fifty.	Eliyahu answered them, If I be a person of Elohim, let fire come down from the heavens, and consume you and your fifty. The fire of Elohim came down from the heavens, and consumed him and his fifty.	editor-notes/consistency/divine-pronoun-triage-2026-09-12/2-kings.md
2 Kings 1:13	OT	2 Kings	1	13	explicit-divine-role:him→role-after-pronoun	him→role-after-pronoun	yes	he,him,his	Again he sent the captain of a third fifty with his fifty. The third captain of fifty went up, and came and fell on his knees before Eliyahu, and begged him, and said to him, man of Elohim, please let my life, and the life of these fifty your servants, be precious in your sight.	Again he sent the captain of a third fifty with his fifty. The third captain of fifty went up, and came and fell on his knees before Eliyahu, and begged him, and said to him, man of Elohim, please let my life, and the life of these fifty your servants, be precious in your sight.	editor-notes/consistency/divine-pronoun-triage-2026-09-12/2-kings.md
2 Kings 1:15	OT	2 Kings	1	15	next-sentence-divine-subject:He→YHWH	He→YHWH	yes	He,him	The angel of YHWH said to Eliyahu, Go down with him: don't be afraid of him. He arose, and went down with him to the king.	The angel of YHWH said to Eliyahu, Go down with him: don't be afraid of him. He arose, and went down with him to the king.	editor-notes/consistency/divine-pronoun-triage-2026-09-12/2-kings.md
2 Kings 1:16	OT	2 Kings	1	16	explicit-divine-role:him→role-after-pronoun	him→role-after-pronoun	yes	He,him	He said to him, Thus says YHWH, Because you have sent messengers to inquire of Baal Zebub, the god of Ekron, is it because there is no Elohim in Israel to inquire of Elohim’s word? therefore you shall not come down from the bed where you are gone up, but shall surely die.	He said to him, Thus says YHWH, Because you have sent messengers to inquire of Baal Zebub, the god of Ekron, is it because there is no Elohim in Israel to inquire of Elohim’s word? therefore you shall not come down from the bed where you are gone up, but shall surely die.	editor-notes/consistency/divine-pronoun-triage-2026-09-12/2-kings.md
2 Kings 1:17	OT	2 Kings	1	17	divine-attribute:his→YHWH	his→YHWH	yes	he,his	So he died according to the word of YHWH which Eliyahu had spoken. Yoram began to reign in his place in the second year of Yoram the son of Yehoshafat king of Yehudah; because he had no son.	So he died according to the word of YHWH which Eliyahu had spoken. Yoram began to reign in his place in the second year of Yoram the son of Yehoshafat king of Yehudah; because he had no son.	editor-notes/consistency/divine-pronoun-triage-2026-09-12/2-kings.md
2 Kings 2:3	OT	2 Kings	2	3	explicit-divine-role:him→role-after-pronoun	him→role-after-pronoun	yes	He,him	"The sons of the prophets who were at Beit El came forth to Elisha, and said to him, ""Do you know that YHWH will take away your master from your head today?"" He said, ""Yes, I know it; hold your peace."""	"The sons of the prophets who were at Beit El came forth to Elisha, and said to him, ""Do you know that YHWH will take away your master from your head today?"" He said, ""Yes, I know it; hold your peace."""	editor-notes/consistency/divine-pronoun-triage-2026-09-12/2-kings.md
2 Kings 2:4	OT	2 Kings	2	4	next-sentence-divine-subject:He→YHWH, explicit-divine-role:him→role-after-pronoun	He→YHWH; him→role-after-pronoun	yes	He,him	Eliyahu said to him, Elisha, please wait here, for YHWH has sent me to Yericho. He said, As YHWH lives, and as your soul lives, I will not leave you. So they came to Yericho.	Eliyahu said to him, Elisha, please wait here, for YHWH has sent me to Yericho. He said, As YHWH lives, and as your soul lives, I will not leave you. So they came to Yericho.	editor-notes/consistency/divine-pronoun-triage-2026-09-12/2-kings.md
2 Kings 2:5	OT	2 Kings	2	5	explicit-divine-role:him→role-after-pronoun	him→role-after-pronoun	yes	He,him	"The sons of the prophets who were at Yericho came near to Elisha, and said to him, ""Do you know that YHWH will take away your master from your head today?"" He answered, ""Yes, I know it. Hold your peace."""	"The sons of the prophets who were at Yericho came near to Elisha, and said to him, ""Do you know that YHWH will take away your master from your head today?"" He answered, ""Yes, I know it. Hold your peace."""	editor-notes/consistency/divine-pronoun-triage-2026-09-12/2-kings.md
2 Kings 2:6	OT	2 Kings	2	6	explicit-divine-role:him→role-after-pronoun	him→role-after-pronoun	yes	He,him	"Eliyahu said to him, ""Please wait here, for YHWH has sent me to the Yarden."" He said, ""As YHWH lives, and as your soul lives, I will not leave you."" They two went on."	"Eliyahu said to him, ""Please wait here, for YHWH has sent me to the Yarden."" He said, ""As YHWH lives, and as your soul lives, I will not leave you."" They two went on."	editor-notes/consistency/divine-pronoun-triage-2026-09-12/2-kings.md
2 Kings 2:14	OT	2 Kings	2	14	explicit-divine-role:him→role-after-pronoun	him→role-after-pronoun	yes	he,He,him	He took the mantle of Eliyahu that fell from him, and struck the waters, and said, Where is YHWH, the God of Eliyahu? and when he also had struck the waters, they were divided here and there; and Elisha went over.	He took the mantle of Eliyahu that fell from him, and struck the waters, and said, Where is YHWH, the God of Eliyahu? and when he also had struck the waters, they were divided here and there; and Elisha went over.	editor-notes/consistency/divine-pronoun-triage-2026-09-12/2-kings.md
2 Kings 2:16	OT	2 Kings	2	16	next-sentence-divine-subject:He→YHWH	He→YHWH	yes	He,him	They said to him, See now, there are with your servants fifty strong men; let them go, we pray you, and seek your master, lest the Ruach of YHWH has taken him up, and cast him on some mountain, or into some valley. He said, You shall not send.	They said to him, See now, there are with your servants fifty strong men; let them go, we pray you, and seek your master, lest the Ruach of YHWH has taken him up, and cast him on some mountain, or into some valley. He said, You shall not send.	editor-notes/consistency/divine-pronoun-triage-2026-09-12/2-kings.md
2 Kings 3:13	OT	2 Kings	3	13	explicit-divine-role:him→role-after-pronoun	him→role-after-pronoun	yes	him	Elisha said to the king of Israel, What have I to do with you? get you to the prophets of your father, and to the prophets of your mother. The king of Israel said to him, No; for YHWH has called these three kings together to deliver them into the hand of Moab.	Elisha said to the king of Israel, What have I to do with you? get you to the prophets of your father, and to the prophets of your mother. The king of Israel said to him, No; for YHWH has called these three kings together to deliver them into the hand of Moab.	editor-notes/consistency/divine-pronoun-triage-2026-09-12/2-kings.md
2 Kings 4:7	OT	2 Kings	4	7	next-sentence-divine-subject:He→Elohim	He→Elohim	yes	He	Then she came and told the person of Elohim. He said, Go, sell the oil, and pay your debt, and live you and your sons of the rest.	Then she came and told the person of Elohim. He said, Go, sell the oil, and pay your debt, and live you and your sons of the rest.	editor-notes/consistency/divine-pronoun-triage-2026-09-12/2-kings.md
2 Kings 4:21	OT	2 Kings	4	21	explicit-divine-role:him→role-after-pronoun	him→role-after-pronoun	yes	him	She went up and laid him on the bed of the person of Elohim, and shut [the door] on him, and went out.	She went up and laid him on the bed of the person of Elohim, and shut [the door] on him, and went out.	editor-notes/consistency/divine-pronoun-triage-2026-09-12/2-kings.md
2 Kings 4:30	OT	2 Kings	4	30	next-sentence-divine-subject:He→YHWH	He→YHWH	yes	He	The mother of the child said, As YHWH lives, and as your soul lives, I will not leave you. He arose, and followed her.	The mother of the child said, As YHWH lives, and as your soul lives, I will not leave you. He arose, and followed her.	editor-notes/consistency/divine-pronoun-triage-2026-09-12/2-kings.md
2 Kings 4:42	OT	2 Kings	4	42	next-sentence-divine-subject:He→Elohim	He→Elohim	yes	He	There came a person from Baal Shalishah, and brought the person of Elohim bread of the first fruits, twenty loaves of barley, and fresh ears of grain in their sack. He said, Give to the people, that they may eat.	There came a person from Baal Shalishah, and brought the person of Elohim bread of the first fruits, twenty loaves of barley, and fresh ears of grain in their sack. He said, Give to the people, that they may eat.	editor-notes/consistency/divine-pronoun-triage-2026-09-12/2-kings.md
2 Kings 5:1	OT	2 Kings	5	1	explicit-divine-role:him→role-after-pronoun	him→role-after-pronoun	yes	he,him,his	Now Naaman, captain of the army of the king of Aram, was a great man with his master, and honorable, because by him YHWH had given victory to Aram: he was also a mighty man of valor, [but he was] a leper.	Now Naaman, captain of the army of the king of Aram, was a great man with his master, and honorable, because by him YHWH had given victory to Aram: he was also a mighty man of valor, [but he was] a leper.	editor-notes/consistency/divine-pronoun-triage-2026-09-12/2-kings.md
2 Kings 5:11	OT	2 Kings	5	11	divine-attribute:his→God	his→God	yes	He,his	But Naaman was angry, and went away, and said, Behold, I thought, He will surely come out to me, and stand, and call on the name of YHWH his God, and wave his hand over the place, and recover the leper.	But Naaman was angry, and went away, and said, Behold, I thought, He will surely come out to me, and stand, and call on the name of YHWH his God, and wave his hand over the place, and recover the leper.	editor-notes/consistency/divine-pronoun-triage-2026-09-12/2-kings.md
2 Kings 5:14	OT	2 Kings	5	14	explicit-divine-subject:his→Elohim	his→Elohim	yes	he,his	Then went they down, and dipped [themselves] seven times in the Yarden, according to the saying of the person of Elohim; and his flesh came again like the flesh of a little child, and he was clean.	Then went they down, and dipped [themselves] seven times in the Yarden, according to the saying of the person of Elohim; and his flesh came again like the flesh of a little child, and he was clean.	editor-notes/consistency/divine-pronoun-triage-2026-09-12/2-kings.md
2 Kings 5:15	OT	2 Kings	5	15	explicit-divine-subject:he→Elohim	he→Elohim	yes	he,him	They returned to the person of Elohim, they and all their company, and came, and stood before him; and he said, See now, I know that there is no Elohim in all the earth, but in Israel: now therefore, please take a present from your servant.	They returned to the person of Elohim, they and all their company, and came, and stood before him; and he said, See now, I know that there is no Elohim in all the earth, but in Israel: now therefore, please take a present from your servant.	editor-notes/consistency/divine-pronoun-triage-2026-09-12/2-kings.md
2 Kings 5:16	OT	2 Kings	5	16	next-sentence-divine-subject:He→YHWH	He→YHWH	yes	he,He,him	But he said, As YHWH lives, before whom I stand, I will receive none. He urged him to take it; but he refused.	But he said, As YHWH lives, before whom I stand, I will receive none. He urged him to take it; but he refused.	editor-notes/consistency/divine-pronoun-triage-2026-09-12/2-kings.md
2 Kings 6:10	OT	2 Kings	6	10	explicit-divine-subject:he→Elohim	he→Elohim	yes	he,him,himself	The king of Israel sent to the place which the person of Elohim told him and warned him of; and he saved himself there, not once nor twice.	The king of Israel sent to the place which the person of Elohim told him and warned him of; and he saved himself there, not once nor twice.	editor-notes/consistency/divine-pronoun-triage-2026-09-12/2-kings.md
2 Kings 6:15	OT	2 Kings	6	15	next-sentence-divine-subject:His→Elohim	His→Elohim	yes	him,His	When the servant of the person of Elohim was risen early, and gone forth, behold, an army with horses and chariots was round about the city. His servant said to him, Alas, my master! how shall we do?	When the servant of the person of Elohim was risen early, and gone forth, behold, an army with horses and chariots was round about the city. His servant said to him, Alas, my master! how shall we do?	editor-notes/consistency/divine-pronoun-triage-2026-09-12/2-kings.md
2 Kings 6:17	OT	2 Kings	6	17	divine-attribute:his→YHWH, explicit-divine-subject:he→YHWH	his→YHWH; he→YHWH	yes	he,his	Elisha prayed, and said, YHWH, Please open his eyes, that he may see. YHWH opened the eyes of the young person; and he saw: and behold, the mountain was full of horses and chariots of fire round about Elisha.	Elisha prayed, and said, YHWH, Please open his eyes, that he may see. YHWH opened the eyes of the young person; and he saw: and behold, the mountain was full of horses and chariots of fire round about Elisha.	editor-notes/consistency/divine-pronoun-triage-2026-09-12/2-kings.md
2 Kings 6:18	OT	2 Kings	6	18	explicit-divine-role:him→role-after-pronoun	him→role-after-pronoun	yes	He,him	When they came down to him, Elisha prayed to YHWH, and said, Please smite this people with blindness. He struck them with blindness according to the word of Elisha.	When they came down to him, Elisha prayed to YHWH, and said, Please smite this people with blindness. He struck them with blindness according to the word of Elisha.	editor-notes/consistency/divine-pronoun-triage-2026-09-12/2-kings.md
2 Kings 6:33	OT	2 Kings	6	33	explicit-divine-role:him→role-after-pronoun	him→role-after-pronoun	yes	he,him	While he was yet talking with them, behold, the messenger came down to him: and he said, Behold, this trouble is of YHWH; why should I wait for YHWH any longer?	While he was yet talking with them, behold, the messenger came down to him: and he said, Behold, this trouble is of YHWH; why should I wait for YHWH any longer?	editor-notes/consistency/divine-pronoun-triage-2026-09-12/2-kings.md
2 Kings 7:2	OT	2 Kings	7	2	next-sentence-divine-subject:He→Elohim	He→Elohim	yes	He	Then the captain on whose hand the king leaned answered the person of Elohim, and said, Behold, if YHWH should make windows in heavens, might this thing be? He said, Behold, you shall see it with your eyes, but shall not eat of it.	Then the captain on whose hand the king leaned answered the person of Elohim, and said, Behold, if YHWH should make windows in heavens, might this thing be? He said, Behold, you shall see it with your eyes, but shall not eat of it.	editor-notes/consistency/divine-pronoun-triage-2026-09-12/2-kings.md
2 Kings 7:17	OT	2 Kings	7	17	explicit-divine-role:him→role-after-pronoun	him→role-after-pronoun	yes	him	The king appointed the captain on whose hand they leaned to have the charge of the gate: and the people trod on him in the gate, and they died as the person of Elohim had said, who spoke when the king came down to him.	The king appointed the captain on whose hand they leaned to have the charge of the gate: and the people trod on him in the gate, and they died as the person of Elohim had said, who spoke when the king came down to him.	editor-notes/consistency/divine-pronoun-triage-2026-09-12/2-kings.md
2 Kings 8:7	OT	2 Kings	8	7	explicit-divine-role:him→role-after-pronoun	him→role-after-pronoun	yes	him	Elisha came to Dammeseq; and Benhadad the king of Aram was sick; and it was told him, saying, The person of Elohim is come here.	Elisha came to Dammeseq; and Benhadad the king of Aram was sick; and it was told him, saying, The person of Elohim is come here.	editor-notes/consistency/divine-pronoun-triage-2026-09-12/2-kings.md
2 Kings 8:10	OT	2 Kings	8	10	explicit-divine-subject:he→YHWH, explicit-divine-role:him→role-after-pronoun	he→YHWH; him→role-after-pronoun	yes	he,him	Elisha said to him, Go, tell him, You shall surely recover; however YHWH has shown me that he shall surely die.	Elisha said to him, Go, tell him, You shall surely recover; however YHWH has shown me that he shall surely die.	editor-notes/consistency/divine-pronoun-triage-2026-09-12/2-kings.md
2 Kings 8:27	OT	2 Kings	8	27	explicit-divine-subject:he→YHWH	he→YHWH	yes	he,He	He walked in the way of the house of Achav, and did what was broken in the sight of YHWH, as did the house of Achav; for he was the son-in-law of the house of Achav.	He walked in the way of the house of Achav, and did what was broken in the sight of YHWH, as did the house of Achav; for he was the son-in-law of the house of Achav.	editor-notes/consistency/divine-pronoun-triage-2026-09-12/2-kings.md
2 Kings 9:6	OT	2 Kings	9	6	explicit-divine-role:him→role-after-pronoun	him→role-after-pronoun	yes	he,He,him,his	He arose, and went into the house; and he poured the oil on his head, and said to him, Thus says YHWH, the God of Israel, I have anointed you king over the people of YHWH, even over Israel.	He arose, and went into the house; and he poured the oil on his head, and said to him, Thus says YHWH, the God of Israel, I have anointed you king over the people of YHWH, even over Israel.	editor-notes/consistency/divine-pronoun-triage-2026-09-12/2-kings.md
2 Kings 10:17	OT	2 Kings	10	17	explicit-divine-role:him→role-after-pronoun	him→role-after-pronoun	yes	he,him	When he came to Shomron, he struck all who remained to Achav in Shomron, until he had destroyed him, according to the word of YHWH, which YHWH spoke to Eliyahu.	When he came to Shomron, he struck all who remained to Achav in Shomron, until he had destroyed him, according to the word of YHWH, which YHWH spoke to Eliyahu.	editor-notes/consistency/divine-pronoun-triage-2026-09-12/2-kings.md
2 Kings 11:4	OT	2 Kings	11	4	explicit-divine-subject:he→YHWH, explicit-divine-role:him→role-after-pronoun	he→YHWH; him→role-after-pronoun	yes	he,him	In the seventh year Yehoyada sent and fetched the captains over hundreds of the Carites and of the guard, and brought them to him into the house of YHWH; and he made a covenant with them, and took an oath of them in the house of YHWH, and shown them the king's son.	In the seventh year Yehoyada sent and fetched the captains over hundreds of the Carites and of the guard, and brought them to him into the house of YHWH; and he made a covenant with them, and took an oath of them in the house of YHWH, and shown them the king's son.	editor-notes/consistency/divine-pronoun-triage-2026-09-12/2-kings.md
2 Kings 13:3	OT	2 Kings	13	3	explicit-divine-subject:he→YHWH	he→YHWH	yes	he	The anger of YHWH was kindled against Israel, and he delivered them into the hand of Hazael king of Aram, and into the hand of Benhadad the son of Hazael, continually.	The anger of YHWH was kindled against Israel, and he delivered them into the hand of Hazael king of Aram, and into the hand of Benhadad the son of Hazael, continually.	editor-notes/consistency/divine-pronoun-triage-2026-09-12/2-kings.md
2 Kings 13:4	OT	2 Kings	13	4	explicit-divine-subject:he→YHWH	he→YHWH	yes	he,him	Jehoahaz begged YHWH, and YHWH listened to him; for he saw the oppression of Israel, how that the king of Aram oppressed them.	Jehoahaz begged YHWH, and YHWH listened to him; for he saw the oppression of Israel, how that the king of Aram oppressed them.	editor-notes/consistency/divine-pronoun-triage-2026-09-12/2-kings.md
2 Kings 13:11	OT	2 Kings	13	11	explicit-divine-subject:he→YHWH	he→YHWH	yes	he,He	He did what was broken in the sight of YHWH; he didn't depart from all the sins of Yerovam the son of Nebat, with which he made Israel to sin; but he walked therein.	He did what was broken in the sight of YHWH; he didn't depart from all the sins of Yerovam the son of Nebat, with which he made Israel to sin; but he walked therein.	editor-notes/consistency/divine-pronoun-triage-2026-09-12/2-kings.md
2 Kings 15:3	OT	2 Kings	15	3	explicit-divine-subject:his→YHWH	his→YHWH	yes	He,his	He did that which was right in the eyes of YHWH, according to all that his father Amaziah had done.	He did that which was right in the eyes of YHWH, according to all that his father Amaziah had done.	editor-notes/consistency/divine-pronoun-triage-2026-09-12/2-kings.md
2 Kings 15:34	OT	2 Kings	15	34	explicit-divine-subject:he→YHWH	he→YHWH	yes	he,He,his	He did that which was right in the eyes of YHWH; he did according to all that his father Uzziyah had done.	He did that which was right in the eyes of YHWH; he did according to all that his father Uzziyah had done.	editor-notes/consistency/divine-pronoun-triage-2026-09-12/2-kings.md
2 Kings 16:14	OT	2 Kings	16	14	explicit-divine-subject:he→YHWH	he→YHWH	yes	he,his	The bronze altar, which was before YHWH, he brought from the forefront of the house, from between his altar and the house of YHWH, and put it on the north side of his altar.	The bronze altar, which was before YHWH, he brought from the forefront of the house, from between his altar and the house of YHWH, and put it on the north side of his altar.	editor-notes/consistency/divine-pronoun-triage-2026-09-12/2-kings.md
2 Kings 17:17	OT	2 Kings	17	17	devotion-object:him→YHWH	him→YHWH	yes	him	They caused their sons and their daughters to pass through the fire, and used divination and enchantments, and sold themselves to do what was broken in the sight of YHWH, to provoke him to anger.	They caused their sons and their daughters to pass through the fire, and used divination and enchantments, and sold themselves to do what was broken in the sight of YHWH, to provoke him to anger.	editor-notes/consistency/divine-pronoun-triage-2026-09-12/2-kings.md
2 Kings 17:23	OT	2 Kings	17	23	divine-attribute:his→YHWH	his→YHWH	yes	he,his	until YHWH removed Israel out of his sight, as he spoke by all his servants the prophets. So Israel was carried away out of their own land to Ashur to this day.	until YHWH removed Israel out of his sight, as he spoke by all his servants the prophets. So Israel was carried away out of their own land to Ashur to this day.	editor-notes/consistency/divine-pronoun-triage-2026-09-12/2-kings.md
2 Kings 18:6	OT	2 Kings	18	6	explicit-divine-subject:he→YHWH	he→YHWH	yes	he	For he joined with YHWH; he didn't depart from following YHWH, but kept YHWH’s commandments, which YHWH commanded Moshe.	For he joined with YHWH; he didn't depart from following YHWH, but kept YHWH’s commandments, which YHWH commanded Moshe.	editor-notes/consistency/divine-pronoun-triage-2026-09-12/2-kings.md
2 Kings 18:7	OT	2 Kings	18	7	explicit-divine-subject:he→YHWH	he→YHWH	yes	he,him	YHWH was with him; wherever he went forth he prospered: and he rebelled against the king of Ashur, and didn't serve him.	YHWH was with him; wherever he went forth he prospered: and he rebelled against the king of Ashur, and didn't serve him.	editor-notes/consistency/divine-pronoun-triage-2026-09-12/2-kings.md
2 Kings 19:16	OT	2 Kings	19	16	explicit-divine-role:him→role-after-pronoun	him→role-after-pronoun	yes	he,him	Incline your ear, YHWH, and hear; open your eyes, YHWH, and see; and hear the words of Sennacherib, with which he has sent him to defy the living Elohim.	Incline your ear, YHWH, and hear; open your eyes, YHWH, and see; and hear the words of Sennacherib, with which he has sent him to defy the living Elohim.	editor-notes/consistency/divine-pronoun-triage-2026-09-12/2-kings.md
2 Kings 19:19	OT	2 Kings	19	19	divine-attribute:his→God	his→God	yes	his	Now therefore, YHWH our God, save you us, I beg you, out of his hand, that all the kingdoms of the earth may know that you YHWH are Elohim alone.	Now therefore, YHWH our God, save you us, I beg you, out of his hand, that all the kingdoms of the earth may know that you YHWH are Elohim alone.	editor-notes/consistency/divine-pronoun-triage-2026-09-12/2-kings.md
2 Kings 20:1	OT	2 Kings	20	1	explicit-divine-role:him→role-after-pronoun	him→role-after-pronoun	yes	him	In those days was Chizkiyahu sick to death. Yeshayahu the prophet the son of Amoz came to him, and said to him, Thus says YHWH, Set your house in order: for you shall die, and not live.	In those days was Chizkiyahu sick to death. Yeshayahu the prophet the son of Amoz came to him, and said to him, Thus says YHWH, Set your house in order: for you shall die, and not live.	editor-notes/consistency/divine-pronoun-triage-2026-09-12/2-kings.md
2 Kings 20:11	OT	2 Kings	20	11	explicit-divine-subject:he→YHWH	he→YHWH	yes	he	Yeshayahu the prophet cried to YHWH; and he brought the shadow ten steps backward, by which it had gone down on the dial of Achaz.	Yeshayahu the prophet cried to YHWH; and he brought the shadow ten steps backward, by which it had gone down on the dial of Achaz.	editor-notes/consistency/divine-pronoun-triage-2026-09-12/2-kings.md
2 Kings 20:19	OT	2 Kings	20	19	next-sentence-divine-subject:He→YHWH	He→YHWH	yes	He	Then said Chizkiyahu to Yeshayahu, Good is the word of YHWH which you have spoken. He said moreover, Isn't it so, if peace and truth shall be in my days?	Then said Chizkiyahu to Yeshayahu, Good is the word of YHWH which you have spoken. He said moreover, Isn't it so, if peace and truth shall be in my days?	editor-notes/consistency/divine-pronoun-triage-2026-09-12/2-kings.md
2 Kings 21:6	OT	2 Kings	21	6	devotion-object:him→YHWH	him→YHWH	yes	he,He,him,his	He made his son to pass through the fire, and practiced sorcery, and used enchantments, and dealt with those who had familiar spirits, and with wizards: he did much wrong in the sight of YHWH, to provoke him to anger.	He made his son to pass through the fire, and practiced sorcery, and used enchantments, and dealt with those who had familiar spirits, and with wizards: he worked much brokenness in the sight of YHWH, to provoke him to anger.	editor-notes/consistency/divine-pronoun-triage-2026-09-12/2-kings.md
2 Kings 22:18	OT	2 Kings	22	18	explicit-divine-role:him→role-after-pronoun	him→role-after-pronoun	yes	him	But to the king of Yehudah, who sent you to inquire of YHWH, thus shall you tell him, Thus says YHWH, the God of Israel: As touching the words which you have heard,	But to the king of Yehudah, who sent you to inquire of YHWH, thus shall you tell him, Thus says YHWH, the God of Israel: As touching the words which you have heard,	editor-notes/consistency/divine-pronoun-triage-2026-09-12/2-kings.md
2 Kings 23:4	OT	2 Kings	23	4	explicit-divine-subject:he→YHWH	he→YHWH	yes	he	The king commanded Hilkiah the high priest, and the priests of the second order, and the keepers of the threshold, to bring forth out of the temple of YHWH all the vessels that were made for Baal, and for the Asherah, and for all the army of the heavens, and he burned them outside of Yerushalayim in the fields of the Kidron, and carried the ashes of them to Beit El.	The king commanded Hilkiah the high priest, and the priests of the second order, and the keepers of the threshold, to bring forth out of the temple of YHWH all the vessels that were made for Baal, and for the Asherah, and for all the army of the heavens, and he burned them outside of Yerushalayim in the fields of the Kidron, and carried the ashes of them to Beit El.	editor-notes/consistency/divine-pronoun-triage-2026-09-12/2-kings.md
2 Kings 23:11	OT	2 Kings	23	11	explicit-divine-subject:he→YHWH	he→YHWH	yes	he,He	He took away the horses that the kings of Yehudah had given to the sun, at the entrance of the house of YHWH, by the chamber of Natan Melech the officer, who was in the court; and he burned the chariots of the sun with fire.	He took away the horses that the kings of Yehudah had given to the sun, at the entrance of the house of YHWH, by the chamber of Natan Melech the officer, who was in the court; and he burned the chariots of the sun with fire.	editor-notes/consistency/divine-pronoun-triage-2026-09-12/2-kings.md
2 Kings 23:17	OT	2 Kings	23	17	explicit-divine-role:him→role-after-pronoun	him→role-after-pronoun	yes	he,him	Then he said, What monument is that which I see? The men of the city told him, It is the tomb of the person of Elohim, who came from Yehudah, and proclaimed these things that you have done against the altar of Beit El.	Then he said, What monument is that which I see? The men of the city told him, It is the tomb of the person of Elohim, who came from Yehudah, and proclaimed these things that you have done against the altar of Beit El.	editor-notes/consistency/divine-pronoun-triage-2026-09-12/2-kings.md
2 Kings 23:19	OT	2 Kings	23	19	explicit-divine-subject:he→YHWH	he→YHWH	yes	he	All the houses also of the high places that were in the cities of Shomron, which the kings of Israel had made to provoke [YHWH] to anger, Yoshiyahu took away, and did to them according to all the acts that he had done in Beit El.	All the houses also of the high places that were in the cities of Shomron, which the kings of Israel had made to provoke [YHWH] to anger, Yoshiyahu took away, and did to them according to all the acts that he had done in Beit El.	editor-notes/consistency/divine-pronoun-triage-2026-09-12/2-kings.md
2 Kings 23:25	OT	2 Kings	23	25	divine-attribute:his→YHWH, explicit-divine-role:him→role-after-pronoun	his→YHWH; him→role-after-pronoun	yes	him,his	Like him was there no king before him, who turned to YHWH with all his heart, and with all his soul, and with all his might, according to all the law of Moshe; neither after him arose there any like him.	Like him was there no king before him, who turned to YHWH with all his heart, and with all his soul, and with all his might, according to all the law of Moshe; neither after him arose there any like him.	editor-notes/consistency/divine-pronoun-triage-2026-09-12/2-kings.md
2 Kings 23:32	OT	2 Kings	23	32	explicit-divine-subject:his→YHWH	his→YHWH	yes	He,his	He did what was broken in the sight of YHWH, according to all that his fathers had done.	He did what was broken in the sight of YHWH, according to all that his fathers had done.	editor-notes/consistency/divine-pronoun-triage-2026-09-12/2-kings.md
2 Kings 23:37	OT	2 Kings	23	37	explicit-divine-subject:his→YHWH	his→YHWH	yes	He,his	He did what was broken in the sight of YHWH, according to all that his fathers had done.	He did what was broken in the sight of YHWH, according to all that his fathers had done.	editor-notes/consistency/divine-pronoun-triage-2026-09-12/2-kings.md
2 Kings 24:3	OT	2 Kings	24	3	explicit-divine-subject:he→YHWH	he→YHWH	yes	he,his	Surely at the commandment of YHWH came this on Yehudah, to remove them out of his sight, for the sins of Menashe, according to all that he did,	Surely at the commandment of YHWH came this on Yehudah, to remove them out of his sight, for the sins of Menashe, according to all that he did,	editor-notes/consistency/divine-pronoun-triage-2026-09-12/2-kings.md
2 Kings 24:9	OT	2 Kings	24	9	explicit-divine-subject:his→YHWH	his→YHWH	yes	He,his	He did what was broken in the sight of YHWH, according to all that his father had done.	He did what was broken in the sight of YHWH, according to all that his father had done.	editor-notes/consistency/divine-pronoun-triage-2026-09-12/2-kings.md
2 Thessalonians 1:12	NT	2 Thessalonians	1	12	explicit-divine-role:him→role-after-pronoun	him→role-after-pronoun	yes	him	that the name of our Master Yeshua may be glorified in you, and you in him, according to the grace of our God and Master Yeshua the Messiah.	that the name of our Master Yeshua may be glorified in you, and you in him, according to the grace of our God and Master Yeshua the Messiah.	editor-notes/consistency/divine-pronoun-triage-2026-09-12/2-thessalonians.md
2 Thessalonians 2:4	NT	2 Thessalonians	2	4	explicit-divine-subject:he→God	he→God	yes	he,himself	the one who opposes and exalts themselves against all that is called God or that is worshiped; so that he sits as God in the temple of God, setting himself up as God.	the one who opposes and exalts themselves against all that is called God or that is worshiped; so that he sits as God in the temple of God, setting himself up as God.	editor-notes/consistency/divine-pronoun-triage-2026-09-12/2-thessalonians.md
2 Timothy 2:25	NT	2 Timothy	2	25	explicit-divine-role:him→role-after-pronoun	him→role-after-pronoun	yes	him	in gentleness correcting those who oppose him: perhaps God may give them turning back leading to a full knowledge of the truth,	in gentleness correcting those who oppose him: perhaps God may give them turning back leading to a full knowledge of the truth,	editor-notes/consistency/divine-pronoun-triage-2026-09-12/2-timothy.md
Amos 1:11	OT	Amos	1	11	explicit-divine-subject:he→YHWH	he→YHWH	yes	he,his	"Thus says YHWH: ""For three transgressions of Edom, yes, for four, I will not turn away its punishment; because he pursued his brother with the sword, and cast off all pity, and his anger raged continually, and he kept his wrath forever;"	"Thus says YHWH: ""For three transgressions of Edom, yes, for four, I will not turn away its punishment; because he pursued his brother with the sword, and cast off all pity, and his anger raged continually, and he kept his wrath forever;"	editor-notes/consistency/divine-pronoun-triage-2026-09-12/amos.md
Amos 2:1	OT	Amos	2	1	explicit-divine-subject:he→YHWH	he→YHWH	yes	he	"Thus says YHWH: ""For three transgressions of Moab, yes, for four, I will not turn away its punishment; because he burned the bones of the king of Edom into lime;"	"Thus says YHWH: ""For three transgressions of Moab, yes, for four, I will not turn away its punishment; because he burned the bones of the king of Edom into lime;"	editor-notes/consistency/divine-pronoun-triage-2026-09-12/amos.md
Amos 2:3	OT	Amos	2	3	explicit-divine-role:him→role-after-pronoun	him→role-after-pronoun	yes	him	"and I will cut off the judge from their midst, and will kill all its princes with him,"" says YHWH."	"and I will cut off the judge from their midst, and will kill all its princes with him,"" says YHWH."	editor-notes/consistency/divine-pronoun-triage-2026-09-12/amos.md
Amos 3:11	OT	Amos	3	11	explicit-divine-subject:he→YHWH	he→YHWH	yes	he	"Therefore thus says YHWH God: ""An adversary will overrun the land; and he will pull down your strongholds, and your fortresses will be plundered."""	"Therefore thus says YHWH God: ""An adversary will overrun the land; and he will pull down your strongholds, and your fortresses will be plundered."""	editor-notes/consistency/divine-pronoun-triage-2026-09-12/amos.md
Amos 7:1	OT	Amos	7	1	explicit-divine-subject:he→YHWH	he→YHWH	yes	he	Thus YHWH God showed me: and behold, he formed locusts in the beginning of the shooting up of the latter growth; and behold, it was the latter growth after the king's harvest.	Thus YHWH God showed me: and behold, he formed locusts in the beginning of the shooting up of the latter growth; and behold, it was the latter growth after the king's harvest.	editor-notes/consistency/divine-pronoun-triage-2026-09-12/amos.md
Colossians 2:12	NT	Colossians	2	12	explicit-divine-role:him→role-after-pronoun	him→role-after-pronoun	yes	him	having been buried with him in immersion, in which you were also raised with him through faith in the working of God, who raised him from the dead.	having been buried with him in immersion, in which you were also raised with him through faith in the working of God, who raised him from the dead.	editor-notes/consistency/divine-pronoun-triage-2026-09-12/colossians.md
Daniel 1:2	OT	Daniel	1	2	explicit-divine-subject:he→god	he→god	yes	he,his	YHWH gave Jehoiakim king of Yehudah into his hand, with part of the vessels of the house of Elohim; and he carried them into the land of Shinar to the house of his god: and he brought the vessels into the treasure house of his god.	YHWH gave Jehoiakim king of Yehudah into his hand, with part of the vessels of the house of Elohim; and he carried them into the land of Shinar to the house of his god: and he brought the vessels into the treasure house of his god.	editor-notes/consistency/divine-pronoun-triage-2026-09-12/daniel.md
Daniel 2:18	OT	Daniel	2	18	explicit-divine-subject:his→God	his→God	yes	his	that they would desire mercies of the God of heaven concerning this secret; that Dani'el and his companions should not perish with the rest of the wise people of Bavel.	that they would desire mercies of the God of heaven concerning this secret; that Dani'el and his companions should not perish with the rest of the wise people of Bavel.	editor-notes/consistency/divine-pronoun-triage-2026-09-12/daniel.md
Daniel 3:17	OT	Daniel	3	17	explicit-divine-subject:he→God	he→God	yes	he	If it be [so], our God whom we serve is able to deliver us from the burning fiery furnace; and he will deliver us out of your hand, O king.	If it be [so], our God whom we serve is able to deliver us from the burning fiery furnace; and he will deliver us out of your hand, O king.	editor-notes/consistency/divine-pronoun-triage-2026-09-12/daniel.md
Daniel 5:23	OT	Daniel	5	23	divine-attribute:his→YHWH	his→YHWH	yes	his	but have lifted up yourself against YHWH of heaven; and they have brought the vessels of his house before you, and you and your lords, your wives and your concubines, have drunk wine from them; and you have praised the gods of silver and gold, of brass, iron, wood, and stone, which don't see, nor hear, nor know; and the Elohim in whose hand your breath is, and whose are all your ways, you have not glorified.	but have lifted up yourself against YHWH of heaven; and they have brought the vessels of his house before you, and you and your lords, your wives and your concubines, have drunk wine from them; and you have praised the gods of silver and gold, of brass, iron, wood, and stone, which don't see, nor hear, nor know; and the Elohim in whose hand your breath is, and whose are all your ways, you have not glorified.	editor-notes/consistency/divine-pronoun-triage-2026-09-12/daniel.md
Daniel 6:5	OT	Daniel	6	5	explicit-divine-role:him→role-after-pronoun	him→role-after-pronoun	yes	him,his	Then said these men, We shall not find any occasion against this Dani'el, except we find it against him concerning the law of his God.	Then said these men, We shall not find any occasion against this Dani'el, except we find it against him concerning the law of his God.	editor-notes/consistency/divine-pronoun-triage-2026-09-12/daniel.md
Daniel 6:23	OT	Daniel	6	23	explicit-divine-role:him→role-after-pronoun	him→role-after-pronoun	yes	he,him,his	Then was the king exceeding glad, and commanded that they should take Dani'el up out of the den. So Dani'el was taken up out of the den, and no manner of hurt was found on him, because he had trusted in his God.	Then was the king exceeding glad, and commanded that they should take Dani'el up out of the den. So Dani'el was taken up out of the den, and no manner of hurt was found on him, because he had trusted in his God.	editor-notes/consistency/divine-pronoun-triage-2026-09-12/daniel.md
Daniel 7:25	OT	Daniel	7	25	divine-attribute:his→Most High, explicit-divine-subject:he→Most High	his→Most High; he→Most High	yes	he,He,his	He shall speak words against the Most High, and shall wear out the saints of the Most High; and he shall think to change the times and the law; and they shall be given into his hand until a time and times and half a time.	He shall speak words against the Most High, and shall wear out the saints of the Most High; and he shall think to change the times and the law; and they shall be given into his hand until a time and times and half a time.	editor-notes/consistency/divine-pronoun-triage-2026-09-12/daniel.md
Daniel 7:27	OT	Daniel	7	27	devotion-object:him→Most High	him→Most High	yes	him,his	The kingdom and the dominion, and the greatness of the kingdoms under the whole sky, shall be given to the people of the saints of the Most High: his kingdom is an everlasting kingdom, and all dominions shall serve and obey him.	The kingdom and the dominion, and the greatness of the kingdoms under the whole sky, shall be given to the people of the saints of the Most High: his kingdom is an everlasting kingdom, and all dominions shall serve and obey him.	editor-notes/consistency/divine-pronoun-triage-2026-09-12/daniel.md
Daniel 9:10	OT	Daniel	9	10	divine-attribute:his→God, divine-attribute:his→God	his→God; his→God	yes	he,his	neither have we obeyed the voice of YHWH our God, to walk in his laws, which he set before us by his servants the prophets.	neither have we obeyed the voice of YHWH our God, to walk in his laws, which he set before us by his servants the prophets.	editor-notes/consistency/divine-pronoun-triage-2026-09-12/daniel.md
Daniel 11:36	OT	Daniel	11	36	explicit-divine-subject:he→god	he→god	yes	he,himself,his	The king shall do according to his will; and he shall exalt himself, and magnify himself above every god, and shall speak marvelous things against the God of gods; and he shall prosper until the indignation be accomplished; for that which is determined shall be done.	The king shall do according to his will; and he shall exalt himself, and magnify himself above every god, and shall speak marvelous things against the God of gods; and he shall prosper until the indignation be accomplished; for that which is determined shall be done.	editor-notes/consistency/divine-pronoun-triage-2026-09-12/daniel.md
Deuteronomy 2:9	OT	Deuteronomy	2	9	divine-attribute:his→YHWH	his→YHWH	yes	his	YHWH said to me, Don't bother Moab, neither contend with them in battle; for I will not give you of his land for a possession; because I have given Ar to the children of Lot for a possession.	YHWH said to me, Don't bother Moab, neither contend with them in battle; for I will not give you of his land for a possession; because I have given Ar to the children of Lot for a possession.	editor-notes/consistency/divine-pronoun-triage-2026-09-12/deuteronomy.md
Deuteronomy 2:30	OT	Deuteronomy	2	30	divine-attribute:his→God, explicit-divine-subject:he→YHWH, explicit-divine-role:him→role-after-pronoun	his→God; he→YHWH; him→role-after-pronoun	yes	he,him,his	But Sihon king of Heshbon would not let us pass by him; for YHWH your God hardened his spirit, and made his heart obstinate, that he might deliver him into your hand, as at this day.	But Sihon king of Heshbon would not let us pass by him; for YHWH your God hardened his spirit, and made his heart obstinate, that he might deliver him into your hand, as at this day.	editor-notes/consistency/divine-pronoun-triage-2026-09-12/deuteronomy.md
Deuteronomy 2:31	OT	Deuteronomy	2	31	divine-attribute:his→YHWH, divine-attribute:his→YHWH	his→YHWH; his→YHWH	yes	his	YHWH said to me, Behold, I have begun to deliver up Sihon and his land before you: begin to possess, that you may inherit his land.	YHWH said to me, Behold, I have begun to deliver up Sihon and his land before you: begin to possess, that you may inherit his land.	editor-notes/consistency/divine-pronoun-triage-2026-09-12/deuteronomy.md
Deuteronomy 2:33	OT	Deuteronomy	2	33	divine-attribute:his→God, explicit-divine-subject:his→YHWH	his→God; his→YHWH	yes	him,his	YHWH our God delivered him up before us; and we struck him, and his sons, and all his people.	YHWH our God delivered him up before us; and we struck him, and his sons, and all his people.	editor-notes/consistency/divine-pronoun-triage-2026-09-12/deuteronomy.md
Deuteronomy 3:2	OT	Deuteronomy	3	2	devotion-object:him→YHWH, divine-attribute:his→YHWH	him→YHWH; his→YHWH	yes	him,his	YHWH said to me, Don't fear him; for I have delivered him, and all his people, and his land, into your hand; and you shall do to him as you did to Sihon king of the Amorites, who lived at Heshbon.	YHWH said to me, Don't fear him; for I have delivered him, and all his people, and his land, into your hand; and you shall do to him as you did to Sihon king of the Amorites, who lived at Heshbon.	editor-notes/consistency/divine-pronoun-triage-2026-09-12/deuteronomy.md
Deuteronomy 4:7	OT	Deuteronomy	4	7	devotion-object:him→God	him→God	yes	him	For what great nation is there, that has a god so near to them, as YHWH our God is whenever we call on him?	For what great nation is there, that has a god so near to them, as YHWH our God is whenever we call on him?	editor-notes/consistency/divine-pronoun-triage-2026-09-12/deuteronomy.md
Deuteronomy 4:25	OT	Deuteronomy	4	25	devotion-object:him→God	him→God	yes	him	When you shall father children, and children's children, and you shall have been long in the land, and shall corrupt yourselves, and make an engraved image in the form of anything, and shall do that which is wrong in the sight of YHWH your God, to provoke him to anger;	When you shall father children, and children's children, and you shall have been long in the land, and shall corrupt yourselves, and make an engraved image in the form of anything, and shall do that which is brokenness in the sight of YHWH your God, to provoke him to anger;	editor-notes/consistency/divine-pronoun-triage-2026-09-12/deuteronomy.md
Deuteronomy 5:11	OT	Deuteronomy	5	11	explicit-divine-role:him→role-after-pronoun	him→role-after-pronoun	yes	him	"""You shall not take the name of YHWH your God in vain: for YHWH will not hold him guiltless who takes YHWH’s name in vain."	"""You shall not take the name of YHWH your God in vain: for YHWH will not hold him guiltless who takes YHWH’s name in vain."	editor-notes/consistency/divine-pronoun-triage-2026-09-12/deuteronomy.md
Deuteronomy 7:4	OT	Deuteronomy	7	4	explicit-divine-subject:he→YHWH	he→YHWH	yes	he	For he will turn away your son from following me, that they may serve other gods: so will the anger of YHWH be kindled against you, and he will destroy you quickly.	For he will turn away your son from following me, that they may serve other gods: so will the anger of YHWH be kindled against you, and he will destroy you quickly.	editor-notes/consistency/divine-pronoun-triage-2026-09-12/deuteronomy.md
Deuteronomy 9:18	OT	Deuteronomy	9	18	devotion-object:him→YHWH	him→YHWH	yes	him	I fell down before YHWH, as at the first, forty days and forty nights; I did neither eat bread nor drink water; because of all your sin which you sinned, in doing what was broken in the sight of YHWH, to provoke him to anger.	I fell down before YHWH, as at the first, forty days and forty nights; I did neither eat bread nor drink water; because of all your sin which you sinned, in doing what was broken in the sight of YHWH, to provoke him to anger.	editor-notes/consistency/divine-pronoun-triage-2026-09-12/deuteronomy.md
Deuteronomy 15:9	OT	Deuteronomy	15	9	explicit-divine-role:him→role-after-pronoun	him→role-after-pronoun	yes	he,him	Beware that there not be a base thought in your heart, saying, The seventh year, the year of release, is at hand; and your eye be harm against your poor brother, and you give him nothing; and he cry to YHWH against you, and it be sin to you.	Beware that there not be a base thought in your heart, saying, The seventh year, the year of release, is at hand; and your eye be brokenness against your poor brother, and you give him nothing; and he cry to YHWH against you, and it be sin to you.	editor-notes/consistency/divine-pronoun-triage-2026-09-12/deuteronomy.md
Deuteronomy 15:10	OT	Deuteronomy	15	10	explicit-divine-role:him→role-after-pronoun	him→role-after-pronoun	yes	him	You shall surely give him, and your heart shall not be grieved when you give to him; because that for this thing YHWH your God will bless you in all your work, and in all that you put your hand to.	You shall surely give him, and your heart shall not be grieved when you give to him; because that for this thing YHWH your God will bless you in all your work, and in all that you put your hand to.	editor-notes/consistency/divine-pronoun-triage-2026-09-12/deuteronomy.md
Deuteronomy 17:15	OT	Deuteronomy	17	15	explicit-divine-role:him→role-after-pronoun	him→role-after-pronoun	yes	him	you shall surely set him king over you, whom YHWH your God shall choose: one from among your brothers shall you set king over you; you may not put a foreigner over you, who is not your brother.	you shall surely set him king over you, whom YHWH your God shall choose: one from among your brothers shall you set king over you; you may not put a foreigner over you, who is not your brother.	editor-notes/consistency/divine-pronoun-triage-2026-09-12/deuteronomy.md
Deuteronomy 18:1	OT	Deuteronomy	18	1	explicit-divine-subject:his→YHWH	his→YHWH	yes	his	The priests the Levites, [even] all the tribe of Levi, shall have no portion nor inheritance with Israel: they shall eat the offerings of YHWH made by fire, and his inheritance.	The priests the Levites, [even] all the tribe of Levi, shall have no portion nor inheritance with Israel: they shall eat the offerings of YHWH made by fire, and his inheritance.	editor-notes/consistency/divine-pronoun-triage-2026-09-12/deuteronomy.md
Deuteronomy 18:5	OT	Deuteronomy	18	5	explicit-divine-subject:his→YHWH	his→YHWH	yes	him,his	For YHWH your God has chosen him out of all your tribes, to stand to minister in the name of YHWH, him and his sons for ever.	For YHWH your God has chosen him out of all your tribes, to stand to minister in the name of YHWH, him and his sons for ever.	editor-notes/consistency/divine-pronoun-triage-2026-09-12/deuteronomy.md
Deuteronomy 21:5	OT	Deuteronomy	21	5	explicit-divine-role:him→role-after-pronoun	him→role-after-pronoun	yes	him	The priests the sons of Levi shall come near; for them YHWH your God has chosen to minister to him, and to bless in the name of YHWH; and according to their word shall every controversy and every stroke be.	The priests the sons of Levi shall come near; for them YHWH your God has chosen to minister to him, and to bless in the name of YHWH; and according to their word shall every controversy and every stroke be.	editor-notes/consistency/divine-pronoun-triage-2026-09-12/deuteronomy.md
Deuteronomy 26:3	OT	Deuteronomy	26	3	explicit-divine-role:him→role-after-pronoun	him→role-after-pronoun	yes	him	You shall come to the priest who shall be in those days, and tell him, I profess this day to YHWH your God, that I am come to the land which YHWH swore to our fathers to give us.	You shall come to the priest who shall be in those days, and tell him, I profess this day to YHWH your God, that I am come to the land which YHWH swore to our fathers to give us.	editor-notes/consistency/divine-pronoun-triage-2026-09-12/deuteronomy.md
Deuteronomy 28:48	OT	Deuteronomy	28	48	explicit-divine-subject:he→YHWH	he→YHWH	yes	he	therefore shall you serve your enemies whom YHWH shall send against you, in hunger, and in thirst, and in nakedness, and in want of all things: and he shall put a yoke of iron on your neck, until he have destroyed you.	therefore shall you serve your enemies whom YHWH shall send against you, in hunger, and in thirst, and in nakedness, and in want of all things: and he shall put a yoke of iron on your neck, until he have destroyed you.	editor-notes/consistency/divine-pronoun-triage-2026-09-12/deuteronomy.md
Deuteronomy 29:20	OT	Deuteronomy	29	20	divine-attribute:his→YHWH, explicit-divine-role:him→role-after-pronoun, explicit-divine-role:him→role-after-pronoun	his→YHWH; him→role-after-pronoun; him→role-after-pronoun	yes	him,his	YHWH will not pardon him, but then the anger of YHWH and YHWH’s jealousy will smoke against that man, and all the curse that is written in this book shall lie on him, and YHWH will blot out his name from under the heavens.	YHWH will not pardon him, but then the anger of YHWH and YHWH’s jealousy will smoke against that man, and all the curse that is written in this book shall lie on him, and YHWH will blot out his name from under the heavens.	editor-notes/consistency/divine-pronoun-triage-2026-09-12/deuteronomy.md
Deuteronomy 31:29	OT	Deuteronomy	31	29	devotion-object:him→YHWH	him→YHWH	yes	him	For I know that after my death you will utterly corrupt yourselves, and turn aside from the way which I have commanded you; and disaster will happen to you in the latter days; because you will do that which is wrong in the sight of YHWH, to provoke him to anger through the work of your hands.	For I know that after my death you will utterly corrupt yourselves, and turn aside from the way which I have commanded you; and brokenness will happen to you in the latter days; because you will do that which is brokenness in the sight of YHWH, to provoke him to anger through the work of your hands.	editor-notes/consistency/divine-pronoun-triage-2026-09-12/deuteronomy.md
Deuteronomy 32:10	OT	Deuteronomy	32	10	explicit-divine-role:him→role-after-pronoun	him→role-after-pronoun	yes	him	YHWH found him in a desert land, in the waste howling wilderness. YHWH surrounded him. YHWH cared for him. YHWH kept him as the apple of YHWH’s eye.	YHWH found him in a desert land, in the waste howling wilderness. YHWH surrounded him. YHWH cared for him. YHWH kept him as the apple of YHWH’s eye.	editor-notes/consistency/divine-pronoun-triage-2026-09-12/deuteronomy.md
Deuteronomy 32:13	OT	Deuteronomy	32	13	next-sentence-divine-subject:He→YHWH	He→YHWH	yes	He,him	YHWH made him ride on the high places of the earth. He ate the increase of the field. YHWH caused him to suck honey out of the rock, oil out of the flinty rock;	YHWH made him ride on the high places of the earth. He ate the increase of the field. YHWH caused him to suck honey out of the rock, oil out of the flinty rock;	editor-notes/consistency/divine-pronoun-triage-2026-09-12/deuteronomy.md
Deuteronomy 33:7	OT	Deuteronomy	33	7	divine-attribute:his→YHWH	his→YHWH	yes	he,him,himself,his	This is [the blessing] of Yehudah: and he said, Hear, YHWH, the voice of Yehudah. Bring him in to his people. With his hands he contended for himself. You shall be a help against his adversaries.	This is [the blessing] of Yehudah: and he said, Hear, YHWH, the voice of Yehudah. Bring him in to his people. With his hands he contended for himself. You shall be a help against his adversaries.	editor-notes/consistency/divine-pronoun-triage-2026-09-12/deuteronomy.md
Deuteronomy 33:12	OT	Deuteronomy	33	12	next-sentence-divine-subject:He→YHWH	He→YHWH	yes	he,He,him,his	Of Binyamin he said, The beloved of YHWH shall dwell in safety by him. He covers him all the day long. He dwells between his shoulders.	Of Binyamin he said, The beloved of YHWH shall dwell in safety by him. He covers him all the day long. He dwells between his shoulders.	editor-notes/consistency/divine-pronoun-triage-2026-09-12/deuteronomy.md
Deuteronomy 33:21	OT	Deuteronomy	33	21	divine-attribute:His→YHWH	His→YHWH	yes	He,himself,His	He provided the first part for himself, for there was the lawgiver's portion reserved. He came [with] the heads of the people. He executed the righteousness of YHWH, His ordinances with Israel.	He provided the first part for himself, for there was the lawgiver's portion reserved. He came [with] the heads of the people. He executed the righteousness of YHWH, His ordinances with Israel.	editor-notes/consistency/divine-pronoun-triage-2026-09-12/deuteronomy.md
Deuteronomy 34:9	OT	Deuteronomy	34	9	explicit-divine-role:him→role-after-pronoun	him→role-after-pronoun	yes	him,his	Yehoshua the son of Nun was full of the spirit of wisdom; for Moshe had laid his hands on him: and the children of Israel listened to him, and did as YHWH commanded Moshe.	Yehoshua the son of Nun was full of the spirit of wisdom; for Moshe had laid his hands on him: and the children of Israel listened to him, and did as YHWH commanded Moshe.	editor-notes/consistency/divine-pronoun-triage-2026-09-12/deuteronomy.md
Ephesians 1:20	NT	Ephesians	1	20	explicit-divine-role:him→role-after-pronoun	him→role-after-pronoun	yes	him	which God worked in Messiah, when God raised him from the dead, and made him sit at God’s right hand in the heavenly places,	which God worked in Messiah, when God raised him from the dead, and made him sit at God’s right hand in the heavenly places,	editor-notes/consistency/divine-pronoun-triage-2026-09-12/ephesians.md
Ephesians 2:18	NT	Ephesians	2	18	explicit-divine-role:him→role-after-pronoun	him→role-after-pronoun	yes	him	For through him we both have our access in one Ruach to the Cosmic Parent.	For through him we both have our access in one Ruach to the Cosmic Parent.	editor-notes/consistency/divine-pronoun-triage-2026-09-12/ephesians.md
Exodus 3:2	OT	Exodus	3	2	next-sentence-divine-subject:He→YHWH	He→YHWH	yes	He,him	The angel of YHWH appeared to him in a flame of fire out of the midst of a bush. He looked, and behold, the bush burned with fire, and the bush was not consumed.	The angel of YHWH appeared to him in a flame of fire out of the midst of a bush. He looked, and behold, the bush burned with fire, and the bush was not consumed.	editor-notes/consistency/divine-pronoun-triage-2026-09-12/exodus.md
Exodus 3:4	OT	Exodus	3	4	explicit-divine-subject:he→YHWH	he→YHWH	yes	he,He,him	"When YHWH saw that he turned aside to see, Elohim called to him out of the midst of the bush, and said, ""Moshe! Moshe!"" He said, ""Here I am."""	"When YHWH saw that he turned aside to see, Elohim called to him out of the midst of the bush, and said, ""Moshe! Moshe!"" He said, ""Here I am."""	editor-notes/consistency/divine-pronoun-triage-2026-09-12/exodus.md
Exodus 3:13	OT	Exodus	3	13	divine-attribute:his→God	his→God	yes	his	"Moshe said to Elohim, ""Behold, when I come to the children of Israel, and tell them, 'The God of your fathers has sent me to you;' and they ask me, 'What is his name?' What should I tell them?"""	"Moshe said to Elohim, ""Behold, when I come to the children of Israel, and tell them, 'The God of your fathers has sent me to you;' and they ask me, 'What is his name?' What should I tell them?"""	editor-notes/consistency/divine-pronoun-triage-2026-09-12/exodus.md
Exodus 3:18	OT	Exodus	3	18	explicit-divine-role:him→role-after-pronoun	him→role-after-pronoun	yes	him	They will listen to your voice, and you shall come, you and the elders of Israel, to the king of Mitzrayim, and you shall tell him, 'YHWH, the God of the Hebrews, has met with us. Now please let us go three days' journey into the wilderness, that we may sacrifice to YHWH, our God.'	They will listen to your voice, and you shall come, you and the elders of Israel, to the king of Mitzrayim, and you shall tell him, 'YHWH, the God of the Hebrews, has met with us. Now please let us go three days' journey into the wilderness, that we may sacrifice to YHWH, our God.'	editor-notes/consistency/divine-pronoun-triage-2026-09-12/exodus.md
Exodus 4:6	OT	Exodus	4	6	divine-attribute:his→YHWH	his→YHWH	yes	he,He,him,his	"YHWH said furthermore to him, ""Now put your hand inside your cloak."" He put his hand inside his cloak, and when he took it out, behold, his hand was leprous, as white as snow."	"YHWH said furthermore to him, ""Now put your hand inside your cloak."" He put his hand inside his cloak, and when he took it out, behold, his hand was leprous, as white as snow."	editor-notes/consistency/divine-pronoun-triage-2026-09-12/exodus.md
Exodus 4:7	OT	Exodus	4	7	divine-attribute:his→YHWH	his→YHWH	yes	he,He,his	"YHWH said, ""Put your hand inside your cloak again."" He put his hand inside his cloak again, and when he took it out of his cloak, behold, it had turned again as his other flesh."	"YHWH said, ""Put your hand inside your cloak again."" He put his hand inside his cloak again, and when he took it out of his cloak, behold, it had turned again as his other flesh."	editor-notes/consistency/divine-pronoun-triage-2026-09-12/exodus.md
Exodus 4:16	OT	Exodus	4	16	explicit-divine-role:him→role-after-pronoun	him→role-after-pronoun	yes	he,He,him	He will be your spokesman to the people; and it will happen, that he will be to you a mouth, and you will be to him as Elohim.	He will be your spokesman to the people; and it will happen, that he will be to you a mouth, and you will be to him as Elohim.	editor-notes/consistency/divine-pronoun-triage-2026-09-12/exodus.md
Exodus 4:20	OT	Exodus	4	20	divine-attribute:his→Elohim	his→Elohim	yes	he,his	Moshe took his wife and his sons, and set them on a donkey, and he returned to the land of Mitzrayim. Moshe took Elohim's rod in his hand.	Moshe took his wife and his sons, and set them on a donkey, and he returned to the land of Mitzrayim. Moshe took Elohim's rod in his hand.	editor-notes/consistency/divine-pronoun-triage-2026-09-12/exodus.md
Exodus 4:27	OT	Exodus	4	27	explicit-divine-role:him→role-after-pronoun	him→role-after-pronoun	yes	He,him	"YHWH said to Aharon, ""Go into the wilderness to meet Moshe."" He went, and met him on Elohim's mountain, and kissed him."	"YHWH said to Aharon, ""Go into the wilderness to meet Moshe."" He went, and met him on Elohim's mountain, and kissed him."	editor-notes/consistency/divine-pronoun-triage-2026-09-12/exodus.md
Exodus 4:28	OT	Exodus	4	28	explicit-divine-role:him→role-after-pronoun	him→role-after-pronoun	yes	him	Moshe told Aharon all the words of YHWH with which YHWH had sent him, and all the signs with which YHWH had charged him.	Moshe told Aharon all the words of YHWH with which YHWH had sent him, and all the signs with which YHWH had charged him.	editor-notes/consistency/divine-pronoun-triage-2026-09-12/exodus.md
Exodus 6:2	OT	Exodus	6	2	explicit-divine-role:him→role-after-pronoun	him→role-after-pronoun	yes	him	"Elohim spoke to Moshe, and said to him, ""I am YHWH;"	"Elohim spoke to Moshe, and said to him, ""I am YHWH;"	editor-notes/consistency/divine-pronoun-triage-2026-09-12/exodus.md
Exodus 7:16	OT	Exodus	7	16	explicit-divine-role:him→role-after-pronoun	him→role-after-pronoun	yes	him	"You shall tell him, 'YHWH, the God of the Hebrews, has sent me to you, saying, ""Let my people go, that they may serve me in the wilderness:"" and behold, until now you haven't listened."	"You shall tell him, 'YHWH, the God of the Hebrews, has sent me to you, saying, ""Let my people go, that they may serve me in the wilderness:"" and behold, until now you haven't listened."	editor-notes/consistency/divine-pronoun-triage-2026-09-12/exodus.md
Exodus 7:20	OT	Exodus	7	20	explicit-divine-subject:he→YHWH	he→YHWH	yes	he,his	Moshe and Aharon did so, as YHWH commanded; and he lifted up the rod, and struck the waters that were in the river, in the sight of Pharaoh, and in the sight of his servants; and all the waters that were in the river were turned to blood.	Moshe and Aharon did so, as YHWH commanded; and he lifted up the rod, and struck the waters that were in the river, in the sight of Pharaoh, and in the sight of his servants; and all the waters that were in the river were turned to blood.	editor-notes/consistency/divine-pronoun-triage-2026-09-12/exodus.md
Exodus 8:1	OT	Exodus	8	1	explicit-divine-role:him→role-after-pronoun	him→role-after-pronoun	yes	him	"YHWH spoke to Moshe, Go in to Pharaoh, and tell him, ""This is what YHWH says, 'Let my people go, that they may serve me."	"YHWH spoke to Moshe, Go in to Pharaoh, and tell him, ""This is what YHWH says, 'Let my people go, that they may serve me."	editor-notes/consistency/divine-pronoun-triage-2026-09-12/exodus.md
Exodus 8:20	OT	Exodus	8	20	explicit-divine-role:him→role-after-pronoun	him→role-after-pronoun	yes	he,him	"YHWH said to Moshe, ""Rise up early in the morning, and stand before Pharaoh; behold, he comes forth to the water; and tell him, 'This is what YHWH says, ""Let my people go, that they may serve me."	"YHWH said to Moshe, ""Rise up early in the morning, and stand before Pharaoh; behold, he comes forth to the water; and tell him, 'This is what YHWH says, ""Let my people go, that they may serve me."	editor-notes/consistency/divine-pronoun-triage-2026-09-12/exodus.md
Exodus 9:1	OT	Exodus	9	1	explicit-divine-role:him→role-after-pronoun	him→role-after-pronoun	yes	him	"Then YHWH said to Moshe, ""Go in to Pharaoh, and tell him, 'This is what YHWH, the God of the Hebrews, says: ""Let my people go, that they may serve me."	"Then YHWH said to Moshe, ""Go in to Pharaoh, and tell him, 'This is what YHWH, the God of the Hebrews, says: ""Let my people go, that they may serve me."	editor-notes/consistency/divine-pronoun-triage-2026-09-12/exodus.md
Exodus 9:13	OT	Exodus	9	13	explicit-divine-role:him→role-after-pronoun	him→role-after-pronoun	yes	him	"YHWH said to Moshe, ""Rise up early in the morning, and stand before Pharaoh, and tell him, 'This is what YHWH, the God of the Hebrews, says: ""Let my people go, that they may serve me."	"YHWH said to Moshe, ""Rise up early in the morning, and stand before Pharaoh, and tell him, 'This is what YHWH, the God of the Hebrews, says: ""Let my people go, that they may serve me."	editor-notes/consistency/divine-pronoun-triage-2026-09-12/exodus.md
Exodus 10:3	OT	Exodus	10	3	explicit-divine-role:him→role-after-pronoun	him→role-after-pronoun	yes	him	"Moshe and Aharon went in to Pharaoh, and said to him, ""This is what YHWH, the God of the Hebrews, says: 'How long will you refuse to humble yourself before me? Let my people go, that they may serve me."	"Moshe and Aharon went in to Pharaoh, and said to him, ""This is what YHWH, the God of the Hebrews, says: 'How long will you refuse to humble yourself before me? Let my people go, that they may serve me."	editor-notes/consistency/divine-pronoun-triage-2026-09-12/exodus.md
Exodus 13:14	OT	Exodus	13	14	explicit-divine-role:him→role-after-pronoun	him→role-after-pronoun	yes	him	It shall be, when your son asks you in time to come, saying, 'What is this?' that you shall tell him, 'By strength of hand YHWH brought us out from Mitzrayim, from the house of bondage;	It shall be, when your son asks you in time to come, saying, 'What is this?' that you shall tell him, 'By strength of hand YHWH brought us out from Mitzrayim, from the house of bondage;	editor-notes/consistency/divine-pronoun-triage-2026-09-12/exodus.md
Exodus 15:2	OT	Exodus	15	2	devotion-object:him→God, devotion-object:him→Elohim, next-sentence-divine-subject:He→Yah, explicit-divine-role:him→role-after-pronoun	him→God; him→Elohim; He→Yah; him→role-after-pronoun	yes	He,him	Yah is my strength and song. He has become my salvation. This is my God, and I will praise him; my father's Elohim, and I will exalt him.	Yah is my strength and song. He has become my salvation. This is my God, and I will praise him; my father's Elohim, and I will exalt him.	editor-notes/consistency/divine-pronoun-triage-2026-09-12/exodus.md
Exodus 15:25	OT	Exodus	15	25	explicit-divine-subject:he→YHWH	he→YHWH	yes	he,him	Then he cried to YHWH. YHWH showed him a tree, and he threw it into the waters, and the waters were made sweet. There he made a statute and an ordinance for them, and there he tested them;	Then he cried to YHWH. YHWH showed him a tree, and he threw it into the waters, and the waters were made sweet. There he made a statute and an ordinance for them, and there he tested them;	editor-notes/consistency/divine-pronoun-triage-2026-09-12/exodus.md
Exodus 15:26	OT	Exodus	15	26	divine-attribute:his→God	his→God	yes	his	"and YHWH said, ""If you will diligently listen to the voice of YHWH your God, and will do that which is right in his eyes, and will pay attention to YHWH’s commandments, and keep all YHWH’s statutes, I will put none of the diseases on you, which I have put on the Egyptians; for I am YHWH who heals you."""	"and YHWH said, ""If you will diligently listen to the voice of YHWH your God, and will do that which is right in his eyes, and will pay attention to YHWH’s commandments, and keep all YHWH’s statutes, I will put none of the diseases on you, which I have put on the Egyptians; for I am YHWH who heals you."""	editor-notes/consistency/divine-pronoun-triage-2026-09-12/exodus.md
Exodus 16:7	OT	Exodus	16	7	explicit-divine-subject:he→YHWH	he→YHWH	yes	he	"and in the morning, then you shall see the glory of YHWH; because he hears your murmurings against YHWH. Who are we, that you murmur against us?"""	"and in the morning, then you shall see the glory of YHWH; because he hears your murmurings against YHWH. Who are we, that you murmur against us?"""	editor-notes/consistency/divine-pronoun-triage-2026-09-12/exodus.md
Exodus 20:7	OT	Exodus	20	7	explicit-divine-role:him→role-after-pronoun	him→role-after-pronoun	yes	him	"""You shall not take the name of YHWH your God in vain, for YHWH will not hold him guiltless who takes YHWH’s name in vain."	"""You shall not take the name of YHWH your God in vain, for YHWH will not hold him guiltless who takes YHWH’s name in vain."	editor-notes/consistency/divine-pronoun-triage-2026-09-12/exodus.md
Exodus 21:6	OT	Exodus	21	6	explicit-divine-subject:his→Elohim, explicit-divine-role:him→role-after-pronoun	his→Elohim; him→role-after-pronoun	yes	he,him,his	then his master shall bring him to Elohim, and shall bring him to the door or to the doorpost, and his master shall bore his ear through with an awl, and he shall serve him for ever.	then his master shall bring him to Elohim, and shall bring him to the door or to the doorpost, and his master shall bore his ear through with an awl, and he shall serve him for ever.	editor-notes/consistency/divine-pronoun-triage-2026-09-12/exodus.md
Exodus 22:8	OT	Exodus	22	8	divine-attribute:his→Elohim	his→Elohim	yes	he,his	If the thief isn't found, then the master of the house shall come near to Elohim, to find out if he hasn't put his hand to his neighbor's goods.	If the thief isn't found, then the master of the house shall come near to Elohim, to find out if he hasn't put his hand to his neighbor's goods.	editor-notes/consistency/divine-pronoun-triage-2026-09-12/exodus.md
Exodus 22:11	OT	Exodus	22	11	divine-attribute:his→YHWH	his→YHWH	yes	he,his	the oath of YHWH shall be between them both, whether he hasn't put his hand to his neighbor's goods; and the owner of it shall accept it, and he shall not make restitution.	the oath of YHWH shall be between them both, whether he hasn't put his hand to his neighbor's goods; and the owner of it shall accept it, and he shall not make restitution.	editor-notes/consistency/divine-pronoun-triage-2026-09-12/exodus.md
Exodus 28:35	OT	Exodus	28	35	explicit-divine-subject:he→YHWH	he→YHWH	yes	he	It shall be on Aharon to minister: and the sound of it shall be heard when he goes in to the holy place before YHWH, and when he comes out, that he not die.	It shall be on Aharon to minister: and the sound of it shall be heard when he goes in to the holy place before YHWH, and when he comes out, that he not die.	editor-notes/consistency/divine-pronoun-triage-2026-09-12/exodus.md
Exodus 31:3	OT	Exodus	31	3	explicit-divine-role:him→role-after-pronoun	him→role-after-pronoun	yes	him	and I have filled him with the Ruach of Elohim, in wisdom, and in understanding, and in knowledge, and in all manner of workmanship,	and I have filled him with the Ruach of Elohim, in wisdom, and in understanding, and in knowledge, and in all manner of workmanship,	editor-notes/consistency/divine-pronoun-triage-2026-09-12/exodus.md
Exodus 34:4	OT	Exodus	34	4	divine-attribute:his→YHWH	his→YHWH	yes	He,him,his	He chiseled two tablets of stone like the first; and Moshe rose up early in the morning, and went up to Mount Sinai, as YHWH had commanded him, and took in his hand two stone tablets.	He chiseled two tablets of stone like the first; and Moshe rose up early in the morning, and went up to Mount Sinai, as YHWH had commanded him, and took in his hand two stone tablets.	editor-notes/consistency/divine-pronoun-triage-2026-09-12/exodus.md
Exodus 34:5	OT	Exodus	34	5	explicit-divine-role:him→role-after-pronoun	him→role-after-pronoun	yes	him	YHWH descended in the cloud, and stood with him there, and proclaimed the name of YHWH.	YHWH descended in the cloud, and stood with him there, and proclaimed the name of YHWH.	editor-notes/consistency/divine-pronoun-triage-2026-09-12/exodus.md
Exodus 34:6	OT	Exodus	34	6	explicit-divine-role:him→role-after-pronoun	him→role-after-pronoun	yes	him	"YHWH passed by before him, and proclaimed, ""YHWH! YHWH, a merciful and gracious Elohim, slow to anger, and abundant in loving kindness and truth,"	"YHWH passed by before him, and proclaimed, ""YHWH! YHWH, a merciful and gracious Elohim, slow to anger, and abundant in loving kindness and truth,"	editor-notes/consistency/divine-pronoun-triage-2026-09-12/exodus.md
Exodus 34:28	OT	Exodus	34	28	explicit-divine-subject:he→YHWH, next-sentence-divine-subject:He→YHWH	he→YHWH; He→YHWH	yes	he,He	He was there with YHWH forty days and forty nights; he neither ate bread, nor drank water. He wrote on the tablets the words of the covenant, the ten commandments.	He was there with YHWH forty days and forty nights; he neither ate bread, nor drank water. He wrote on the tablets the words of the covenant, the ten commandments.	editor-notes/consistency/divine-pronoun-triage-2026-09-12/exodus.md
Exodus 34:34	OT	Exodus	34	34	explicit-divine-subject:he→YHWH	he→YHWH	yes	he,him	But when Moshe went in before YHWH to speak with him, he took the veil off, until he came out; and he came out, and spoke to the children of Israel that which he was commanded.	But when Moshe went in before YHWH to speak with him, he took the veil off, until he came out; and he came out, and spoke to the children of Israel that which he was commanded.	editor-notes/consistency/divine-pronoun-triage-2026-09-12/exodus.md
Exodus 35:5	OT	Exodus	35	5	explicit-divine-role:him→role-after-pronoun	him→role-after-pronoun	yes	him	'Take from among you an offering to YHWH. Whoever is of a willing heart, let him bring it, YHWH's offering: gold, silver, brass,	'Take from among you an offering to YHWH. Whoever is of a willing heart, let him bring it, YHWH's offering: gold, silver, brass,	editor-notes/consistency/divine-pronoun-triage-2026-09-12/exodus.md
Exodus 35:31	OT	Exodus	35	31	explicit-divine-role:him→role-after-pronoun	him→role-after-pronoun	yes	him	YHWH has filled him with the Ruach of Elohim, in wisdom, in understanding, in knowledge, and in all manner of workmanship;	YHWH has filled him with the Ruach of Elohim, in wisdom, in understanding, in knowledge, and in all manner of workmanship;	editor-notes/consistency/divine-pronoun-triage-2026-09-12/exodus.md
Ezekiel 3:12	OT	Ezekiel	3	12	divine-attribute:his→YHWH	his→YHWH	yes	his	Then the Ruach lifted me up, and I heard behind me the voice of a great rushing, [saying], Blessed be the glory of YHWH from his place.	Then the Ruach lifted me up, and I heard behind me the voice of a great rushing, [saying], Blessed be the glory of YHWH from his place.	editor-notes/consistency/divine-pronoun-triage-2026-09-12/ezekiel.md
Ezekiel 3:22	OT	Ezekiel	3	22	explicit-divine-subject:he→YHWH	he→YHWH	yes	he	The hand of YHWH was there on me; and he said to me, Arise, go forth into the plain, and I will there talk with you.	The hand of YHWH was there on me; and he said to me, Arise, go forth into the plain, and I will there talk with you.	editor-notes/consistency/divine-pronoun-triage-2026-09-12/ezekiel.md
Ezekiel 17:19	OT	Ezekiel	17	19	explicit-divine-subject:he→YHWH	he→YHWH	yes	he,his	Therefore thus says YHWH God: As I live, surely my oath that he has despised, and my covenant that he has broken, I will even bring it on his own head.	Therefore thus says YHWH God: As I live, surely my oath that he has despised, and my covenant that he has broken, I will even bring it on his own head.	editor-notes/consistency/divine-pronoun-triage-2026-09-12/ezekiel.md
Ezekiel 18:23	OT	Ezekiel	18	23	explicit-divine-subject:he→YHWH	he→YHWH	yes	he,his	Have I any pleasure in the death of the wicked? says YHWH God; and not rather that he should return from his way, and live?	Have I any pleasure in the death of the wicked? says YHWH God; and not rather that he should return from his way, and live?	editor-notes/consistency/divine-pronoun-triage-2026-09-12/ezekiel.md
Ezekiel 28:12	OT	Ezekiel	28	12	explicit-divine-role:him→role-after-pronoun	him→role-after-pronoun	yes	him	Child of humanity, take up a lamentation over the king of Tzor, and tell him, Thus says YHWH God: You seal up the sum, full of wisdom, and perfect in beauty.	Child of humanity, take up a lamentation over the king of Tzor, and tell him, Thus says YHWH God: You seal up the sum, full of wisdom, and perfect in beauty.	editor-notes/consistency/divine-pronoun-triage-2026-09-12/ezekiel.md
Ezekiel 31:10	OT	Ezekiel	31	10	explicit-divine-subject:he→YHWH	he→YHWH	yes	he,his	Therefore thus said YHWH God: Because you are exalted in stature, and he has set his top among the thick boughs, and his heart is lifted up in his height;	Therefore thus said YHWH God: Because you are exalted in stature, and he has set his top among the thick boughs, and his heart is lifted up in his height;	editor-notes/consistency/divine-pronoun-triage-2026-09-12/ezekiel.md
Ezekiel 36:20	OT	Ezekiel	36	20	divine-attribute:his→YHWH	his→YHWH	yes	his	When they came to the nations, where they went, they profaned my holy name; in that men said of them, These are the people of YHWH, and are gone forth out of his land.	When they came to the nations, where they went, they profaned my holy name; in that men said of them, These are the people of YHWH, and are gone forth out of his land.	editor-notes/consistency/divine-pronoun-triage-2026-09-12/ezekiel.md
Ezekiel 37:1	OT	Ezekiel	37	1	explicit-divine-subject:he→YHWH	he→YHWH	yes	he	The hand of YHWH was on me, and he brought me out in the Ruach of YHWH, and set me down in the midst of the valley; and it was full of bones.	The hand of YHWH was on me, and he brought me out in the Ruach of YHWH, and set me down in the midst of the valley; and it was full of bones.	editor-notes/consistency/divine-pronoun-triage-2026-09-12/ezekiel.md
Ezekiel 38:21	OT	Ezekiel	38	21	explicit-divine-role:him→role-after-pronoun	him→role-after-pronoun	yes	him	I will call for a sword against him to all my mountains, says YHWH God: everyone's sword shall be against their brother.	I will call for a sword against him to all my mountains, says YHWH God: everyone's sword shall be against their brother.	editor-notes/consistency/divine-pronoun-triage-2026-09-12/ezekiel.md
Ezekiel 40:1	OT	Ezekiel	40	1	explicit-divine-subject:he→YHWH	he→YHWH	yes	he	In the five and twentieth year of our captivity, in the beginning of the year, in the tenth [day] of the month, in the fourteenth year after that the city was struck, in the same day, the hand of YHWH was on me, and he brought me there.	In the five and twentieth year of our captivity, in the beginning of the year, in the tenth [day] of the month, in the fourteenth year after that the city was struck, in the same day, the hand of YHWH was on me, and he brought me there.	editor-notes/consistency/divine-pronoun-triage-2026-09-12/ezekiel.md
Ezekiel 44:3	OT	Ezekiel	44	3	explicit-divine-subject:he→YHWH	he→YHWH	yes	he	As for the prince, he shall sit therein as prince to eat bread before YHWH; he shall enter by the way of the porch of the gate, and shall go out by the way of the same.	As for the prince, he shall sit therein as prince to eat bread before YHWH; he shall enter by the way of the porch of the gate, and shall go out by the way of the same.	editor-notes/consistency/divine-pronoun-triage-2026-09-12/ezekiel.md
Ezekiel 46:12	OT	Ezekiel	46	12	explicit-divine-subject:he→YHWH	he→YHWH	yes	he,him,his	When the prince shall prepare a freewill offering, a burnt offering or peace offerings as a freewill offering to YHWH, one shall open for him the gate that looks toward the east; and he shall prepare his burnt offering and his peace offerings, as he does on the Sabbath day: then he shall go forth; and after his going forth one shall shut the gate.	When the prince shall prepare a freewill offering, a burnt offering or peace offerings as a freewill offering to YHWH, one shall open for him the gate that looks toward the east; and he shall prepare his burnt offering and his peace offerings, as he does on the Sabbath day: then he shall go forth; and after his going forth one shall shut the gate.	editor-notes/consistency/divine-pronoun-triage-2026-09-12/ezekiel.md
Ezekiel 47:23	OT	Ezekiel	47	23	explicit-divine-role:him→role-after-pronoun	him→role-after-pronoun	yes	him,his	It shall happen, that in what tribe the stranger sojourns, there shall you give him his inheritance, says YHWH God.	It shall happen, that in what tribe the stranger sojourns, there shall you give him his inheritance, says YHWH God.	editor-notes/consistency/divine-pronoun-triage-2026-09-12/ezekiel.md
Ezra 1:2	OT	Ezra	1	2	explicit-divine-subject:he→YHWH	he→YHWH	yes	he,him	Thus says Cyrus king of Paras, All the kingdoms of the earth has YHWH, the God of heavens, given me; and he has charged me to build him a house in Yerushalayim, which is in Yehudah.	Thus says Cyrus king of Paras, All the kingdoms of the earth has YHWH, the God of heavens, given me; and he has charged me to build him a house in Yerushalayim, which is in Yehudah.	editor-notes/consistency/divine-pronoun-triage-2026-09-12/ezra.md
Ezra 7:6	OT	Ezra	7	6	explicit-divine-role:him→role-after-pronoun	him→role-after-pronoun	yes	he,him,his	this Ezra went up from Bavel: and he was a ready scribe in the law of Moshe, which YHWH, the God of Israel, had given; and the king granted him all his request, according to the hand of YHWH his God on him.	this Ezra went up from Bavel: and he was a ready scribe in the law of Moshe, which YHWH, the God of Israel, had given; and the king granted him all his request, according to the hand of YHWH his God on him.	editor-notes/consistency/divine-pronoun-triage-2026-09-12/ezra.md
Ezra 8:22	OT	Ezra	8	22	devotion-object:him→God, devotion-object:him→God, divine-attribute:his→God, divine-attribute:his→God	him→God; him→God; his→God; his→God	yes	him,his	For I was ashamed to ask of the king a band of soldiers and horsemen to help us against the enemy in the way, because we had spoken to the king, saying, The hand of our God is on all those who seek him, for good; but his power and his wrath is against all those who forsake him.	For I was ashamed to ask of the king a band of soldiers and horsemen to help us against the enemy in the way, because we had spoken to the king, saying, The hand of our God is on all those who seek him, for good; but his power and his wrath is against all those who forsake him.	editor-notes/consistency/divine-pronoun-triage-2026-09-12/ezra.md
Ezra 8:23	OT	Ezra	8	23	explicit-divine-subject:he→God	he→God	yes	he	So we fasted and begged our God for this: and he was entreated of us.	So we fasted and begged our God for this: and he was entreated of us.	editor-notes/consistency/divine-pronoun-triage-2026-09-12/ezra.md
Ezra 9:8	OT	Ezra	9	8	divine-attribute:his→God	his→God	yes	his	Now for a little moment grace has been shown from YHWH our God, to leave us a remnant to escape, and to give us a nail in his holy place, that our God may lighten our eyes, and give us a little reviving in our bondage.	Now for a little moment grace has been shown from YHWH our God, to leave us a remnant to escape, and to give us a nail in his holy place, that our God may lighten our eyes, and give us a little reviving in our bondage.	editor-notes/consistency/divine-pronoun-triage-2026-09-12/ezra.md
Habakkuk 2:2	OT	Habakkuk	2	2	explicit-divine-subject:he→YHWH	he→YHWH	yes	he	"YHWH answered me, ""Write the vision, and make it plain on tablets, that he may run who reads it."	"YHWH answered me, ""Write the vision, and make it plain on tablets, that he may run who reads it."	editor-notes/consistency/divine-pronoun-triage-2026-09-12/habakkuk.md
Habakkuk 2:20	OT	Habakkuk	2	20	divine-attribute:his→YHWH	his→YHWH	yes	him,his	"But YHWH is in his holy temple. Let all the earth be silent before him!"""	"But YHWH is in his holy temple. Let all the earth be silent before him!"""	editor-notes/consistency/divine-pronoun-triage-2026-09-12/habakkuk.md
Haggai 1:12	OT	Haggai	1	12	explicit-divine-role:him→role-after-pronoun	him→role-after-pronoun	yes	him	Then Zerubavel, the son of She'altiel, and Yehoshua, the son of Jehozadak, the high priest, with all the remnant of the people, obeyed the voice of YHWH, their God, and the words of Haggai, the prophet, as YHWH, their God, had sent him; and the people revered YHWH.	Then Zerubavel, the son of She'altiel, and Yehoshua, the son of Jehozadak, the high priest, with all the remnant of the people, obeyed the voice of YHWH, their God, and the words of Haggai, the prophet, as YHWH, their God, had sent him; and the people revered YHWH.	editor-notes/consistency/divine-pronoun-triage-2026-09-12/haggai.md
Hosea 1:4	OT	Hosea	1	4	divine-attribute:his→YHWH	his→YHWH	yes	him,his	"YHWH said to him, ""Call his name Jezreel; for yet a little while, and I will avenge the blood of Jezreel on the house of Yehu, and will cause the kingdom of the house of Israel to cease."	"YHWH said to him, ""Call his name Jezreel; for yet a little while, and I will avenge the blood of Jezreel on the house of Yehu, and will cause the kingdom of the house of Israel to cease."	editor-notes/consistency/divine-pronoun-triage-2026-09-12/hosea.md
Hosea 3:5	OT	Hosea	3	5	divine-attribute:his→YHWH	his→YHWH	yes	his	Afterward the children of Israel shall return, and seek YHWH their God, and Dawid their king, and shall come with trembling to YHWH and to his blessings in the last days.	Afterward the children of Israel shall return, and seek YHWH their God, and Dawid their king, and shall come with trembling to YHWH and to his blessings in the last days.	editor-notes/consistency/divine-pronoun-triage-2026-09-12/hosea.md
Hosea 6:1	OT	Hosea	6	1	explicit-divine-subject:he→YHWH	he→YHWH	yes	he	"""Come, and let us return to YHWH; for he has torn us to pieces, and he will heal us; he has injured us, and he will bind up our wounds."	"""Come, and let us return to YHWH; for he has torn us to pieces, and he will heal us; he has injured us, and he will bind up our wounds."	editor-notes/consistency/divine-pronoun-triage-2026-09-12/hosea.md
Hosea 7:10	OT	Hosea	7	10	devotion-object:him→God	him→God	yes	him,his	The pride of Israel testifies to his face; yet they haven't returned to YHWH their God, nor sought him, for all this.	The pride of Israel testifies to his face; yet they haven't returned to YHWH their God, nor sought him, for all this.	editor-notes/consistency/divine-pronoun-triage-2026-09-12/hosea.md
Hosea 11:7	OT	Hosea	11	7	explicit-divine-subject:he→Most High	he→Most High	yes	he	My people are determined to turn from me. Though they call to the Most High, he certainly won't exalt them.	My people are determined to turn from me. Though they call to the Most High, he certainly won't exalt them.	editor-notes/consistency/divine-pronoun-triage-2026-09-12/hosea.md
Hosea 11:10	OT	Hosea	11	10	explicit-divine-subject:he→YHWH	he→YHWH	yes	he	They will walk after YHWH, who will roar like a lion; for he will roar, and the children will come trembling from the west.	They will walk after YHWH, who will roar like a lion; for he will roar, and the children will come trembling from the west.	editor-notes/consistency/divine-pronoun-triage-2026-09-12/hosea.md
Hosea 12:14	OT	Hosea	12	14	explicit-divine-role:him→role-after-pronoun	him→role-after-pronoun	yes	him,his	Efrayim has bitterly provoked anger. Therefore his blood will be left on him, and his YHWH will repay his contempt.	Efrayim has bitterly provoked anger. Therefore his blood will be left on him, and his YHWH will repay his contempt.	editor-notes/consistency/divine-pronoun-triage-2026-09-12/hosea.md
Hosea 13:15	OT	Hosea	13	15	explicit-divine-subject:his→YHWH, next-sentence-divine-subject:He→YHWH	his→YHWH; He→YHWH	yes	he,He,his	Though he is fruitful among his brothers, an east wind will come, the breath of YHWH coming up from the wilderness; and his spring will become dry, and his fountain will be dried up. He will plunder the storehouse of treasure.	Though he is fruitful among his brothers, an east wind will come, the breath of YHWH coming up from the wilderness; and his spring will become dry, and his fountain will be dried up. He will plunder the storehouse of treasure.	editor-notes/consistency/divine-pronoun-triage-2026-09-12/hosea.md
James 2:23	NT	James	2	23	explicit-divine-subject:he→God	he→God	yes	he,him	"and the Scripture was fulfilled which says, ""Avraham believed God, and it was accounted to him as righteousness;"" and he was called the friend of God."	"and the Scripture was fulfilled which says, ""Avraham believed God, and it was accounted to him as righteousness;"" and he was called the friend of God."	editor-notes/consistency/divine-pronoun-triage-2026-09-12/james.md
James 4:8	NT	James	4	8	explicit-divine-subject:he→God	he→God	yes	he	Draw near to God, and he will draw near to you. Cleanse your hands, you sinners; and purify your hearts, you double-minded.	Draw near to God, and he will draw near to you. Cleanse your hands, you sinners; and purify your hearts, you double-minded.	editor-notes/consistency/divine-pronoun-triage-2026-09-12/james.md
James 4:10	NT	James	4	10	explicit-divine-subject:he→God	he→God	yes	he	Humble yourselves in the sight of God, and he will exalt you.	Humble yourselves in the sight of God, and he will exalt you.	editor-notes/consistency/divine-pronoun-triage-2026-09-12/james.md
Job 1:12	OT	Job	1	12	explicit-divine-subject:he→YHWH	he→YHWH	yes	he,himself	"YHWH said to the Adversary, ""Behold, all that he has is in your power. Only on himself don't put forth your hand."" So the Adversary went forth from the presence of YHWH."	"YHWH said to the Adversary, ""Behold, all that he has is in your power. Only on himself don't put forth your hand."" So the Adversary went forth from the presence of YHWH."	editor-notes/consistency/divine-pronoun-triage-2026-09-12/job.md
Job 2:3	OT	Job	2	3	next-sentence-divine-subject:He→God	He→God	yes	He,him,his	"YHWH said to the Adversary, ""Have you considered my servant Job? For there is none like him in the earth, a blameless and an upright man, one who reveres God, and turns away from harm. He still maintains his integrity, although you incited me against him, to ruin him without cause."""	"YHWH said to the Adversary, ""Have you considered my servant Job? For there is none like him in the earth, a blameless and an upright man, one who reveres God, and turns away from harm. He still maintains his integrity, although you incited me against him, to ruin him without cause."""	editor-notes/consistency/divine-pronoun-triage-2026-09-12/job.md
Job 2:6	OT	Job	2	6	explicit-divine-subject:he→YHWH	he→YHWH	yes	he,his	"YHWH said to the Adversary, ""Behold, he is in your hand. Only spare his life."""	"YHWH said to the Adversary, ""Behold, he is in your hand. Only spare his life."""	editor-notes/consistency/divine-pronoun-triage-2026-09-12/job.md
Job 4:9	OT	Job	4	9	divine-attribute:his→Elohim	his→Elohim	yes	his	By the breath of Elohim they perish. By the blast of his anger are they consumed.	By the breath of Elohim they perish. By the blast of his anger are they consumed.	editor-notes/consistency/divine-pronoun-triage-2026-09-12/job.md
Job 6:9	OT	Job	6	9	divine-attribute:his→Elohim, explicit-divine-subject:he→Elohim	his→Elohim; he→Elohim	yes	he,his	even that it would please Elohim to crush me; that he would let loose his hand, and cut me off!	even that it would please Elohim to crush me; that he would let loose his hand, and cut me off!	editor-notes/consistency/divine-pronoun-triage-2026-09-12/job.md
Job 20:29	OT	Job	20	29	explicit-divine-role:him→role-after-pronoun	him→role-after-pronoun	yes	him	"This is the portion of a wicked person from Elohim, the heritage appointed to him by Elohim."""	"This is the portion of a broken person from Elohim, the heritage appointed to him by Elohim."""	editor-notes/consistency/divine-pronoun-triage-2026-09-12/job.md
Job 21:15	OT	Job	21	15	devotion-object:him→Almighty, devotion-object:him→Almighty	him→Almighty; him→Almighty	yes	him	What is the Almighty, that we should serve him? What profit should we have, if we pray to him?'	What is the Almighty, that we should serve him? What profit should we have, if we pray to him?'	editor-notes/consistency/divine-pronoun-triage-2026-09-12/job.md
Job 21:19	OT	Job	21	19	explicit-divine-subject:his→Elohim	his→Elohim	yes	he,him,himself,his	You say, 'Elohim lays up his iniquity for his children.' Let him recompense it to himself, that he may know it.	You say, 'Elohim lays up his iniquity for his children.' Let him recompense it to himself, that he may know it.	editor-notes/consistency/divine-pronoun-triage-2026-09-12/job.md
Job 24:22	OT	Job	24	22	next-sentence-divine-subject:He→Elohim	He→Elohim	yes	He	Yet Elohim preserves the mighty by Elohim’s power. He rises up who has no assurance of life.	Yet Elohim preserves the mighty by Elohim’s power. He rises up who has no assurance of life.	editor-notes/consistency/divine-pronoun-triage-2026-09-12/job.md
Job 33:26	OT	Job	33	26	explicit-divine-subject:he→Elohim, next-sentence-divine-subject:He→Elohim	he→Elohim; He→Elohim	yes	he,He,him,his	He prays to Elohim, and he is favorable to him, so that he sees his face with joy. He restores to man his righteousness.	He prays to Elohim, and he is favorable to him, so that he sees his face with joy. He restores to man his righteousness.	editor-notes/consistency/divine-pronoun-triage-2026-09-12/job.md
Job 42:11	OT	Job	42	11	explicit-divine-role:him→role-after-pronoun	him→role-after-pronoun	yes	him,his	Then came there to him all his brothers, and all his sisters, and all those who had been of his acquaintance before, and ate bread with him in his house. They comforted him, and consoled him concerning all the harm that YHWH had brought on him. Everyone also gave him a piece of money, and everyone a ring of gold.	Then came there to him all his brothers, and all his sisters, and all those who had been of his acquaintance before, and ate bread with him in his house. They comforted him, and consoled him concerning all the harm that YHWH had brought on him. Everyone also gave him a piece of money, and everyone a ring of gold.	editor-notes/consistency/divine-pronoun-triage-2026-09-12/job.md
Joel 2:11	OT	Joel	2	11	explicit-divine-subject:he→YHWH	he→YHWH	yes	he	YHWH thunders YHWH’s voice before YHWH’s army; for YHWH’s forces are very great; for he is strong who obeys YHWH’s command; for the day of YHWH is great and very awesome, and who can endure it?	YHWH thunders YHWH’s voice before YHWH’s army; for YHWH’s forces are very great; for he is strong who obeys YHWH’s command; for the day of YHWH is great and very awesome, and who can endure it?	editor-notes/consistency/divine-pronoun-triage-2026-09-12/joel.md
Joel 2:13	OT	Joel	2	13	explicit-divine-subject:he→YHWH	he→YHWH	yes	he	Tear your heart, and not your garments, and turn to YHWH, your God; for he is gracious and merciful, slow to anger, and abundant in loving kindness, and relents from sending calamity.	Tear your heart, and not your garments, and turn to YHWH, your God; for he is gracious and merciful, slow to anger, and abundant in loving kindness, and relents from sending calamity.	editor-notes/consistency/divine-pronoun-triage-2026-09-12/joel.md
Joel 2:23	OT	Joel	2	23	explicit-divine-subject:he→YHWH	he→YHWH	yes	he	"""Be glad then, you children of Tzion, and rejoice in YHWH, your God; for he gives you the former rain in just measure, and he causes the rain to come down for you, the former rain and the latter rain, as before."	"""Be glad then, you children of Tzion, and rejoice in YHWH, your God; for he gives you the former rain in just measure, and he causes the rain to come down for you, the former rain and the latter rain, as before."	editor-notes/consistency/divine-pronoun-triage-2026-09-12/joel.md
Jonah 1:3	OT	Jonah	1	3	next-sentence-divine-subject:He→YHWH	He→YHWH	yes	he,He	But Yonah rose up to flee to Tarshish from the presence of YHWH. He went down to Yafo, and found a ship going to Tarshish; so he paid its fare, and went down into it, to go with them to Tarshish from the presence of YHWH.	But Yonah rose up to flee to Tarshish from the presence of YHWH. He went down to Yafo, and found a ship going to Tarshish; so he paid its fare, and went down into it, to go with them to Tarshish from the presence of YHWH.	editor-notes/consistency/divine-pronoun-triage-2026-09-12/jonah.md
Jonah 1:10	OT	Jonah	1	10	explicit-divine-subject:he→YHWH	he→YHWH	yes	he,him	"Then were the men exceedingly afraid, and said to him, ""What is this that you have done?"" For the men knew that he was fleeing from the presence of YHWH, because he had told them."	"Then were the men exceedingly afraid, and said to him, ""What is this that you have done?"" For the men knew that he was fleeing from the presence of YHWH, because he had told them."	editor-notes/consistency/divine-pronoun-triage-2026-09-12/jonah.md
Jonah 2:1	OT	Jonah	2	1	explicit-divine-subject:his→YHWH	his→YHWH	yes	his	Then Yonah prayed to YHWH, his God, out of the fish's belly.	Then Yonah prayed to YHWH, his God, out of the fish's belly.	editor-notes/consistency/divine-pronoun-triage-2026-09-12/jonah.md
Jonah 2:2	OT	Jonah	2	2	next-sentence-divine-subject:He→YHWH	He→YHWH	yes	He	"He said, ""I called because of my affliction to YHWH. He answered me. Out of the belly of Sheol I cried. You heard my voice."	"He said, ""I called because of my affliction to YHWH. He answered me. Out of the belly of Sheol I cried. You heard my voice."	editor-notes/consistency/divine-pronoun-triage-2026-09-12/jonah.md
Joshua 3:10	OT	Joshua	3	10	explicit-divine-subject:he→Elohim	he→Elohim	yes	he	"Yehoshua said, ""Hereby you shall know that the living Elohim is among you, and that he will without fail drive the Canaanite, and the Hittite, and the Hivite, and the Perizzite, and the Girgashite, and the Amorite, and the Jebusite out from before you."	"Yehoshua said, ""Hereby you shall know that the living Elohim is among you, and that he will without fail drive the Canaanite, and the Hittite, and the Hivite, and the Perizzite, and the Girgashite, and the Amorite, and the Jebusite out from before you."	editor-notes/consistency/divine-pronoun-triage-2026-09-12/joshua.md
Joshua 7:6	OT	Joshua	7	6	explicit-divine-subject:he→YHWH	he→YHWH	yes	he,his	Yehoshua tore his clothes, and fell to the earth on his face before the ark of YHWH until the evening, he and the elders of Israel; and they put dust on their heads.	Yehoshua tore his clothes, and fell to the earth on his face before the ark of YHWH until the evening, he and the elders of Israel; and they put dust on their heads.	editor-notes/consistency/divine-pronoun-triage-2026-09-12/joshua.md
Joshua 7:15	OT	Joshua	7	15	explicit-divine-subject:he→YHWH	he→YHWH	yes	he	It shall be, that the one who is taken with the devoted thing shall be burnt with fire, they and all that they have; because he has transgressed the covenant of YHWH, and because he has done folly in Israel.	It shall be, that the one who is taken with the devoted thing shall be burnt with fire, they and all that they have; because he has transgressed the covenant of YHWH, and because he has done folly in Israel.	editor-notes/consistency/divine-pronoun-triage-2026-09-12/joshua.md
Joshua 7:26	OT	Joshua	7	26	explicit-divine-role:him→role-after-pronoun	him→role-after-pronoun	yes	him	"They raised over him a great heap of stones, to this day; and YHWH turned from the fierceness of YHWH’s anger. Therefore the name of that place was called ""The valley of Achor"" to this day."	"They raised over him a great heap of stones, to this day; and YHWH turned from the fierceness of YHWH’s anger. Therefore the name of that place was called ""The valley of Achor"" to this day."	editor-notes/consistency/divine-pronoun-triage-2026-09-12/joshua.md
Joshua 9:9	OT	Joshua	9	9	explicit-divine-subject:he→YHWH	he→YHWH	yes	he,him	They said to him, From a very far country your servants are come because of the name of YHWH your God: for we have heard the fame of him, and all that he did in Mitzrayim,	They said to him, From a very far country your servants are come because of the name of YHWH your God: for we have heard the fame of him, and all that he did in Mitzrayim,	editor-notes/consistency/divine-pronoun-triage-2026-09-12/joshua.md
Joshua 10:12	OT	Joshua	10	12	explicit-divine-subject:he→YHWH	he→YHWH	yes	he	Then spoke Yehoshua to YHWH in the day when YHWH delivered up the Amorites before the children of Israel; and he said in the sight of Israel, Sun, stand you still on Gibeon; You, Moon, in the valley of Aijalon.	Then spoke Yehoshua to YHWH in the day when YHWH delivered up the Amorites before the children of Israel; and he said in the sight of Israel, Sun, stand you still on Gibeon; You, Moon, in the valley of Aijalon.	editor-notes/consistency/divine-pronoun-triage-2026-09-12/joshua.md
Joshua 10:32	OT	Joshua	10	32	explicit-divine-subject:he→YHWH	he→YHWH	yes	he	and YHWH delivered Lachish into the hand of Israel; and he took it on the second day, and struck it with the edge of the sword, and all the souls who were therein, according to all that he had done to Libnah.	and YHWH delivered Lachish into the hand of Israel; and he took it on the second day, and struck it with the edge of the sword, and all the souls who were therein, according to all that he had done to Libnah.	editor-notes/consistency/divine-pronoun-triage-2026-09-12/joshua.md
Joshua 11:20	OT	Joshua	11	20	explicit-divine-subject:he→YHWH	he→YHWH	yes	he	For it was of YHWH to harden their hearts, to come against Israel in battle, that he might utterly destroy them, that they might have no favor, but that he might destroy them, as YHWH commanded Moshe.	For it was of YHWH to harden their hearts, to come against Israel in battle, that he might utterly destroy them, that they might have no favor, but that he might destroy them, as YHWH commanded Moshe.	editor-notes/consistency/divine-pronoun-triage-2026-09-12/joshua.md
Joshua 14:6	OT	Joshua	14	6	explicit-divine-role:him→role-after-pronoun	him→role-after-pronoun	yes	him	Then the children of Yehudah drew near to Yehoshua in Gilgal: and Kalev the son of Jephunneh the Kenizzite said to him, You know the thing that YHWH spoke to Moshe the person of Elohim concerning me and concerning you in Kadesh Barnea.	Then the children of Yehudah drew near to Yehoshua in Gilgal: and Kalev the son of Jephunneh the Kenizzite said to him, You know the thing that YHWH spoke to Moshe the person of Elohim concerning me and concerning you in Kadesh Barnea.	editor-notes/consistency/divine-pronoun-triage-2026-09-12/joshua.md
Joshua 19:50	OT	Joshua	19	50	explicit-divine-subject:he→YHWH	he→YHWH	yes	he,him	according to the commandment of YHWH they gave him the city which he asked, even Timnathserah in the hill country of Efrayim; and he built the city, and lived therein.	according to the commandment of YHWH they gave him the city which he asked, even Timnathserah in the hill country of Efrayim; and he built the city, and lived therein.	editor-notes/consistency/divine-pronoun-triage-2026-09-12/joshua.md
Joshua 23:3	OT	Joshua	23	3	explicit-divine-subject:he→YHWH	he→YHWH	yes	he	and you have seen all that YHWH your God has done to all these nations because of you; for YHWH your God, he it is that has fought for you.	and you have seen all that YHWH your God has done to all these nations because of you; for YHWH your God, he it is that has fought for you.	editor-notes/consistency/divine-pronoun-triage-2026-09-12/joshua.md
Joshua 24:7	OT	Joshua	24	7	explicit-divine-subject:he→YHWH	he→YHWH	yes	he	When they cried out to YHWH, he put darkness between you and the Egyptians, and brought the sea on them, and covered them; and your eyes saw what I did in Mitzrayim: and you lived in the wilderness many days.	When they cried out to YHWH, he put darkness between you and the Egyptians, and brought the sea on them, and covered them; and your eyes saw what I did in Mitzrayim: and you lived in the wilderness many days.	editor-notes/consistency/divine-pronoun-triage-2026-09-12/joshua.md
Joshua 24:18	OT	Joshua	24	18	explicit-divine-subject:he→YHWH	he→YHWH	yes	he	and YHWH drove out from before us all the peoples, even the Amorites who lived in the land: therefore we also will serve YHWH; for he is our God.	and YHWH drove out from before us all the peoples, even the Amorites who lived in the land: therefore we also will serve YHWH; for he is our God.	editor-notes/consistency/divine-pronoun-triage-2026-09-12/joshua.md
Joshua 24:22	OT	Joshua	24	22	devotion-object:him→YHWH	him→YHWH	yes	him	Yehoshua said to the people, You are witnesses against yourselves that you have chosen you YHWH, to serve him. They said, We are witnesses.	Yehoshua said to the people, You are witnesses against yourselves that you have chosen you YHWH, to serve him. They said, We are witnesses.	editor-notes/consistency/divine-pronoun-triage-2026-09-12/joshua.md
Joshua 24:26	OT	Joshua	24	26	explicit-divine-subject:he→Elohim	he→Elohim	yes	he	Yehoshua wrote these words in the book of the law of Elohim; and he took a great stone, and set it up there under the oak that was by the sanctuary of YHWH.	Yehoshua wrote these words in the book of the law of Elohim; and he took a great stone, and set it up there under the oak that was by the sanctuary of YHWH.	editor-notes/consistency/divine-pronoun-triage-2026-09-12/joshua.md
Judges 1:2	OT	Judges	1	2	divine-attribute:his→YHWH	his→YHWH	yes	his	YHWH said, Yehudah shall go up: behold, I have delivered the land into his hand.	YHWH said, Yehudah shall go up: behold, I have delivered the land into his hand.	editor-notes/consistency/divine-pronoun-triage-2026-09-12/judges.md
Judges 1:19	OT	Judges	1	19	explicit-divine-subject:he→YHWH	he→YHWH	yes	he	YHWH was with Yehudah; and drove out [the inhabitants of] the hill country; for he could not drive out the inhabitants of the valley, because they had chariots of iron.	YHWH was with Yehudah; and drove out [the inhabitants of] the hill country; for he could not drive out the inhabitants of the valley, because they had chariots of iron.	editor-notes/consistency/divine-pronoun-triage-2026-09-12/judges.md
Judges 2:1	OT	Judges	2	1	next-sentence-divine-subject:He→YHWH	He→YHWH	yes	He	The angel of YHWH came up from Gilgal to Bochim. He said, I made you to go up out of Mitzrayim, and have brought you to the land which I swore to your fathers; and I said, I will never break my covenant with you:	The angel of YHWH came up from Gilgal to Bochim. He said, I made you to go up out of Mitzrayim, and have brought you to the land which I swore to your fathers; and I said, I will never break my covenant with you:	editor-notes/consistency/divine-pronoun-triage-2026-09-12/judges.md
Judges 2:14	OT	Judges	2	14	explicit-divine-subject:he→YHWH	he→YHWH	yes	he	The anger of YHWH was kindled against Israel, and he delivered them into the hands of spoilers who despoiled them; and he sold them into the hands of their enemies round about, so that they could not any longer stand before their enemies.	The anger of YHWH was kindled against Israel, and he delivered them into the hands of spoilers who despoiled them; and he sold them into the hands of their enemies round about, so that they could not any longer stand before their enemies.	editor-notes/consistency/divine-pronoun-triage-2026-09-12/judges.md
Judges 2:20	OT	Judges	2	20	explicit-divine-subject:he→YHWH	he→YHWH	yes	he	The anger of YHWH was kindled against Israel; and he said, Because this nation have transgressed my covenant which I commanded their fathers, and have not listened to my voice;	The anger of YHWH was kindled against Israel; and he said, Because this nation have transgressed my covenant which I commanded their fathers, and have not listened to my voice;	editor-notes/consistency/divine-pronoun-triage-2026-09-12/judges.md
Judges 3:8	OT	Judges	3	8	explicit-divine-subject:he→YHWH	he→YHWH	yes	he	Therefore the anger of YHWH was kindled against Israel, and he sold them into the hand of Cushan Rishathaim king of Mesopotamia: and the children of Israel served Cushan Rishathaim eight years.	Therefore the anger of YHWH was kindled against Israel, and he sold them into the hand of Cushan Rishathaim king of Mesopotamia: and the children of Israel served Cushan Rishathaim eight years.	editor-notes/consistency/divine-pronoun-triage-2026-09-12/judges.md
Judges 3:10	OT	Judges	3	10	explicit-divine-subject:he→YHWH	he→YHWH	yes	he,him,his	The Ruach of YHWH came on him, and he judged Israel; and he went out to war, and YHWH delivered Cushan Rishathaim king of Mesopotamia into his hand: and his hand prevailed against Cushan Rishathaim.	The Ruach of YHWH came on him, and he judged Israel; and he went out to war, and YHWH delivered Cushan Rishathaim king of Mesopotamia into his hand: and his hand prevailed against Cushan Rishathaim.	editor-notes/consistency/divine-pronoun-triage-2026-09-12/judges.md
Judges 3:20	OT	Judges	3	20	next-sentence-divine-subject:He→Elohim	He→Elohim	yes	He,he,him,himself,his	Ehud came to him; and he was sitting by himself alone in the cool upper room. Ehud said, I have a message from Elohim to you. He arose out of his seat.	Ehud came to him; and he was sitting by himself alone in the cool upper room. Ehud said, I have a message from Elohim to you. He arose out of his seat.	editor-notes/consistency/divine-pronoun-triage-2026-09-12/judges.md
Judges 4:3	OT	Judges	4	3	explicit-divine-subject:he→YHWH	he→YHWH	yes	he	The children of Israel cried to YHWH: for he had nine hundred chariots of iron; and twenty years he mightily oppressed the children of Israel.	The children of Israel cried to YHWH: for he had nine hundred chariots of iron; and twenty years he mightily oppressed the children of Israel.	editor-notes/consistency/divine-pronoun-triage-2026-09-12/judges.md
Judges 4:6	OT	Judges	4	6	explicit-divine-role:him→role-after-pronoun	him→role-after-pronoun	yes	him	She sent and called Barak the son of Abinoam out of Kedesh Naphtali, and said to him, Hasn't YHWH, the God of Israel, commanded, [saying], Go and draw to Mount Tabor, and take with you ten thousand men of the children of Naphtali and of the children of Zevulun?	She sent and called Barak the son of Abinoam out of Kedesh Naphtali, and said to him, Hasn't YHWH, the God of Israel, commanded, [saying], Go and draw to Mount Tabor, and take with you ten thousand men of the children of Naphtali and of the children of Zevulun?	editor-notes/consistency/divine-pronoun-triage-2026-09-12/judges.md
Judges 4:15	OT	Judges	4	15	divine-attribute:his→YHWH	his→YHWH	yes	his	YHWH confused Sisera, and all his chariots, and all his army, with the edge of the sword before Barak; and Sisera alighted from his chariot, and fled away on his feet.	YHWH confused Sisera, and all his chariots, and all his army, with the edge of the sword before Barak; and Sisera alighted from his chariot, and fled away on his feet.	editor-notes/consistency/divine-pronoun-triage-2026-09-12/judges.md
Judges 6:11	OT	Judges	6	11	explicit-divine-subject:his→YHWH	his→YHWH	yes	his	The angel of YHWH came, and sat under the oak which was in Ophrah, that pertained to Yoash the Abiezrite: and his son Gid'on was beating out wheat in the winepress, to hide it from the Midianites.	The angel of YHWH came, and sat under the oak which was in Ophrah, that pertained to Yoash the Abiezrite: and his son Gid'on was beating out wheat in the winepress, to hide it from the Midianites.	editor-notes/consistency/divine-pronoun-triage-2026-09-12/judges.md
Judges 6:12	OT	Judges	6	12	explicit-divine-role:him→role-after-pronoun	him→role-after-pronoun	yes	him	The angel of YHWH appeared to him, and said to him, YHWH is with you, you mighty man of valor.	The angel of YHWH appeared to him, and said to him, YHWH is with you, you mighty man of valor.	editor-notes/consistency/divine-pronoun-triage-2026-09-12/judges.md
Judges 6:13	OT	Judges	6	13	divine-attribute:his→YHWH, explicit-divine-role:him→role-after-pronoun	his→YHWH; him→role-after-pronoun	yes	him,his	Gid'on said to him, Oh, my lord, if YHWH is with us, why then has all this happened to us? and where are all his wondrous works which our fathers told us of, saying, Did not YHWH bring us up from Mitzrayim? but now YHWH has cast us off, and delivered us into the hand of Midian.	Gid'on said to him, Oh, my lord, if YHWH is with us, why then has all this happened to us? and where are all his wondrous works which our fathers told us of, saying, Did not YHWH bring us up from Mitzrayim? but now YHWH has cast us off, and delivered us into the hand of Midian.	editor-notes/consistency/divine-pronoun-triage-2026-09-12/judges.md
Judges 6:15	OT	Judges	6	15	explicit-divine-role:him→role-after-pronoun	him→role-after-pronoun	yes	He,him	He said to him, Oh, YHWH, with which shall I save Israel? behold, my family is the poorest in Menashe, and I am the least in my father's house.	He said to him, Oh, YHWH, with which shall I save Israel? behold, my family is the poorest in Menashe, and I am the least in my father's house.	editor-notes/consistency/divine-pronoun-triage-2026-09-12/judges.md
Judges 6:20	OT	Judges	6	20	next-sentence-divine-subject:He→Elohim	He→Elohim	yes	He,him	The angel of Elohim said to him, Take the flesh and the unleavened cakes, and lay them on this rock, and pour out the broth. He did so.	The angel of Elohim said to him, Take the flesh and the unleavened cakes, and lay them on this rock, and pour out the broth. He did so.	editor-notes/consistency/divine-pronoun-triage-2026-09-12/judges.md
Judges 6:21	OT	Judges	6	21	divine-attribute:his→YHWH	his→YHWH	yes	his	Then the angel of YHWH put forth the end of the staff that was in his hand, and touched the flesh and the unleavened cakes; and there went up fire out of the rock, and consumed the flesh and the unleavened cakes; and the angel of YHWH departed out of his sight.	Then the angel of YHWH put forth the end of the staff that was in his hand, and touched the flesh and the unleavened cakes; and there went up fire out of the rock, and consumed the flesh and the unleavened cakes; and the angel of YHWH departed out of his sight.	editor-notes/consistency/divine-pronoun-triage-2026-09-12/judges.md
Judges 6:27	OT	Judges	6	27	devotion-object:his→YHWH, explicit-divine-subject:he→YHWH	his→YHWH; he→YHWH	yes	he,him,his	Then Gid'on took ten men of his servants, and did as YHWH had spoken to him: and it happened, because he feared his father's household and the men of the city, so that he could not do it by day, that he did it by night.	Then Gid'on took ten men of his servants, and did as YHWH had spoken to him: and it happened, because he feared his father's household and the men of the city, so that he could not do it by day, that he did it by night.	editor-notes/consistency/divine-pronoun-triage-2026-09-12/judges.md
Judges 10:6	OT	Judges	10	6	devotion-object:him→YHWH	him→YHWH	yes	him	The children of Israel again did what was broken in the sight of YHWH, and served the Baals, and the Ashtaroth, and the gods of Aram, and the gods of Tzidon, and the gods of Moab, and the gods of the children of Ammon, and the gods of the Philistines; and they forsook YHWH, and didn't serve him.	The children of Israel again did what was broken in the sight of YHWH, and served the Baals, and the Ashtaroth, and the gods of Aram, and the gods of Tzidon, and the gods of Moab, and the gods of the children of Ammon, and the gods of the Philistines; and they forsook YHWH, and didn't serve him.	editor-notes/consistency/divine-pronoun-triage-2026-09-12/judges.md
Judges 10:7	OT	Judges	10	7	explicit-divine-subject:he→YHWH	he→YHWH	yes	he	The anger of YHWH was kindled against Israel, and he sold them into the hand of the Philistines, and into the hand of the children of Ammon.	The anger of YHWH was kindled against Israel, and he sold them into the hand of the Philistines, and into the hand of the children of Ammon.	editor-notes/consistency/divine-pronoun-triage-2026-09-12/judges.md
Judges 10:16	OT	Judges	10	16	divine-attribute:his→YHWH	his→YHWH	yes	his	They put away the foreign gods from among them, and served YHWH; and his soul was grieved for the misery of Israel.	They put away the foreign gods from among them, and served YHWH; and his soul was grieved for the misery of Israel.	editor-notes/consistency/divine-pronoun-triage-2026-09-12/judges.md
Judges 11:21	OT	Judges	11	21	divine-attribute:his→God	his→God	yes	his	YHWH, the God of Israel, delivered Sihon and all his people into the hand of Israel, and they struck them: so Israel possessed all the land of the Amorites, the inhabitants of that country.	YHWH, the God of Israel, delivered Sihon and all his people into the hand of Israel, and they struck them: so Israel possessed all the land of the Amorites, the inhabitants of that country.	editor-notes/consistency/divine-pronoun-triage-2026-09-12/judges.md
Judges 11:29	OT	Judges	11	29	explicit-divine-subject:he→YHWH	he→YHWH	yes	he	Then the Ruach of YHWH came on Jephthah, and he passed over Gilead and Menashe, and passed over Mizpeh of Gilead, and from Mizpeh of Gilead he passed over to the children of Ammon.	Then the Ruach of YHWH came on Jephthah, and he passed over Gilead and Menashe, and passed over Mizpeh of Gilead, and from Mizpeh of Gilead he passed over to the children of Ammon.	editor-notes/consistency/divine-pronoun-triage-2026-09-12/judges.md
Judges 11:32	OT	Judges	11	32	divine-attribute:his→YHWH	his→YHWH	yes	his	So Jephthah passed over to the children of Ammon to fight against them; and YHWH delivered them into his hand.	So Jephthah passed over to the children of Ammon to fight against them; and YHWH delivered them into his hand.	editor-notes/consistency/divine-pronoun-triage-2026-09-12/judges.md
Judges 11:36	OT	Judges	11	36	explicit-divine-role:him→role-after-pronoun	him→role-after-pronoun	yes	him	She said to him, My father, you have opened your mouth to YHWH; do to me according to that which has proceeded out of your mouth, because YHWH has taken vengeance for you on your enemies, even on the children of Ammon.	She said to him, My father, you have opened your mouth to YHWH; do to me according to that which has proceeded out of your mouth, because YHWH has taken vengeance for you on your enemies, even on the children of Ammon.	editor-notes/consistency/divine-pronoun-triage-2026-09-12/judges.md
Judges 13:5	OT	Judges	13	5	explicit-divine-subject:he→Elohim	he→Elohim	yes	he,his	for, behold, you shall conceive, and bear a son; and no razor shall come on his head; for the child shall be a Nazirite to Elohim from the womb: and he shall begin to save Israel out of the hand of the Philistines.	for, behold, you shall conceive, and bear a son; and no razor shall come on his head; for the child shall be a Nazirite to Elohim from the womb: and he shall begin to save Israel out of the hand of the Philistines.	editor-notes/consistency/divine-pronoun-triage-2026-09-12/judges.md
Judges 13:6	OT	Judges	13	6	divine-attribute:his→Elohim	his→Elohim	yes	he,him,his	Then the woman came and told her husband, saying, A person of Elohim came to me, and their face was like the face of the angel of Elohim, very awesome; and I didn't ask him whence he was, neither did he tell me his name:	Then the woman came and told her husband, saying, A person of Elohim came to me, and their face was like the face of the angel of Elohim, very awesome; and I didn't ask him whence he was, neither did he tell me his name:	editor-notes/consistency/divine-pronoun-triage-2026-09-12/judges.md
Judges 13:20	OT	Judges	13	20	explicit-divine-subject:his→YHWH	his→YHWH	yes	his	For it happened, when the flame went up toward the heavens from off the altar, that the angel of YHWH ascended in the flame of the altar: and Manoah and his wife looked on; and they fell on their faces to the ground.	For it happened, when the flame went up toward the heavens from off the altar, that the angel of YHWH ascended in the flame of the altar: and Manoah and his wife looked on; and they fell on their faces to the ground.	editor-notes/consistency/divine-pronoun-triage-2026-09-12/judges.md
Judges 13:23	OT	Judges	13	23	explicit-divine-role:him→role-after-pronoun	him→role-after-pronoun	yes	him,his	But his wife said to him, If YHWH were pleased to kill us, YHWH wouldn't have received a burnt offering and a meal offering at our hand, neither would YHWH have shown us all these things, nor would at this time have told such things as these.	But his wife said to him, If YHWH were pleased to kill us, YHWH wouldn't have received a burnt offering and a meal offering at our hand, neither would YHWH have shown us all these things, nor would at this time have told such things as these.	editor-notes/consistency/divine-pronoun-triage-2026-09-12/judges.md
Judges 13:24	OT	Judges	13	24	explicit-divine-role:him→role-after-pronoun	him→role-after-pronoun	yes	him	The woman bore a son, and named him Shimshon: and the child grew, and YHWH blessed him.	The woman bore a son, and named him Shimshon: and the child grew, and YHWH blessed him.	editor-notes/consistency/divine-pronoun-triage-2026-09-12/judges.md
Judges 14:4	OT	Judges	14	4	explicit-divine-subject:he→YHWH	he→YHWH	yes	he,his	But his father and his mother didn't know that it was of YHWH; for he sought an occasion against the Philistines. Now at that time the Philistines had rule over Israel.	But his father and his mother didn't know that it was of YHWH; for he sought an occasion against the Philistines. Now at that time the Philistines had rule over Israel.	editor-notes/consistency/divine-pronoun-triage-2026-09-12/judges.md
Judges 14:6	OT	Judges	14	6	divine-attribute:his→YHWH, explicit-divine-subject:he→YHWH	his→YHWH; he→YHWH	yes	he,him,his	The Ruach of YHWH came mightily on him, and he tore him as he would have torn a kid; and he had nothing in his hand: but he didn't tell his father or his mother what he had done.	The Ruach of YHWH came mightily on him, and he tore him as he would have torn a kid; and he had nothing in his hand: but he didn't tell his father or his mother what he had done.	editor-notes/consistency/divine-pronoun-triage-2026-09-12/judges.md
Judges 14:19	OT	Judges	14	19	explicit-divine-subject:he→YHWH	he→YHWH	yes	he,him,his,His	The Ruach of YHWH came mightily on him, and he went down to Ashqelon, and struck thirty men of them, and took their spoil, and gave the changes [of clothing] to those who declared the riddle. His anger was kindled, and he went up to his father's house.	The Ruach of YHWH came mightily on him, and he went down to Ashqelon, and struck thirty men of them, and took their spoil, and gave the changes [of clothing] to those who declared the riddle. His anger was kindled, and he went up to his father's house.	editor-notes/consistency/divine-pronoun-triage-2026-09-12/judges.md
Judges 15:14	OT	Judges	15	14	explicit-divine-subject:his→YHWH, explicit-divine-role:him→role-after-pronoun	his→YHWH; him→role-after-pronoun	yes	he,him,his	When he came to Lehi, the Philistines shouted as they met him: and the Ruach of YHWH came mightily on him, and the ropes that were on his arms became as flax that was burnt with fire, and his bands dropped from off his hands.	When he came to Lehi, the Philistines shouted as they met him: and the Ruach of YHWH came mightily on him, and the ropes that were on his arms became as flax that was burnt with fire, and his bands dropped from off his hands.	editor-notes/consistency/divine-pronoun-triage-2026-09-12/judges.md
Judges 15:19	OT	Judges	15	19	divine-attribute:his→Elohim	his→Elohim	yes	he,his	But Elohim split the hollow place that is in Lehi, and water came out of it. When he had drunk, his spirit came again, and he revived: therefore the name of it was called En Hakkore, which is in Lehi, to this day.	But Elohim split the hollow place that is in Lehi, and water came out of it. When he had drunk, his spirit came again, and he revived: therefore the name of it was called En Hakkore, which is in Lehi, to this day.	editor-notes/consistency/divine-pronoun-triage-2026-09-12/judges.md
Judges 18:5	OT	Judges	18	5	explicit-divine-role:him→role-after-pronoun	him→role-after-pronoun	yes	him	They said to him, Ask counsel, we pray you, of Elohim, that we may know whether our way which we go shall be prosperous.	They said to him, Ask counsel, we pray you, of Elohim, that we may know whether our way which we go shall be prosperous.	editor-notes/consistency/divine-pronoun-triage-2026-09-12/judges.md
Lamentations 1:15	OT	Lamentations	1	15	explicit-divine-subject:He→YHWH	He→YHWH	yes	He	YHWH has set at nothing all my mighty men in the midst of me; He has called a solemn assembly against me to crush my young people: YHWH has trodden as in a winepress the virgin daughter of Yehudah.	YHWH has set at nothing all my mighty men in the midst of me; He has called a solemn assembly against me to crush my young people: YHWH has trodden as in a winepress the virgin daughter of Yehudah.	editor-notes/consistency/divine-pronoun-triage-2026-09-12/lamentations.md
Lamentations 1:18	OT	Lamentations	1	18	divine-attribute:his→YHWH	his→YHWH	yes	his	YHWH is righteous; for I have rebelled against his commandment: Please hear all you peoples, and see my sorrow: My virgins and my young people are gone into captivity.	YHWH is righteous; for I have rebelled against his commandment: Please hear all you peoples, and see my sorrow: My virgins and my young people are gone into captivity.	editor-notes/consistency/divine-pronoun-triage-2026-09-12/lamentations.md
Lamentations 2:2	OT	Lamentations	2	2	divine-attribute:his→YHWH	his→YHWH	yes	he,He,his	YHWH has swallowed up all the habitations of Ya'akov, and has not pitied: He has thrown down in his wrath the strongholds of the daughter of Yehudah; He has brought them down to the ground; he has profaned the kingdom and the princes of it.	YHWH has swallowed up all the habitations of Ya'akov, and has not pitied: He has thrown down in his wrath the strongholds of the daughter of Yehudah; He has brought them down to the ground; he has profaned the kingdom and the princes of it.	editor-notes/consistency/divine-pronoun-triage-2026-09-12/lamentations.md
Lamentations 2:8	OT	Lamentations	2	8	divine-attribute:his→YHWH, explicit-divine-subject:He→YHWH	his→YHWH; He→YHWH	yes	he,He,his	YHWH has purposed to destroy the wall of the daughter of Tzion; He has stretched out the line, he has not withdrawn his hand from destroying; He has made the rampart and wall to lament; they languish together.	YHWH has purposed to destroy the wall of the daughter of Tzion; He has stretched out the line, he has not withdrawn his hand from destroying; He has made the rampart and wall to lament; they languish together.	editor-notes/consistency/divine-pronoun-triage-2026-09-12/lamentations.md
Lamentations 3:25	OT	Lamentations	3	25	devotion-object:him→YHWH	him→YHWH	yes	him	YHWH is good to those who wait for him, to the soul that seeks him.	YHWH is good to those who wait for him, to the soul that seeks him.	editor-notes/consistency/divine-pronoun-triage-2026-09-12/lamentations.md
Lamentations 4:16	OT	Lamentations	4	16	explicit-divine-subject:he→YHWH	he→YHWH	yes	he	The anger of YHWH has scattered them; he will no more regard them: They didn't respect the persons of the priests, they didn't favor the elders.	The anger of YHWH has scattered them; he will no more regard them: They didn't respect the persons of the priests, they didn't favor the elders.	editor-notes/consistency/divine-pronoun-triage-2026-09-12/lamentations.md
Leviticus 2:1	OT	Leviticus	2	1	explicit-divine-subject:he→YHWH	he→YHWH	yes	he	"""'When anyone offers an offering of a meal offering to YHWH, their offering shall be of fine flour; and he shall pour oil on it, and put frankincense on it."	"""'When anyone offers an offering of a meal offering to YHWH, their offering shall be of fine flour; and he shall pour oil on it, and put frankincense on it."	editor-notes/consistency/divine-pronoun-triage-2026-09-12/leviticus.md
Leviticus 3:6	OT	Leviticus	3	6	explicit-divine-subject:he→YHWH	he→YHWH	yes	he,his	"""'If his offering for a sacrifice of peace offerings to YHWH is from the flock; male or female, he shall offer it without blemish."	"""'If his offering for a sacrifice of peace offerings to YHWH is from the flock; male or female, he shall offer it without blemish."	editor-notes/consistency/divine-pronoun-triage-2026-09-12/leviticus.md
Leviticus 3:9	OT	Leviticus	3	9	explicit-divine-subject:he→YHWH	he→YHWH	yes	he,He	He shall offer from the sacrifice of peace offerings an offering made by fire to YHWH; its fat, the entire tail fat, he shall take away close to the backbone; and the fat that covers the inwards, and all the fat that is on the inwards,	He shall offer from the sacrifice of peace offerings an offering made by fire to YHWH; its fat, the entire tail fat, he shall take away close to the backbone; and the fat that covers the inwards, and all the fat that is on the inwards,	editor-notes/consistency/divine-pronoun-triage-2026-09-12/leviticus.md
Leviticus 4:4	OT	Leviticus	4	4	divine-attribute:his→YHWH, explicit-divine-subject:he→YHWH	his→YHWH; he→YHWH	yes	he,He,his	He shall bring the bull to the door of the Tent of Meeting before YHWH; and he shall lay his hand on the head of the bull, and kill the bull before YHWH.	He shall bring the bull to the door of the Tent of Meeting before YHWH; and he shall lay his hand on the head of the bull, and kill the bull before YHWH.	editor-notes/consistency/divine-pronoun-triage-2026-09-12/leviticus.md
Leviticus 4:7	OT	Leviticus	4	7	explicit-divine-subject:he→YHWH	he→YHWH	yes	he	The priest shall put some of the blood on the horns of the altar of sweet incense before YHWH, which is in the tent of meeting; and he shall pour out all of rest of the blood of the bull at the base of the altar of burnt offering, which is at the door of the Tent of Meeting.	The priest shall put some of the blood on the horns of the altar of sweet incense before YHWH, which is in the tent of meeting; and he shall pour out all of rest of the blood of the bull at the base of the altar of burnt offering, which is at the door of the Tent of Meeting.	editor-notes/consistency/divine-pronoun-triage-2026-09-12/leviticus.md
Leviticus 5:6	OT	Leviticus	5	6	explicit-divine-subject:his→YHWH	his→YHWH	yes	he,him,his	and he shall bring his trespass offering to YHWH for his sin which he has sinned, a female from the flock, a lamb or a goat, for a sin offering; and the priest shall make atonement for him concerning his sin.	and he shall bring his trespass offering to YHWH for his sin which he has sinned, a female from the flock, a lamb or a goat, for a sin offering; and the priest shall make atonement for him concerning his sin.	editor-notes/consistency/divine-pronoun-triage-2026-09-12/leviticus.md
Leviticus 6:7	OT	Leviticus	6	7	explicit-divine-subject:he→YHWH, explicit-divine-role:him→role-after-pronoun	he→YHWH; him→role-after-pronoun	yes	he,him	"The priest shall make atonement for him before YHWH, and he will be forgiven concerning whatever he does to become guilty."""	"The priest shall make atonement for him before YHWH, and he will be forgiven concerning whatever he does to become guilty."""	editor-notes/consistency/divine-pronoun-triage-2026-09-12/leviticus.md
Leviticus 7:20	OT	Leviticus	7	20	divine-attribute:his→YHWH	his→YHWH	yes	him,his	but the soul who eats of the flesh of the sacrifice of peace offerings, that belongs to YHWH, having his uncleanness on him, that soul shall be cut off from his people.	but the soul who eats of the flesh of the sacrifice of peace offerings, that belongs to YHWH, having his uncleanness on him, that soul shall be cut off from his people.	editor-notes/consistency/divine-pronoun-triage-2026-09-12/leviticus.md
Leviticus 7:30	OT	Leviticus	7	30	next-sentence-divine-subject:He→YHWH	He→YHWH	yes	he,He,his	With his own hands he shall bring the offerings of YHWH made by fire. He shall bring the fat with the breast, that the breast may be waved for a wave offering before YHWH.	With his own hands he shall bring the offerings of YHWH made by fire. He shall bring the fat with the breast, that the breast may be waved for a wave offering before YHWH.	editor-notes/consistency/divine-pronoun-triage-2026-09-12/leviticus.md
Leviticus 7:36	OT	Leviticus	7	36	explicit-divine-subject:he→YHWH	he→YHWH	yes	he	which YHWH commanded to be given them of the children of Israel, in the day that he anointed them. It is their portion forever throughout their generations.	which YHWH commanded to be given them of the children of Israel, in the day that he anointed them. It is their portion forever throughout their generations.	editor-notes/consistency/divine-pronoun-triage-2026-09-12/leviticus.md
Leviticus 8:26	OT	Leviticus	8	26	explicit-divine-subject:he→YHWH	he→YHWH	yes	he	and out of the basket of unleavened bread, that was before YHWH, he took one unleavened cake, and one cake of oiled bread, and one wafer, and placed them on the fat, and on the right thigh.	and out of the basket of unleavened bread, that was before YHWH, he took one unleavened cake, and one cake of oiled bread, and one wafer, and placed them on the fat, and on the right thigh.	editor-notes/consistency/divine-pronoun-triage-2026-09-12/leviticus.md
Leviticus 15:15	OT	Leviticus	15	15	explicit-divine-subject:his→YHWH, explicit-divine-role:him→role-after-pronoun	his→YHWH; him→role-after-pronoun	yes	him,his	and the priest shall offer them, the one for a sin offering, and the other for a burnt offering. The priest shall make atonement for him before YHWH for his discharge.	and the priest shall offer them, the one for a sin offering, and the other for a burnt offering. The priest shall make atonement for him before YHWH for his discharge.	editor-notes/consistency/divine-pronoun-triage-2026-09-12/leviticus.md
Leviticus 16:13	OT	Leviticus	16	13	explicit-divine-subject:he→YHWH	he→YHWH	yes	he	and he shall put the incense on the fire before YHWH, that the cloud of the incense may cover the mercy seat that is on the testimony, so that he will not die.	and he shall put the incense on the fire before YHWH, that the cloud of the incense may cover the mercy seat that is on the testimony, so that he will not die.	editor-notes/consistency/divine-pronoun-triage-2026-09-12/leviticus.md
Leviticus 19:22	OT	Leviticus	19	22	explicit-divine-subject:his→YHWH	his→YHWH	yes	he,him,his	The priest shall make atonement for him with the ram of the trespass offering before YHWH for his sin which he has committed: and the sin which he has committed shall be forgiven him.	The priest shall make atonement for him with the ram of the trespass offering before YHWH for his sin which he has committed: and the sin which he has committed shall be forgiven him.	editor-notes/consistency/divine-pronoun-triage-2026-09-12/leviticus.md
Leviticus 21:8	OT	Leviticus	21	8	explicit-divine-role:him→role-after-pronoun	him→role-after-pronoun	yes	he,him	You shall sanctify him therefore; for he offers the bread of your God: he shall be holy to you: for I YHWH, who sanctify you, am holy.	You shall sanctify him therefore; for he offers the bread of your God: he shall be holy to you: for I YHWH, who sanctify you, am holy.	editor-notes/consistency/divine-pronoun-triage-2026-09-12/leviticus.md
Leviticus 24:9	OT	Leviticus	24	9	explicit-divine-role:him→role-after-pronoun	him→role-after-pronoun	yes	him,his	"It shall be for Aharon and his sons; and they shall eat it in a holy place: for it is most holy to him of the offerings of YHWH made by fire by a perpetual statute."""	"It shall be for Aharon and his sons; and they shall eat it in a holy place: for it is most holy to him of the offerings of YHWH made by fire by a perpetual statute."""	editor-notes/consistency/divine-pronoun-triage-2026-09-12/leviticus.md
Leviticus 24:12	OT	Leviticus	24	12	explicit-divine-role:him→role-after-pronoun	him→role-after-pronoun	yes	him	They put him in custody, until the will of YHWH should be declared to them.	They put him in custody, until the will of YHWH should be declared to them.	editor-notes/consistency/divine-pronoun-triage-2026-09-12/leviticus.md
Leviticus 25:36	OT	Leviticus	25	36	explicit-divine-role:him→role-after-pronoun	him→role-after-pronoun	yes	him	Take no interest from him or profit, but revere your God; that your brother may live among you.	Take no interest from him or profit, but revere your God; that your brother may live among you.	editor-notes/consistency/divine-pronoun-triage-2026-09-12/leviticus.md
Leviticus 25:43	OT	Leviticus	25	43	explicit-divine-role:him→role-after-pronoun	him→role-after-pronoun	yes	him	You shall not rule over him with harshness, but shall revere your God.	You shall not rule over him with harshness, but shall revere your God.	editor-notes/consistency/divine-pronoun-triage-2026-09-12/leviticus.md
Micah 1:2	OT	Micah	1	2	divine-attribute:his→YHWH	his→YHWH	yes	his	Hear, you peoples, all of you. Listen, O earth, and all that is therein: and let YHWH God be witness against you, YHWH from his holy temple.	Hear, you peoples, all of you. Listen, O earth, and all that is therein: and let YHWH God be witness against you, YHWH from his holy temple.	editor-notes/consistency/divine-pronoun-triage-2026-09-12/micah.md
Micah 1:3	OT	Micah	1	3	divine-attribute:his→YHWH	his→YHWH	yes	his	For, behold, YHWH comes forth out of his place, and will come down and tread on the high places of the earth.	For, behold, YHWH comes forth out of his place, and will come down and tread on the high places of the earth.	editor-notes/consistency/divine-pronoun-triage-2026-09-12/micah.md
Micah 4:12	OT	Micah	4	12	divine-attribute:his→YHWH, explicit-divine-subject:he→YHWH	his→YHWH; he→YHWH	yes	he,his	But they don't know the thoughts of YHWH, neither do they understand his counsel; for he has gathered them like the sheaves to the threshing floor.	But they don't know the thoughts of YHWH, neither do they understand his counsel; for he has gathered them like the sheaves to the threshing floor.	editor-notes/consistency/divine-pronoun-triage-2026-09-12/micah.md
Nahum 1:7	OT	Nahum	1	7	explicit-divine-subject:he→YHWH	he→YHWH	yes	he,him	YHWH is good, a stronghold in the day of trouble; and he knows those who take refuge in him.	YHWH is good, a stronghold in the day of trouble; and he knows those who take refuge in him.	editor-notes/consistency/divine-pronoun-triage-2026-09-12/nahum.md
Nahum 1:12	OT	Nahum	1	12	explicit-divine-subject:he→YHWH	he→YHWH	yes	he	"Thus says YHWH: ""Though they be in full strength, and likewise many, even so they will be cut down, and he shall pass away. Though I have afflicted you, I will afflict you no more."	"Thus says YHWH: ""Though they be in full strength, and likewise many, even so they will be cut down, and he shall pass away. Though I have afflicted you, I will afflict you no more."	editor-notes/consistency/divine-pronoun-triage-2026-09-12/nahum.md
Nehemiah 13:7	OT	Nehemiah	13	7	explicit-divine-role:him→role-after-pronoun	him→role-after-pronoun	yes	him	and I came to Yerushalayim, and understood the brokenness that Eliashib had done for Tobiah, in preparing him a chamber in the courts of the house of Elohim.	and I came to Yerushalayim, and understood the brokenness that Eliashib had done for Tobiah, in preparing him a chamber in the courts of the house of Elohim.	editor-notes/consistency/divine-pronoun-triage-2026-09-12/nehemiah.md
Nehemiah 13:26	OT	Nehemiah	13	26	explicit-divine-role:him→role-after-pronoun	him→role-after-pronoun	yes	he,him,his	Did not Shlomo king of Israel sin by these things? yet among many nations was there no king like him, and he was beloved of his God, and Elohim made him king over all Israel: nevertheless even him did foreign women cause to sin.	Did not Shlomo king of Israel sin by these things? yet among many nations was there no king like him, and he was beloved of his God, and Elohim made him king over all Israel: nevertheless even him did foreign women cause to sin.	editor-notes/consistency/divine-pronoun-triage-2026-09-12/nehemiah.md
Numbers 4:49	OT	Numbers	4	49	explicit-divine-role:him→role-after-pronoun	him→role-after-pronoun	yes	him	According to the commandment of YHWH they were numbered by Moshe, everyone according to their service, and according to their burden. Thus were they numbered by him, as YHWH commanded Moshe.	According to the commandment of YHWH they were numbered by Moshe, everyone according to their service, and according to their burden. Thus were they numbered by him, as YHWH commanded Moshe.	editor-notes/consistency/divine-pronoun-triage-2026-09-12/numbers.md
Numbers 6:5	OT	Numbers	6	5	next-sentence-divine-subject:He→YHWH	He→YHWH	yes	he,He,himself,his	"""All the days of his vow of separation there shall no razor come on his head, until the days are fulfilled, in which he separates himself to YHWH. He shall be holy. He shall let the locks of the hair of his head grow long."	"""All the days of his vow of separation there shall no razor come on his head, until the days are fulfilled, in which he separates himself to YHWH. He shall be holy. He shall let the locks of the hair of his head grow long."	editor-notes/consistency/divine-pronoun-triage-2026-09-12/numbers.md
Numbers 6:16	OT	Numbers	6	16	explicit-divine-subject:his→YHWH	his→YHWH	yes	his	The priest shall present them before YHWH, and shall offer his sin offering, and his burnt offering.	The priest shall present them before YHWH, and shall offer his sin offering, and his burnt offering.	editor-notes/consistency/divine-pronoun-triage-2026-09-12/numbers.md
Numbers 6:21	OT	Numbers	6	21	explicit-divine-subject:his→YHWH	his→YHWH	yes	he,his	"""This is the law of the Nazirite who vows, and of his offering to YHWH for his separation, besides that which he is able to get. According to his vow which he vows, so he must do after the law of his separation."""	"""This is the law of the Nazirite who vows, and of his offering to YHWH for his separation, besides that which he is able to get. According to his vow which he vows, so he must do after the law of his separation."""	editor-notes/consistency/divine-pronoun-triage-2026-09-12/numbers.md
Numbers 7:89	OT	Numbers	7	89	explicit-divine-subject:he→YHWH	he→YHWH	yes	he,him	When Moshe went into the Tent of Meeting to speak with YHWH, he heard YHWH’s voice speaking to him from above the mercy seat that was on the ark of the Testimony, from between the two cherubim: and he spoke to him.	When Moshe went into the Tent of Meeting to speak with YHWH, he heard YHWH’s voice speaking to him from above the mercy seat that was on the ark of the Testimony, from between the two cherubim: and he spoke to him.	editor-notes/consistency/divine-pronoun-triage-2026-09-12/numbers.md
Numbers 11:24	OT	Numbers	11	24	explicit-divine-subject:he→YHWH	he→YHWH	yes	he	Moshe went out, and told the people the words of YHWH: and he gathered seventy men of the elders of the people, and set them round about the Tent.	Moshe went out, and told the people the words of YHWH: and he gathered seventy men of the elders of the people, and set them round about the Tent.	editor-notes/consistency/divine-pronoun-triage-2026-09-12/numbers.md
Numbers 12:9	OT	Numbers	12	9	explicit-divine-subject:he→YHWH	he→YHWH	yes	he	The anger of YHWH was kindled against them; and he departed.	The anger of YHWH was kindled against them; and he departed.	editor-notes/consistency/divine-pronoun-triage-2026-09-12/numbers.md
Numbers 15:28	OT	Numbers	15	28	explicit-divine-subject:he→YHWH	he→YHWH	yes	he,him	The priest shall make atonement for the soul who errs, when he sins unwittingly, before YHWH, to make atonement for him; and he shall be forgiven.	The priest shall make atonement for the soul who errs, when he sins unwittingly, before YHWH, to make atonement for him; and he shall be forgiven.	editor-notes/consistency/divine-pronoun-triage-2026-09-12/numbers.md
Numbers 15:30	OT	Numbers	15	30	divine-attribute:his→YHWH	his→YHWH	yes	he,his	But the soul who does anything with a high hand, whether he is native-born or a foreigner, the same blasphemes YHWH; and that soul shall be cut off from among his people.	But the soul who does anything with a high hand, whether he is native-born or a foreigner, the same blasphemes YHWH; and that soul shall be cut off from among his people.	editor-notes/consistency/divine-pronoun-triage-2026-09-12/numbers.md
Numbers 15:31	OT	Numbers	15	31	divine-attribute:his→YHWH, explicit-divine-subject:his→YHWH	his→YHWH; his→YHWH	yes	he,him,his	Because he has despised the word of YHWH, and has broken his commandment, that soul shall utterly be cut off; his iniquity shall be on him.	Because he has despised the word of YHWH, and has broken his commandment, that soul shall utterly be cut off; his iniquity shall be on him.	editor-notes/consistency/divine-pronoun-triage-2026-09-12/numbers.md
Numbers 15:36	OT	Numbers	15	36	explicit-divine-role:him→role-after-pronoun	him→role-after-pronoun	yes	him	All the congregation brought him outside of the camp, and stoned him to death with stones; as YHWH commanded Moshe.	All the congregation brought him outside of the camp, and stoned him to death with stones; as YHWH commanded Moshe.	editor-notes/consistency/divine-pronoun-triage-2026-09-12/numbers.md
Numbers 16:40	OT	Numbers	16	40	explicit-divine-subject:he→YHWH	he→YHWH	yes	he,him,his	to be a memorial to the children of Israel, to the end that no stranger, who isn't of the seed of Aharon, comes near to burn incense before YHWH; that he not be as Korah, and as his company: as YHWH spoke to him by Moshe.	to be a memorial to the children of Israel, to the end that no stranger, who isn't of the seed of Aharon, comes near to burn incense before YHWH; that he not be as Korah, and as his company: as YHWH spoke to him by Moshe.	editor-notes/consistency/divine-pronoun-triage-2026-09-12/numbers.md
Numbers 19:13	OT	Numbers	19	13	explicit-divine-subject:he→YHWH	he→YHWH	yes	he,him,his	Whoever touches a dead person, the body of a person who has died, and doesn't purify themselves, defiles the tent of YHWH; and that soul shall be cut off from Israel: because the water for impurity was not sprinkled on him, he shall be unclean; his uncleanness is yet on him.	Whoever touches a dead person, the body of a person who has died, and doesn't purify themselves, defiles the tent of YHWH; and that soul shall be cut off from Israel: because the water for impurity was not sprinkled on him, he shall be unclean; his uncleanness is yet on him.	editor-notes/consistency/divine-pronoun-triage-2026-09-12/numbers.md
Numbers 19:20	OT	Numbers	19	20	explicit-divine-subject:he→YHWH	he→YHWH	yes	he,him	But the one who shall be unclean, and shall not purify themselves, that soul shall be cut off from the midst of the assembly, because they have defiled the sanctuary of YHWH: the water for impurity has not been sprinkled on him; he is unclean.	But the one who shall be unclean, and shall not purify themselves, that soul shall be cut off from the midst of the assembly, because they have defiled the sanctuary of YHWH: the water for impurity has not been sprinkled on him; he is unclean.	editor-notes/consistency/divine-pronoun-triage-2026-09-12/numbers.md
Numbers 22:22	OT	Numbers	22	22	explicit-divine-subject:he→Elohim	he→Elohim	yes	he,him,himself,his	Elohim's anger was kindled because he went; and the angel of YHWH placed himself in the way for an adversary against him. Now he was riding on his donkey, and his two servants were with him.	Elohim's anger was kindled because he went; and the angel of YHWH placed himself in the way for an adversary against him. Now he was riding on his donkey, and his two servants were with him.	editor-notes/consistency/divine-pronoun-triage-2026-09-12/numbers.md
Numbers 22:23	OT	Numbers	22	23	divine-attribute:his→YHWH	his→YHWH	yes	his	The donkey saw the angel of YHWH standing in the way, with his sword drawn in his hand; and the donkey turned aside out of the way, and went into the field: and Bil'am struck the donkey, to turn her into the way.	The donkey saw the angel of YHWH standing in the way, with his sword drawn in his hand; and the donkey turned aside out of the way, and went into the field: and Bil'am struck the donkey, to turn her into the way.	editor-notes/consistency/divine-pronoun-triage-2026-09-12/numbers.md
Numbers 22:25	OT	Numbers	22	25	explicit-divine-subject:he→YHWH	he→YHWH	yes	he	The donkey saw the angel of YHWH, and she thrust herself to the wall, and crushed Bil'am's foot against the wall: and he struck her again.	The donkey saw the angel of YHWH, and she thrust herself to the wall, and crushed Bil'am's foot against the wall: and he struck her again.	editor-notes/consistency/divine-pronoun-triage-2026-09-12/numbers.md
Numbers 22:27	OT	Numbers	22	27	explicit-divine-subject:he→YHWH	he→YHWH	yes	he,his	The donkey saw the angel of YHWH, and she lay down under Bil'am: and Bil'am's anger was kindled, and he struck the donkey with his staff.	The donkey saw the angel of YHWH, and she lay down under Bil'am: and Bil'am's anger was kindled, and he struck the donkey with his staff.	editor-notes/consistency/divine-pronoun-triage-2026-09-12/numbers.md
Numbers 22:31	OT	Numbers	22	31	divine-attribute:his→YHWH, explicit-divine-subject:he→YHWH, explicit-divine-subject:he→YHWH	his→YHWH; he→YHWH; he→YHWH	yes	he,his	Then YHWH opened the eyes of Bil'am, and he saw the angel of YHWH standing in the way, with his sword drawn in his hand; and he bowed his head, and fell on his face.	Then YHWH opened the eyes of Bil'am, and he saw the angel of YHWH standing in the way, with his sword drawn in his hand; and he bowed his head, and fell on his face.	editor-notes/consistency/divine-pronoun-triage-2026-09-12/numbers.md
Numbers 23:3	OT	Numbers	23	3	next-sentence-divine-subject:He→YHWH	He→YHWH	yes	he,He	Bil'am said to Balak, Stand by your burnt offering, and I will go: perhaps YHWH will come to meet me; and whatever he shows me I will tell you. He went to a bare height.	Bil'am said to Balak, Stand by your burnt offering, and I will go: perhaps YHWH will come to meet me; and whatever he shows me I will tell you. He went to a bare height.	editor-notes/consistency/divine-pronoun-triage-2026-09-12/numbers.md
Numbers 23:4	OT	Numbers	23	4	explicit-divine-subject:he→Elohim	he→Elohim	yes	he,him	Elohim met Bil'am: and he said to him, I have prepared the seven altars, and I have offered up a bull and a ram on every altar.	Elohim met Bil'am: and he said to him, I have prepared the seven altars, and I have offered up a bull and a ram on every altar.	editor-notes/consistency/divine-pronoun-triage-2026-09-12/numbers.md
Numbers 23:17	OT	Numbers	23	17	explicit-divine-role:him→role-after-pronoun	him→role-after-pronoun	yes	he,He,him,his	He came to him, and behold, he was standing by his burnt offering, and the princes of Moab with him. Balak said to him, What has YHWH spoken?	He came to him, and behold, he was standing by his burnt offering, and the princes of Moab with him. Balak said to him, What has YHWH spoken?	editor-notes/consistency/divine-pronoun-triage-2026-09-12/numbers.md
Numbers 24:1	OT	Numbers	24	1	explicit-divine-subject:he→YHWH	he→YHWH	yes	he,his	When Bil'am saw that it pleased YHWH to bless Israel, he didn't go, as at the other times, to meet with enchantments, but he set his face toward the wilderness.	When Bil'am saw that it pleased YHWH to bless Israel, he didn't go, as at the other times, to meet with enchantments, but he set his face toward the wilderness.	editor-notes/consistency/divine-pronoun-triage-2026-09-12/numbers.md
Numbers 24:4	OT	Numbers	24	4	divine-attribute:his→Almighty	his→Almighty	yes	he,his	he says, who hears the words of Elohim, who sees the vision of the Almighty, falling down, and having his eyes open:	he says, who hears the words of Elohim, who sees the vision of the Almighty, falling down, and having his eyes open:	editor-notes/consistency/divine-pronoun-triage-2026-09-12/numbers.md
Numbers 24:8	OT	Numbers	24	8	next-sentence-divine-subject:He→Elohim	He→Elohim	yes	He,him,his	Elohim brings him out of Mitzrayim. He has as it were the strength of the wild ox. He shall eat up the nations his adversaries, shall break their bones in pieces, and pierce them with his arrows.	Elohim brings him out of Mitzrayim. He has as it were the strength of the wild ox. He shall eat up the nations his adversaries, shall break their bones in pieces, and pierce them with his arrows.	editor-notes/consistency/divine-pronoun-triage-2026-09-12/numbers.md
Numbers 24:16	OT	Numbers	24	16	divine-attribute:his→Almighty	his→Almighty	yes	he,his	he says, who hears the words of Elohim, knows the knowledge of the Most High, and who sees the vision of the Almighty, Falling down, and having his eyes open:	he says, who hears the words of Elohim, knows the knowledge of the Most High, and who sees the vision of the Almighty, Falling down, and having his eyes open:	editor-notes/consistency/divine-pronoun-triage-2026-09-12/numbers.md
Numbers 27:3	OT	Numbers	27	3	explicit-divine-subject:he→YHWH	he→YHWH	yes	he,his	Our father died in the wilderness, and he was not among the company of those who gathered themselves together against YHWH in the company of Korah: but he died in his own sin; and he had no sons.	Our father died in the wilderness, and he was not among the company of those who gathered themselves together against YHWH in the company of Korah: but he died in his own sin; and he had no sons.	editor-notes/consistency/divine-pronoun-triage-2026-09-12/numbers.md
Numbers 27:21	OT	Numbers	27	21	divine-attribute:his→YHWH, divine-attribute:his→YHWH, explicit-divine-role:him→role-after-pronoun	his→YHWH; his→YHWH; him→role-after-pronoun	yes	he,He,him,his	He shall stand before Eleazar the priest, who shall inquire for him by the judgment of the Urim before YHWH: at his word shall they go out, and at his word they shall come in, both he, and all the children of Israel with him, even all the congregation.	He shall stand before Eleazar the priest, who shall inquire for him by the judgment of the Urim before YHWH: at his word shall they go out, and at his word they shall come in, both he, and all the children of Israel with him, even all the congregation.	editor-notes/consistency/divine-pronoun-triage-2026-09-12/numbers.md
Numbers 27:22	OT	Numbers	27	22	explicit-divine-subject:he→YHWH	he→YHWH	yes	he,him	Moshe did as YHWH commanded him; and he took Yehoshua, and set him before Eleazar the priest, and before all the congregation:	Moshe did as YHWH commanded him; and he took Yehoshua, and set him before Eleazar the priest, and before all the congregation:	editor-notes/consistency/divine-pronoun-triage-2026-09-12/numbers.md
Numbers 27:23	OT	Numbers	27	23	explicit-divine-role:him→role-after-pronoun	him→role-after-pronoun	yes	he,him,his	and he laid his hands on him, and gave him a charge, as YHWH spoke by Moshe.	and he laid his hands on him, and gave him a charge, as YHWH spoke by Moshe.	editor-notes/consistency/divine-pronoun-triage-2026-09-12/numbers.md
Numbers 30:2	OT	Numbers	30	2	explicit-divine-subject:he→YHWH	he→YHWH	yes	he,his	When someone vows a vow to YHWH, or swears an oath to bind their soul with a bond, they shall not break their word; he shall do according to all that proceeds out of his mouth.	When someone vows a vow to YHWH, or swears an oath to bind their soul with a bond, they shall not break their word; he shall do according to all that proceeds out of his mouth.	editor-notes/consistency/divine-pronoun-triage-2026-09-12/numbers.md
Proverbs 19:23	OT	Proverbs	19	23	explicit-divine-subject:he→YHWH	he→YHWH	yes	he	Reverence for YHWH leads to life, then contentment; he rests and will not be touched by trouble.	Reverence for YHWH leads to life, then contentment; he rests and will not be touched by trouble.	editor-notes/consistency/divine-pronoun-triage-2026-09-12/proverbs.md
Ruth 2:4	OT	Ruth	2	4	explicit-divine-role:him→role-after-pronoun	him→role-after-pronoun	yes	him	Behold, Boaz came from Beit Lechem, and said to the reapers, YHWH be with you. They answered him, YHWH bless you.	Behold, Boaz came from Beit Lechem, and said to the reapers, YHWH be with you. They answered him, YHWH bless you.	editor-notes/consistency/divine-pronoun-triage-2026-09-12/ruth.md
Ruth 4:14	OT	Ruth	4	14	divine-attribute:his→YHWH	his→YHWH	yes	his	The women said to Naomi, Blessed be YHWH, who has not left you this day without a near kinsman; and let his name be famous in Israel.	The women said to Naomi, Blessed be YHWH, who has not left you this day without a near kinsman; and let his name be famous in Israel.	editor-notes/consistency/divine-pronoun-triage-2026-09-12/ruth.md
Zechariah 2:13	OT	Zechariah	2	13	explicit-divine-subject:he→YHWH	he→YHWH	yes	he,himself,his	"Be silent, all flesh, before YHWH; for he has roused himself from his holy habitation!"""	"Be silent, all flesh, before YHWH; for he has roused himself from his holy habitation!"""	editor-notes/consistency/divine-pronoun-triage-2026-09-12/zechariah.md
Zechariah 3:5	OT	Zechariah	3	5	explicit-divine-role:him→role-after-pronoun	him→role-after-pronoun	yes	him,his	"I said, ""Let them set a clean turban on his head."" So they set a clean turban on his head, and clothed him; and the angel of YHWH was standing by."	"I said, ""Let them set a clean turban on his head."" So they set a clean turban on his head, and clothed him; and the angel of YHWH was standing by."	editor-notes/consistency/divine-pronoun-triage-2026-09-12/zechariah.md
Zechariah 6:12	OT	Zechariah	6	12	explicit-divine-role:him→role-after-pronoun	him→role-after-pronoun	yes	he,him	"and speak to him, saying, 'Thus says YHWH of Armies, ""Behold, the person whose name is the Branch: and they shall grow up out of their place; and he shall build the temple of YHWH;"	"and speak to him, saying, 'Thus says YHWH of Armies, ""Behold, the person whose name is the Branch: and they shall grow up out of their place; and he shall build the temple of YHWH;"	editor-notes/consistency/divine-pronoun-triage-2026-09-12/zechariah.md
Zechariah 6:13	OT	Zechariah	6	13	explicit-divine-subject:he→YHWH	he→YHWH	yes	he,his	even he shall build the temple of YHWH; and he shall bear the glory, and shall sit and rule on his throne; and he shall be a priest on his throne; and the counsel of peace shall be between them both.	even he shall build the temple of YHWH; and he shall bear the glory, and shall sit and rule on his throne; and he shall be a priest on his throne; and the counsel of peace shall be between them both.	editor-notes/consistency/divine-pronoun-triage-2026-09-12/zechariah.md
Zechariah 7:12	OT	Zechariah	7	12	divine-attribute:his→YHWH	his→YHWH	yes	his	Yes, they made their hearts as hard as flint, lest they might hear the law, and the words which YHWH of Armies had sent by his Ruach by the former prophets. Therefore great wrath came from YHWH of Armies.	Yes, they made their hearts as hard as flint, lest they might hear the law, and the words which YHWH of Armies had sent by his Ruach by the former prophets. Therefore great wrath came from YHWH of Armies.	editor-notes/consistency/divine-pronoun-triage-2026-09-12/zechariah.md
Zechariah 9:7	OT	Zechariah	9	7	explicit-divine-subject:he→God	he→God	yes	he,his	I will take away his blood out of his mouth, and his abominations from between his teeth; and he also will be a remnant for our God; and he will be as a chieftain in Yehudah, and Ekron as a Jebusite.	I will take away his blood out of his mouth, and his abominations from between his teeth; and he also will be a remnant for our God; and he will be as a chieftain in Yehudah, and Ekron as a Jebusite.	editor-notes/consistency/divine-pronoun-triage-2026-09-12/zechariah.md
Zechariah 9:14	OT	Zechariah	9	14	explicit-divine-subject:his→YHWH	his→YHWH	yes	his	YHWH will be seen over them; and his arrow will go flash like lightning; and YHWH God will blow the trumpet, and will go with whirlwinds of the south.	YHWH will be seen over them; and his arrow will go flash like lightning; and YHWH God will blow the trumpet, and will go with whirlwinds of the south.	editor-notes/consistency/divine-pronoun-triage-2026-09-12/zechariah.md
Zechariah 10:3	OT	Zechariah	10	3	divine-attribute:his→YHWH	his→YHWH	yes	his	My anger is kindled against the shepherds, and I will punish the male goats; For YHWH of Armies has visited his flock, the house of Yehudah, and will make them as his majestic horse in the battle.	My anger is kindled against the shepherds, and I will punish the male goats; For YHWH of Armies has visited his flock, the house of Yehudah, and will make them as his majestic horse in the battle.	editor-notes/consistency/divine-pronoun-triage-2026-09-12/zechariah.md
Zechariah 12:4	OT	Zechariah	12	4	explicit-divine-subject:his→YHWH	his→YHWH	yes	his	"In that day,"" says YHWH, ""I will strike every horse with terror, and his rider with madness; and I will open my eyes on the house of Yehudah, and will strike every horse of the peoples with blindness."	"In that day,"" says YHWH, ""I will strike every horse with terror, and his rider with madness; and I will open my eyes on the house of Yehudah, and will strike every horse of the peoples with blindness."	editor-notes/consistency/divine-pronoun-triage-2026-09-12/zechariah.md
Zechariah 13:3	OT	Zechariah	13	3	explicit-divine-subject:his→YHWH	his→YHWH	yes	he,him,his	It will happen that, when anyone still prophesies, then their father and their mother who bore him will tell him, 'You must die, because you speak lies in the name of YHWH;' and his father and his mother who bore him will stab him when he prophesies.	It will happen that, when anyone still prophesies, then their father and their mother who bore him will tell him, 'You must die, because you speak lies in the name of YHWH;' and his father and his mother who bore him will stab him when he prophesies.	editor-notes/consistency/divine-pronoun-triage-2026-09-12/zechariah.md
Zephaniah 1:6	OT	Zephaniah	1	6	devotion-object:him→YHWH	him→YHWH	yes	him	those who have turned back from following YHWH, and those who haven't sought YHWH nor inquired after him.	those who have turned back from following YHWH, and those who haven't sought YHWH nor inquired after him.	editor-notes/consistency/divine-pronoun-triage-2026-09-12/zephaniah.md
Zephaniah 1:18	OT	Zephaniah	1	18	divine-attribute:his→YHWH, explicit-divine-subject:he→YHWH	his→YHWH; he→YHWH	yes	he,his	Neither their silver nor their gold will be able to deliver them in the day of YHWH's wrath, but the whole land will be devoured by the fire of his jealousy; for he will make an end, yes, a terrible end, of all those who dwell in the land.	Neither their silver nor their gold will be able to deliver them in the day of YHWH's wrath, but the whole land will be devoured by the fire of his jealousy; for he will make an end, yes, a terrible end, of all those who dwell in the land.	editor-notes/consistency/divine-pronoun-triage-2026-09-12/zephaniah.md
Zephaniah 2:3	OT	Zephaniah	2	3	divine-attribute:his→YHWH	his→YHWH	yes	his	Seek YHWH, all you humble of the land, who have kept his ordinances. Seek righteousness. Seek humility. It may be that you will be hidden in the day of YHWH's anger.	Seek YHWH, all you humble of the land, who have kept his ordinances. Seek righteousness. Seek humility. It may be that you will be hidden in the day of YHWH's anger.	editor-notes/consistency/divine-pronoun-triage-2026-09-12/zephaniah.md
Zephaniah 3:9	OT	Zephaniah	3	9	devotion-object:him→YHWH	him→YHWH	yes	him	For then I will purify the lips of the peoples, that they may all call on the name of YHWH, to serve him shoulder to shoulder.	For then I will purify the lips of the peoples, that they may all call on the name of YHWH, to serve him shoulder to shoulder.	editor-notes/consistency/divine-pronoun-triage-2026-09-12/zephaniah.md
