reference	book	chapter	verse	kingdom_occurrences	forms	same_verse_divine_marker	context_divine_marker	rule_authority_signal	previous_verse	current_text	next_verse
Genesis 10:10	Genesis	10	10	1	kingdom	no	yes	no	He was a mighty hunter before YHWH. Therefore it is said, “like Nimrod, a mighty hunter before YHWH”.	The beginning of his kingdom was Babel, Erech, Accad, and Calneh, in the land of Shinar.	Out of that land he went into Ashur, and built Ninveh, Rehoboth Ir, Calah,
Genesis 20:9	Genesis	20	9	1	kingdom	no	no	no	Abimelech rose early in the morning, and called all his servants, and told all these things in their ear. The men were very scared.	Then Abimelech called Avraham, and said to him, “What have you done to us? How have I sinned against you, that you have brought on me and on my kingdom a great sin? You have done deeds to me that ought not to be done!”	Abimelech said to Avraham, “What did you see, that you have done this thing?”
Exodus 19:6	Exodus	19	6	1	kingdom	no	yes	no	Now therefore, if you will indeed obey my voice, and keep my covenant, then you shall be my own possession from among all peoples; for all the earth is mine;	"and you shall be to me a kingdom of priests, and a holy nation.' These are the words which you shall speak to the children of Israel."""	Moshe came and called for the elders of the people, and set before them all these words which YHWH commanded him.
Numbers 24:7	Numbers	24	7	1	kingdom	no	yes	no	As valleys they are spread forth, as gardens by the riverside, as aloes which YHWH has planted, as cedar trees beside the waters.	Water shall flow from his buckets. His seed shall be in many waters. His king shall be higher than Agag. His kingdom shall be exalted.	Elohim brings him out of Mitzrayim. He has as it were the strength of the wild ox. He shall eat up the nations his adversaries, shall break their bones in pieces, and pierce them with his arrows.
Numbers 32:33	Numbers	32	33	2	kingdom|kingdom	no	yes	no	We will pass over armed before YHWH into the land of Kena'an, and the possession of our inheritance [shall remain] with us beyond the Yarden.	Moshe gave to them, even to the children of Gad, and to the children of Reuven, and to the half-tribe of Menashe the son of Yosef, the kingdom of Sihon king of the Amorites, and the kingdom of Og king of Bashan, the land, according to the cities of it with [their] borders, even the cities of the land round about.	The children of Gad built Dibon, and Ataroth, and Aroer,
Deuteronomy 3:4	Deuteronomy	3	4	1	kingdom	no	yes	no	So YHWH our God delivered into our hand Og also, the king of Bashan, and all his people: and we struck him until none was left to him remaining.	We took all his cities at that time; there was not a city which we didn't take from them; sixty cities, all the region of Argob, the kingdom of Og in Bashan.	All these were cities fortified with high walls, gates, and bars; besides the unwalled towns a great many.
Deuteronomy 3:10	Deuteronomy	3	10	1	kingdom	no	no	no	([which] Hermon the Sidonians call Sirion, and the Amorites call it Senir;)	all the cities of the plain, and all Gilead, and all Bashan, to Salecah and Edrei, cities of the kingdom of Og in Bashan.	(For only Og king of Bashan remained of the remnant of the Rephaim; behold, his bedstead was a bedstead of iron; isn't it in Rabbah of the children of Ammon? nine cubits was the length of it, and four cubits the breadth of it, after the cubit of a person.)
Deuteronomy 3:13	Deuteronomy	3	13	1	kingdom	no	no	no	This land we took in possession at that time: from Aroer, which is by the valley of the Arnon, and half the hill country of Gilead, and the cities of it, gave I to the Reubenites and to the Gadites:	and the rest of Gilead, and all Bashan, the kingdom of Og, gave I to the half-tribe of Menashe; all the region of Argob, even all Bashan. (The same is called the land of Rephaim.	Jair the son of Menashe took all the region of Argob, to the border of the Geshurites and the Maacathites, and called them, even Bashan, after his own name, Havvoth Jair, to this day.)
Deuteronomy 3:21	Deuteronomy	3	21	1	kingdoms	yes	yes	no	until YHWH give rest to your brothers, as to you, and they also possess the land which YHWH your God gives them beyond the Yarden: then shall you return everyone to their possession, which I have given you.	I commanded Yehoshua at that time, saying, Your eyes have seen all that YHWH your God has done to these two kings: so shall YHWH do to all the kingdoms where you go over.	You shall not fear them; for YHWH your God fights for you.
Deuteronomy 17:18	Deuteronomy	17	18	1	kingdom	no	yes	yes	Neither shall he multiply wives to himself, that his heart not turn away: neither shall he greatly multiply to himself silver and gold.	It shall be, when he sits on the throne of his kingdom, that he shall write him a copy of this law in a book, out of [that which is] before the priests the Levites:	and it shall be with him, and he shall read therein all the days of his life; that he may learn to revere YHWH his God, to keep all the words of this law and these statutes, to do them;
Deuteronomy 17:20	Deuteronomy	17	20	1	kingdom	no	yes	no	and it shall be with him, and he shall read therein all the days of his life; that he may learn to revere YHWH his God, to keep all the words of this law and these statutes, to do them;	that his heart not be lifted up above his brothers, and that he not turn aside from the commandment, to the right hand, or to the left: to the end that he may prolong his days in his kingdom, he and his children, in the midst of Israel.	
Deuteronomy 28:25	Deuteronomy	28	25	1	kingdoms	yes	yes	no	YHWH will make the rain of your land powder and dust: from the heavens shall it come down on you, until you are destroyed.	YHWH will cause you to be struck before your enemies; you shall go out one way against them, and shall flee seven ways before them: and you shall be tossed back and forth among all the kingdoms of the earth.	Your dead body shall be food to all birds of the heavens, and to the animals of the earth; and there shall be none to frighten them away.
Joshua 11:10	Joshua	11	10	1	kingdoms	no	yes	no	Yehoshua did to them as YHWH bade him: he hamstrung their horses, and burnt their chariots with fire.	Yehoshua turned back at that time, and took Hazor, and struck the king of it with the sword: for Hazor before was the head of all those kingdoms.	They struck all the souls who were therein with the edge of the sword, utterly destroying them; there was none left who breathed: and he burnt Hazor with fire.
Joshua 13:12	Joshua	13	12	1	kingdom	no	no	no	and Gilead, and the border of the Geshurites and Maacathites, and all Mount Hermon, and all Bashan to Salecah;	all the kingdom of Og in Bashan, who reigned in Ashtaroth and in Edrei (the same was left of the remnant of the Rephaim); for these did Moshe strike, and drove them out.	Nevertheless the children of Israel didn't drive out the Geshurites, nor the Maacathites: but Geshur and Maacath dwell in the midst of Israel to this day.
Joshua 13:21	Joshua	13	21	1	kingdom	no	no	no	and Beit Peor, and the slopes of Pisgah, and Beit HaYeshimot,	and all the cities of the plain, and all the kingdom of Sihon king of the Amorites, who reigned in Heshbon, whom Moshe struck with the chiefs of Midian, Evi, and Rekem, and Zur, and Hur, and Reba, the princes of Sihon, who lived in the land.	Bil'am also the son of Beor, the soothsayer, did the children of Israel kill with the sword among the rest of their slain.
Joshua 13:27	Joshua	13	27	1	kingdom	no	no	no	and from Heshbon to Ramath Mizpeh, and Betonim; and from Mahanaim to the border of Debir;	and in the valley, Beth Haram, and Beit Nimrah, and Succoth, and Zaphon, the rest of the kingdom of Sihon king of Heshbon, the Yarden and the border [of it], to the uttermost part of the sea of Chinnereth beyond the Yarden eastward.	This is the inheritance of the children of Gad according to their families, the cities and the villages of it.
Joshua 13:30	Joshua	13	30	1	kingdom	no	no	no	Moshe gave [inheritance] to the half-tribe of Menashe: and it was for the half-tribe of the children of Menashe according to their families.	Their border was from Mahanaim, all Bashan, all the kingdom of Og king of Bashan, and all the towns of Jair, which are in Bashan, sixty cities:	and half Gilead, and Ashtaroth, and Edrei, the cities of the kingdom of Og in Bashan, were for the children of Machir the son of Menashe, even for the half of the children of Machir according to their families.
Joshua 13:31	Joshua	13	31	1	kingdom	no	no	no	Their border was from Mahanaim, all Bashan, all the kingdom of Og king of Bashan, and all the towns of Jair, which are in Bashan, sixty cities:	and half Gilead, and Ashtaroth, and Edrei, the cities of the kingdom of Og in Bashan, were for the children of Machir the son of Menashe, even for the half of the children of Machir according to their families.	These are the inheritances which Moshe distributed in the plains of Moab, beyond the Yarden at Yericho, eastward.
1 Samuel 10:16	1 Samuel	10	16	1	kingdom	no	yes	no	Shaul's uncle said, Tell me, Please, what Shmuel said to you.	Shaul said to his uncle, He told us plainly that the donkeys were found. But concerning the matter of the kingdom, of which Shmuel spoke, he didn't tell him.	Shmuel called the people together to YHWH to Mizpah;
1 Samuel 10:18	1 Samuel	10	18	1	kingdoms	yes	yes	no	Shmuel called the people together to YHWH to Mizpah;	and he said to the children of Israel, Thus says YHWH, the God of Israel, I brought up Israel out of Mitzrayim, and I delivered you out of the hand of the Egyptians, and out of the hand of all the kingdoms that oppressed you:	but you have this day rejected your God, who saves you out of all your calamities and your distresses; and you have said to YHWH, [No], but set a king over us. Now therefore present yourselves before YHWH by your tribes, and by your thousands.
1 Samuel 10:25	1 Samuel	10	25	1	kingdom	yes	yes	no	"Shmuel said to all the people, ""You see the one whom YHWH has chosen, that there is none like him among all the people?"" All the people shouted, and said, [Long] live the king."	Then Shmuel told the people the manner of the kingdom, and wrote it in a book, and laid it up before YHWH. Shmuel sent all the people away, everyone to their house.	Shaul also went to his house to Gibeah; and there went with him the army, whose hearts Elohim had touched.
1 Samuel 11:14	1 Samuel	11	14	1	kingdom	no	yes	no	Shaul said, There shall not a person be put to death this day; for today YHWH has worked deliverance in Israel.	Then said Shmuel to the people, Come, and let us go to Gilgal, and renew the kingdom there.	All the people went to Gilgal; and there they made Shaul king before YHWH in Gilgal; and there they offered sacrifices of peace offerings before YHWH; and there Shaul and all the people of Israel rejoiced greatly.
1 Samuel 13:13	1 Samuel	13	13	1	kingdom	yes	yes	yes	therefore said I, Now will the Philistines come down on me to Gilgal, and I haven't entreated the favor of YHWH: I forced myself therefore, and offered the burnt offering.	Shmuel said to Shaul, You have done foolishly; you have not kept the commandment of YHWH your God, which YHWH commanded you: for now would YHWH have established your kingdom on Israel forever.	But now your kingdom shall not continue: YHWH has sought him a person after their own heart, and YHWH has appointed him to be prince over their people, because you have not kept that which YHWH commanded you.
1 Samuel 13:14	1 Samuel	13	14	1	kingdom	yes	yes	yes	Shmuel said to Shaul, You have done foolishly; you have not kept the commandment of YHWH your God, which YHWH commanded you: for now would YHWH have established your kingdom on Israel forever.	But now your kingdom shall not continue: YHWH has sought him a person after their own heart, and YHWH has appointed him to be prince over their people, because you have not kept that which YHWH commanded you.	Shmuel arose, and got him up from Gilgal to Gibeah of Binyamin. Shaul numbered the people who were present with him, about six hundred men.
1 Samuel 14:47	1 Samuel	14	47	1	kingdom	no	no	no	Then Shaul went up from following the Philistines; and the Philistines went to their own place.	Now when Shaul had taken the kingdom over Israel, he fought against all his enemies on every side, against Moab, and against the children of Ammon, and against Edom, and against the kings of Zobah, and against the Philistines: and wherever he turned himself, he put [them] to the worse.	He did valiantly, and struck the Amalekites, and delivered Israel out of the hands of those who despoiled them.
1 Samuel 15:28	1 Samuel	15	28	1	kingdom	yes	yes	no	As Shmuel turned about to go away, [Shaul] laid hold on the skirt of his robe, and it tore.	Shmuel said to him, YHWH has torn the kingdom of Israel from you this day, and has given it to a neighbor of yours who is better than you.	Also the Strength of Israel will not lie nor relent; for they are not a person, that they should relent.
1 Samuel 18:8	1 Samuel	18	8	1	kingdom	no	no	no	The women sang one to another as they played, and said, Shaul has slain his thousands, Dawid his ten thousands.	Shaul was very angry, and this saying displeased him; and he said, They have ascribed to Dawid ten thousands, and to me they have ascribed but thousands: and what can he have more but the kingdom?	Shaul eyed Dawid from that day and forward.
1 Samuel 20:31	1 Samuel	20	31	1	kingdom	no	no	no	Then Shaul's anger was kindled against Yonatan, and he said to him, You son of a perverse rebellious woman, don't I know that you have chosen the son of Yishai to your own shame, and to the shame of your mother's nakedness?	For as long as the son of Yishai lives on the earth, you shall not be established, nor your kingdom. Therefore now send and bring him to me, for he shall surely die.	"Yonatan answered Shaul his father, and said to him, ""Why should he be put to death? What has he done?"""
1 Samuel 24:20	1 Samuel	24	20	1	kingdom	no	yes	no	For if someone finds their enemy, will they let him go away unharmed? Therefore may YHWH reward you good for that which you have done to me this day.	Now, behold, I know that you shall surely be king, and that the kingdom of Israel shall be established in your hand.	Swear now therefore to me by YHWH, that you will not cut off my seed after me, and that you will not destroy my name out of my father's house.
1 Samuel 28:17	1 Samuel	28	17	1	kingdom	yes	yes	no	Shmuel said, Why then do you ask of me, seeing YHWH is departed from you, and is become your adversary?	YHWH has done to you, as YHWH spoke by me: and YHWH has torn the kingdom out of your hand, and given it to your neighbor, even to Dawid.	Because you didn't obey the voice of YHWH, and didn't execute his fierce wrath on Amalek, therefore has YHWH done this thing to you this day.
2 Samuel 3:10	2 Samuel	3	10	1	kingdom	no	yes	yes	Elohim do so to Abner, and more also, if, as YHWH has sworn to Dawid, I don't do even so to him;	to transfer the kingdom from the house of Shaul, and to set up the throne of Dawid over Israel and over Yehudah, from Dan even to Be'er Sheva.	He could not answer Abner another word, because he feared him.
2 Samuel 3:28	2 Samuel	3	28	1	kingdom	yes	yes	yes	When Abner was returned to Chevron, Yoav took him aside into the midst of the gate to speak with him quietly, and struck him there in the body, so that he died, for the blood of Asahel his brother.	Afterward, when Dawid heard it, he said, I and my kingdom are guiltless before YHWH forever of the blood of Abner the son of Ner:	let it fall on the head of Yoav, and on all his father's house; and let there not fail from the house of Yoav one who has an issue, or who is a leper, or who leans on a staff, or who falls by the sword, or who lacks bread.
2 Samuel 5:12	2 Samuel	5	12	1	kingdom	yes	yes	no	Hiram king of Tzor sent messengers to Dawid, and cedar trees, and carpenters, and masons; and they built Dawid a house.	Dawid perceived that YHWH had established him king over Israel, and that YHWH had exalted his kingdom for YHWH’s people Israel's sake.	Dawid took him more concubines and wives out of Yerushalayim, after he was come from Chevron; and there were yet sons and daughters born to Dawid.
2 Samuel 7:12	2 Samuel	7	12	1	kingdom	no	yes	yes	and [as] from the day that I commanded judges to be over my people Israel; and I will cause you to rest from all your enemies. Moreover YHWH tells you that YHWH will make you a house.	When your days are fulfilled, and you shall sleep with your fathers, I will set up your seed after you, who shall proceed out of your bowels, and I will establish his kingdom.	He shall build a house for my name, and I will establish the throne of his kingdom forever.
2 Samuel 7:13	2 Samuel	7	13	1	kingdom	no	no	yes	When your days are fulfilled, and you shall sleep with your fathers, I will set up your seed after you, who shall proceed out of your bowels, and I will establish his kingdom.	He shall build a house for my name, and I will establish the throne of his kingdom forever.	I will be his father, and he shall be my son: if he commit iniquity, I will chasten him with the rod of people, and with the stripes of the children of people;
2 Samuel 7:16	2 Samuel	7	16	1	kingdom	no	no	yes	but my loving kindness shall not depart from him, as I took it from Shaul, whom I put away before you.	Your house and your kingdom shall be made sure for ever before you: your throne shall be established forever.	According to all these words, and according to all this vision, so did Natan speak to Dawid.
2 Samuel 16:3	2 Samuel	16	3	1	kingdom	no	no	no	The king said to Ziba, What do you mean by these? Ziba said, The donkeys are for the king's household to ride on; and the bread and summer fruit for the young people to eat; and the wine, that such as are faint in the wilderness may drink.	The king said, Where is your master's son? Ziba said to the king, Behold, he abides at Yerushalayim; for he said, Today will the house of Israel restore me the kingdom of my father.	Then said the king to Ziba, Behold, all that pertains to Mephibosheth is yours. Ziba said, I do obeisance; let me find favor in your sight, my lord, O king.
2 Samuel 16:8	2 Samuel	16	8	1	kingdom	yes	yes	no	Thus said Shimei when he cursed, Be gone, be gone, you man of blood, and base fellow:	YHWH has returned on you all the blood of the house of Shaul, in whose place you have reigned; and YHWH has delivered the kingdom into the hand of Avshalom your son; and behold, you are [taken] in your own mischief, because you are a person of blood.	"Then said Avishai the son of Zeruiah to the king, ""Why should this dead dog curse my lord the king? Please let me go over and take off his head."""
1 Kings 1:46	1 Kings	1	46	1	kingdom	no	yes	yes	and Tzadok the priest and Natan the prophet have anointed him king in Gihon; and they are come up from there rejoicing, so that the city rang again. This is the noise that you have heard.	Also Shlomo sits on the throne of the kingdom.	Moreover the king's servants came to bless our lord king Dawid, saying, your God make the name of Shlomo better than your name, and make his throne greater than your throne: and the king bowed himself on the bed.
1 Kings 2:12	1 Kings	2	12	1	kingdom	no	no	yes	The days that Dawid reigned over Israel were forty years; seven years reigned he in Chevron, and thirty-three years reigned he in Yerushalayim.	Shlomo sat on the throne of Dawid his father; and his kingdom was established greatly.	Then Adoniyahu the son of Haggith came to Bat-Sheva the mother of Shlomo. She said, Come you peaceably? He said, Peaceably.
1 Kings 2:15	1 Kings	2	15	2	kingdom|kingdom	yes	yes	yes	He said moreover, I have somewhat to tell you. She said, Say on.	He said, You know that the kingdom was mine, and that all Israel set their faces on me, that I should reign: however the kingdom is turned about, and is become my brother's; for it was his from YHWH.	Now I ask one petition of you; don't deny me. She said to him, Say on.
1 Kings 2:22	1 Kings	2	22	1	kingdom	no	yes	no	She said, Let Abishag the Shunammite be given to Adoniyahu your brother as wife.	King Shlomo answered his mother, Why do you ask Abishag the Shunammite for Adoniyahu? ask for him the kingdom also; for he is my elder brother; even for him, and for Evyatar the priest, and for Yoav the son of Zeruiah.	Then king Shlomo swore by YHWH, saying, Elohim do so to me, and more also, if Adoniyahu has not spoken this word against his own life.
1 Kings 2:46	1 Kings	2	46	1	kingdom	no	yes	yes	But king Shlomo shall be blessed, and the throne of Dawid shall be established before YHWH forever.	So the king commanded Benayahu the son of Yehoyada; and he went out, and fell on him, so that he died. The kingdom was established in the hand of Shlomo.	
1 Kings 4:21	1 Kings	4	21	1	kingdoms	no	no	no	Yehudah and Israel were many as the sand which is by the sea in multitude, eating and drinking and making merry.	Shlomo ruled over all the kingdoms from the River to the land of the Philistines, and to the border of Mitzrayim: they brought tribute, and served Shlomo all the days of his life.	Shlomo's provision for one day was thirty measures of fine flour, and sixty measures of meal,
1 Kings 9:5	1 Kings	9	5	1	kingdom	no	no	yes	As for you, if you will walk before me, as Dawid your father walked, in integrity of heart, and in uprightness, to do according to all that I have commanded you, and will keep my statutes and my ordinances;	then I will establish the throne of your kingdom over Israel forever, according as I promised to Dawid your father, saying, There shall not fail you a person on the throne of Israel.	But if you shall turn away from following me, you or your children, and not keep my commandments and my statutes which I have set before you, but shall go and serve other gods, and worship them;
1 Kings 10:20	1 Kings	10	20	1	kingdom	no	no	yes	There were six steps to the throne, and the top of the throne was round behind; and there were stays on either side by the place of the seat, and two lions standing beside the stays.	Twelve lions stood there on the one side and on the other on the six steps: there was nothing like it made in any kingdom.	All king Shlomo's drinking vessels were of gold, and all the vessels of the house of the forest of Levanon were of pure gold: none were of silver; it was nothing accounted of in the days of Shlomo.
1 Kings 11:11	1 Kings	11	11	1	kingdom	yes	yes	no	and had commanded him concerning this thing, that he should not go after other gods: but he didn't keep that which YHWH commanded.	Therefore YHWH said to Shlomo, Because this is done of you, and you have not kept my covenant and my statutes, which I have commanded you, I will surely tear the kingdom from you, and will give it to your servant.	Notwithstanding in your days I will not do it, for Dawid your father's sake: but I will tear it out of the hand of your son.
1 Kings 11:13	1 Kings	11	13	1	kingdom	no	yes	no	Notwithstanding in your days I will not do it, for Dawid your father's sake: but I will tear it out of the hand of your son.	However I will not tear away all the kingdom; but I will give one tribe to your son, for Dawid my servant's sake, and for Yerushalayim's sake which I have chosen.	YHWH raised up an adversary to Shlomo, Hadad the Edomite: he was of the king's seed in Edom.
1 Kings 11:31	1 Kings	11	31	1	kingdom	yes	yes	no	Ahijah laid hold of the new garment that was on him, and tore it in twelve pieces.	He said to Yerovam, Take ten pieces; for thus says YHWH, the God of Israel, Behold, I will tear the kingdom out of the hand of Shlomo, and will give ten tribes to you	(but he shall have one tribe, for my servant Dawid's sake and for Yerushalayim's sake, the city which I have chosen out of all the tribes of Israel);
1 Kings 11:34	1 Kings	11	34	1	kingdom	no	yes	no	because that they have forsaken me, and have worshiped Ashtoreth the goddess of the Sidonians, Chemosh the god of Moab, and Milcom the god of the children of Ammon; and they have not walked in my ways, to do that which is right in my eyes, and [to keep] my statutes and my ordinances, as did Dawid his father.	However I will not take the whole kingdom out of his hand; but I will make him prince all the days of his life, for Dawid my servant's sake whom I chose, who kept my commandments and my statutes;	but I will take the kingdom out of his son's hand, and will give it to you, even ten tribes.
1 Kings 11:35	1 Kings	11	35	1	kingdom	no	no	no	However I will not take the whole kingdom out of his hand; but I will make him prince all the days of his life, for Dawid my servant's sake whom I chose, who kept my commandments and my statutes;	but I will take the kingdom out of his son's hand, and will give it to you, even ten tribes.	To his son will I give one tribe, that Dawid my servant may have a lamp always before me in Yerushalayim, the city which I have chosen me to put my name there.
1 Kings 12:21	1 Kings	12	21	1	kingdom	no	yes	no	It happened, when all Israel heard that Yerovam was returned, that they sent and called him to the congregation, and made him king over all Israel: there was none who followed the house of Dawid, but the tribe of Yehudah only.	When Rechavam was come to Yerushalayim, he assembled all the house of Yehudah, and the tribe of Binyamin, a hundred and eighty thousand chosen men, who were warriors, to fight against the house of Israel, to bring the kingdom again to Rechavam the son of Shlomo.	But the word of Elohim came to Shemaiah the person of Elohim, saying,
1 Kings 12:26	1 Kings	12	26	1	kingdom	no	yes	no	Then Yerovam built Shekhem in the hill country of Efrayim, and lived therein; and he went out from there, and built Penuel.	Yerovam said in his heart, Now will the kingdom return to the house of Dawid:	if this people go up to offer sacrifices in the house of YHWH at Yerushalayim, then will the heart of this people turn again to their lord, even to Rechavam king of Yehudah; and they will kill me, and return to Rechavam king of Yehudah.
1 Kings 14:8	1 Kings	14	8	1	kingdom	no	yes	no	Go, tell Yerovam, Thus says YHWH, the God of Israel: Because I exalted you from among the people, and made you prince over my people Israel,	and tore the kingdom away from the house of Dawid, and gave it you; and yet you have not been as my servant Dawid, who kept my commandments, and who followed me with all his heart, to do that only which was right in my eyes,	but have done wrong above all who were before you, and have gone and made you other gods, and molten images, to provoke me to anger, and have cast me behind your back:
1 Kings 18:10	1 Kings	18	10	2	kingdom|kingdom	yes	yes	no	He said, Wherein have I sinned, that you would deliver your servant into the hand of Achav, to kill me?	As YHWH your God lives, there is no nation or kingdom, where my lord has not sent to seek you: and when they said, He is not here, he took an oath of the kingdom and nation, that they didn't find you.	Now you say, Go, tell your lord, Behold, Eliyahu [is here].
1 Kings 21:7	1 Kings	21	7	1	kingdom	no	no	no	He said to her, Because I spoke to Naboth the Jezreelite, and said to him, Give me your vineyard for money; or else, if it please you, I will give you [another] vineyard for it: and he answered, I will not give you my vineyard.	Jezebel his wife said to him, Do you now govern the kingdom of Israel? arise, and eat bread, and let your heart be merry: I will give you the vineyard of Naboth the Jezreelite.	So she wrote letters in Achav's name, and sealed them with his seal, and sent the letters to the elders and to the nobles who were in his city, [and] who lived with Naboth.
2 Kings 14:5	2 Kings	14	5	1	kingdom	no	yes	no	However the high places were not taken away: the people still sacrificed and burnt incense in the high places.	It happened, as soon as the kingdom was established in his hand, that he killed his servants who had slain the king his father:	but the children of the murderers he didn't put to death; according to that which is written in the book of the law of Moshe, as YHWH commanded, saying, The fathers shall not be put to death for the children, nor the children be put to death for the fathers; but everyone shall die for their own sin.
2 Kings 15:19	2 Kings	15	19	1	kingdom	no	yes	no	He did what was broken in the sight of YHWH: he didn't depart all his days from the sins of Yerovam the son of Nebat, with which he made Israel to sin.	There came against the land Pul the king of Ashur; and Menahem gave Pul one thousand talents of silver, that his hand might be with him to confirm the kingdom in his hand.	Menahem exacted the money of Israel, even of all the mighty men of wealth, of each person fifty shekels of silver, to give to the king of Ashur. So the king of Ashur turned back, and didn't stay there in the land.
2 Kings 19:15	2 Kings	19	15	1	kingdoms	yes	yes	no	Chizkiyahu received the letter from the hand of the messengers, and read it; and Chizkiyahu went up to the house of YHWH, and spread it before YHWH.	Chizkiyahu prayed before YHWH, and said, YHWH, the God of Israel, who sit [above] the cherubim, you are the Elohim, even you alone, of all the kingdoms of the earth; you have made heavens and earth.	Incline your ear, YHWH, and hear; open your eyes, YHWH, and see; and hear the words of Sennacherib, with which he has sent him to defy the living Elohim.
2 Kings 19:19	2 Kings	19	19	1	kingdoms	yes	yes	no	and have cast their gods into the fire; for they were no gods, but the work of people's hands, wood and stone; therefore they have destroyed them.	Now therefore, YHWH our God, save you us, I beg you, out of his hand, that all the kingdoms of the earth may know that you YHWH are Elohim alone.	Then Yeshayahu the son of Amoz sent to Chizkiyahu, saying, Thus says YHWH, the God of Israel, Whereas you have prayed to me against Sennacherib king of Ashur, I have heard [you].
1 Chronicles 10:14	1 Chronicles	10	14	1	kingdom	yes	yes	no	So Shaul died for his trespass which he committed against YHWH, because of the word of YHWH, which he didn't keep; and also because they asked counsel of one who had a familiar spirit, to inquire [thereby],	and didn't inquire of YHWH: therefore he killed him, and turned the kingdom to Dawid the son of Yishai.	
1 Chronicles 11:10	1 Chronicles	11	10	1	kingdom	yes	yes	no	Dawid grew greater and greater; for YHWH of Armies was with him.	Now these are the chief of the mighty men whom Dawid had, who shown themselves strong with him in his kingdom, together with all Israel, to make him king, according to the word of YHWH concerning Israel.	This is the number of the mighty men whom Dawid had: Jashobeam, the son of a Hachmonite, the chief of the thirty; he lifted up his spear against three hundred and killed them at one time.
1 Chronicles 12:23	1 Chronicles	12	23	1	kingdom	yes	yes	no	For from day to day men came to Dawid to help him, until there was a great army, like the army of Elohim.	These are the numbers of the heads of those who were armed for war, who came to Dawid to Chevron, to turn the kingdom of Shaul to him, according to the word of YHWH.	The children of Yehudah who bore shield and spear were six thousand and eight hundred, armed for war.
1 Chronicles 14:2	1 Chronicles	14	2	1	kingdom	yes	yes	no	Hiram king of Tzor sent messengers to Dawid, and cedar trees, and masons, and carpenters, to build him a house.	Dawid perceived that YHWH had established him king over Israel; for his kingdom was exalted on high, for his people Israel's sake.	Dawid took more wives at Yerushalayim; and Dawid became the father of more sons and daughters.
1 Chronicles 16:20	1 Chronicles	16	20	1	kingdom	no	no	no	when you were but a few men in number, yes, very few, and foreigners were in it.	They went about from nation to nation, from one kingdom to another people.	They allowed no one to do them wrong. Yes, he reproved kings for their sakes,
1 Chronicles 17:11	1 Chronicles	17	11	1	kingdom	no	yes	yes	and [as] from the day that I commanded judges to be over my people Israel; and I will subdue all your enemies. Moreover I tell you that YHWH will build you a house.	It shall happen, when your days are fulfilled that you must go to be with your fathers, that I will set up your seed after you, who shall be of your sons; and I will establish his kingdom.	He shall build me a house, and I will establish his throne forever.
1 Chronicles 17:14	1 Chronicles	17	14	1	kingdom	no	no	yes	I will be his father, and he shall be my son: and I will not take my loving kindness away from him, as I took it from him that was before you;	but I will settle him in my house and in my kingdom forever; and his throne shall be established forever.	According to all these words, and according to all this vision, so did Natan speak to Dawid.
1 Chronicles 22:10	1 Chronicles	22	10	1	kingdom	no	yes	yes	Behold, a son shall be born to you, who shall be a person of rest; and I will give him rest from all his enemies round about; for his name shall be Shlomo, and I will give peace and quietness to Israel in his days:	he shall build a house for my name; and he shall be my son, and I will be his father; and I will establish the throne of his kingdom over Israel for ever.	Now, my son, YHWH be with you; and prosper you, and build the house of YHWH your God, as he has spoken concerning you.
1 Chronicles 28:5	1 Chronicles	28	5	1	kingdom	yes	yes	yes	However YHWH, the God of Israel, chose me out of all the house of my father to be king over Israel forever: for he has chosen Yehudah to be prince; and in the house of Yehudah, the house of my father; and among the sons of my father he took pleasure in me to make me king over all Israel;	Of all my sons (for YHWH has given me many sons), he has chosen Shlomo my son to sit on the throne of the kingdom of YHWH over Israel.	He said to me, Shlomo your son, he shall build my house and my courts; for I have chosen him to be my son, and I will be his father.
1 Chronicles 28:7	1 Chronicles	28	7	1	kingdom	no	yes	yes	He said to me, Shlomo your son, he shall build my house and my courts; for I have chosen him to be my son, and I will be his father.	I will establish his kingdom forever, if he be constant to do my commandments and my ordinances, as at this day.	Now therefore, in the sight of all Israel, the assembly of YHWH, and in the audience of our God, observe and seek out all the commandments of YHWH your God; that you may possess this good land, and leave it for an inheritance to your children after you forever.
1 Chronicles 29:30	1 Chronicles	29	30	1	kingdoms	no	no	yes	Now the acts of Dawid the king, first and last, behold, they are written in the history of Shmuel the seer, and in the history of Natan the prophet, and in the history of Gad the seer,	with all his reign and his might, and the times that went over him, and over Israel, and over all the kingdoms of the countries.	
2 Chronicles 1:1	2 Chronicles	1	1	1	kingdom	yes	yes	no		Shlomo the son of Dawid was strengthened in his kingdom, and YHWH his God was with him, and magnified him exceedingly.	Shlomo spoke to all Israel, to the captains of thousands and of hundreds, and to the judges, and to every prince in all Israel, the heads of the fathers' [houses].
2 Chronicles 2:1	2 Chronicles	2	1	1	kingdom	yes	yes	no		Now Shlomo purposed to build a house for the name of YHWH, and a house for his kingdom.	Shlomo counted out seventy thousand men to bear burdens, and eighty thousand people who were stone cutters in the mountains, and three thousand and six hundred to oversee them.
2 Chronicles 2:12	2 Chronicles	2	12	1	kingdom	yes	yes	no	"Then Huram the king of Tzor answered in writing, which he sent to Shlomo, ""Because YHWH loves YHWH’s people, YHWH has made you king over them."""	"Huram continued, ""Blessed be YHWH, the God of Israel, that made heavens and earth, who has given to Dawid the king a wise son, endowed with discretion and understanding, that should build a house for YHWH, and a house for his kingdom."	Now I have sent a skillful man, endowed with understanding, of Huram my father's,
2 Chronicles 7:18	2 Chronicles	7	18	1	kingdom	no	no	yes	As for you, if you will walk before me as Dawid your father walked, and do according to all that I have commanded you, and will keep my statutes and my ordinances;	then I will establish the throne of your kingdom, according as I covenanted with Dawid your father, saying, There shall not fail you a person to be ruler in Israel.	But if you turn away, and forsake my statutes and my commandments which I have set before you, and shall go and serve other gods, and worship them;
2 Chronicles 9:19	2 Chronicles	9	19	1	kingdom	no	no	yes	And there were six steps to the throne, with a footstool of gold, which were fastened to the throne, and stays on either side by the place of the seat, and two lions standing beside the stays.	Twelve lions stood there on the one side and on the other on the six steps: there was nothing like it made in any kingdom.	All king Shlomo's drinking vessels were of gold, and all the vessels of the house of the forest of Levanon were of pure gold: silver was nothing accounted of in the days of Shlomo.
2 Chronicles 11:1	2 Chronicles	11	1	1	kingdom	no	yes	no		When Rechavam was come to Yerushalayim, he assembled the house of Yehudah and Binyamin, one hundred eighty thousand chosen men, who were warriors, to fight against Israel, to bring the kingdom again to Rechavam.	But the word of YHWH came to Shemaiah the person of Elohim, saying,
2 Chronicles 11:17	2 Chronicles	11	17	1	kingdom	no	yes	no	After them, out of all the tribes of Israel, such as set their hearts to seek YHWH, the God of Israel, came to Yerushalayim to sacrifice to YHWH, the God of their fathers.	So they strengthened the kingdom of Yehudah, and made Rechavam the son of Shlomo strong, three years; for they walked three years in the way of Dawid and Shlomo.	Rechavam took him a wife, Mahalath the daughter of Jerimoth the son of Dawid, [and of] Abihail the daughter of Eliab the son of Yishai;
2 Chronicles 12:1	2 Chronicles	12	1	1	kingdom	yes	yes	no		It happened, when the kingdom of Rechavam was established, and he was strong, that he forsook the law of YHWH, and all Israel with him.	It happened in the fifth year of king Rechavam, that Shishak king of Mitzrayim came up against Yerushalayim, because they had trespassed against YHWH,
2 Chronicles 12:8	2 Chronicles	12	8	1	kingdoms	no	yes	no	When YHWH saw that they humbled themselves, the word of YHWH came to Shemaiah, saying, They have humbled themselves: I will not destroy them; but I will grant them some deliverance, and my wrath shall not be poured out on Yerushalayim by the hand of Shishak.	Nevertheless they shall be his servants, that they may know my service, and the service of the kingdoms of the countries.	So Shishak king of Mitzrayim came up against Yerushalayim, and took away the treasures of the house of YHWH, and the treasures of the king's house: he took all away: he took away also the shields of gold which Shlomo had made.
2 Chronicles 13:5	2 Chronicles	13	5	1	kingdom	yes	yes	yes	Aviyah stood up on Mount Zemaraim, which is in the hill country of Efrayim, and said, Hear me, Yerovam and all Israel:	Ought you not to know that YHWH, the God of Israel, gave the kingdom over Israel to Dawid forever, even to him and to his sons by a covenant of salt?	Yet Yerovam the son of Nebat, the servant of Shlomo the son of Dawid, rose up, and rebelled against his lord.
2 Chronicles 13:8	2 Chronicles	13	8	1	kingdom	yes	yes	no	There were gathered to him worthless men, base fellows, who strengthened themselves against Rechavam the son of Shlomo, when Rechavam was young and tender-hearted, and could not withstand them.	Now you think to withstand the kingdom of YHWH in the hand of the sons of Dawid; and you are a great multitude, and there are with you the golden calves which Yerovam made you for gods.	Haven't you driven out the priests of YHWH, the sons of Aharon, and the Levites, and made you priests after the manner of the peoples of [other] lands? so that whoever comes to consecrate themselves with a young bull and seven rams, the same may be a priest of [those who are] no gods.
2 Chronicles 14:5	2 Chronicles	14	5	1	kingdom	no	yes	no	and commanded Yehudah to seek YHWH, the God of their fathers, and to do the law and the commandment.	Also he took away out of all the cities of Yehudah the high places and the sun images: and the kingdom was quiet before him.	He built fortified cities in Yehudah; for the land was quiet, and he had no war in those years, because YHWH had given him rest.
2 Chronicles 17:5	2 Chronicles	17	5	1	kingdom	yes	yes	no	but sought to the God of his father, and walked in YHWH’s commandments, and not after the doings of Israel.	Therefore YHWH established the kingdom in his hand; and all Yehudah brought to Yehoshafat tribute; and he had riches and honor in abundance.	His heart was lifted up in the ways of YHWH: and furthermore he took away the high places and the Asherim out of Yehudah.
2 Chronicles 17:10	2 Chronicles	17	10	1	kingdoms	yes	yes	no	They taught in Yehudah, having the book of the law of YHWH with them; and they went about throughout all the cities of Yehudah, and taught among the people.	Reverence for YHWH fell on all the kingdoms of the lands that were round about Yehudah, so that they made no war against Yehoshafat.	Some of the Philistines brought Yehoshafat presents, and silver for tribute; the Arabians also brought him flocks, seven thousand and seven hundred rams, and seven thousand and seven hundred male goats.
2 Chronicles 20:6	2 Chronicles	20	6	1	kingdoms	yes	yes	yes	Yehoshafat stood in the assembly of Yehudah and Yerushalayim, in the house of YHWH, before the new court;	and he said, YHWH, the God of our fathers, aren't you Elohim in heavens? and aren't you ruler over all the kingdoms of the nations? and in your hand is power and might, so that none is able to withstand you.	Did not you, our God, drive out the inhabitants of this land before your people Israel, and give it to the seed of Avraham your friend forever?
2 Chronicles 20:29	2 Chronicles	20	29	1	kingdoms	yes	yes	no	They came to Yerushalayim with stringed instruments and harps and trumpets to the house of YHWH.	Reverence for God was on all the kingdoms of the countries, when they heard that YHWH fought against the enemies of Israel.	So the realm of Yehoshafat was quiet; for his God gave him rest round about.
2 Chronicles 21:3	2 Chronicles	21	3	1	kingdom	no	no	no	He had brothers, the sons of Yehoshafat: Azaryah, and Jehiel, and Zekharyah, and Azaryah, and Mikha'el, and Shephatiah; all these were the sons of Yehoshafat king of Israel.	Their father gave them great gifts, of silver, and of gold, and of precious things, with fortified cities in Yehudah: but the kingdom gave he to Yoram, because he was the firstborn.	Now when Yoram was risen up over the kingdom of his father, and had strengthened himself, he killed all his brothers with the sword, and various also of the princes of Israel.
2 Chronicles 21:4	2 Chronicles	21	4	1	kingdom	no	no	yes	Their father gave them great gifts, of silver, and of gold, and of precious things, with fortified cities in Yehudah: but the kingdom gave he to Yoram, because he was the firstborn.	Now when Yoram was risen up over the kingdom of his father, and had strengthened himself, he killed all his brothers with the sword, and various also of the princes of Israel.	Yoram was thirty-two years old when he began to reign; and he reigned eight years in Yerushalayim.
2 Chronicles 22:9	2 Chronicles	22	9	1	kingdom	yes	yes	no	It happened, when Yehu was executing judgment on the house of Achav, that he found the princes of Yehudah, and the sons of the brothers of Ahaziah, ministering to Ahaziah, and killed them.	He sought Ahaziah, and they caught him (now he was hiding in Shomron), and they brought him to Yehu, and killed him; and they buried him, for they said, He is the son of Yehoshafat, who sought YHWH with all his heart. The house of Ahaziah had no power to hold the kingdom.	Now when Athaliah the mother of Ahaziah saw that her son was dead, she arose and destroyed all the royal seed of the house of Yehudah.
2 Chronicles 23:20	2 Chronicles	23	20	1	kingdom	yes	yes	yes	They set the porters at the gates of the house of YHWH, that no one who was unclean in anything should enter in.	He took the captains of hundreds, and the nobles, and the governors of the people, and all the people of the land, and brought down the king from the house of YHWH: and they came through the upper gate to the king's house, and set the king on the throne of the kingdom.	So all the people of the land rejoiced, and the city was quiet. Athaliah they had slain with the sword.
2 Chronicles 25:3	2 Chronicles	25	3	1	kingdom	no	yes	no	He did that which was right in the eyes of YHWH, but not with a perfect heart.	Now it happened, when the kingdom was established to him, that he killed his servants who had killed the king his father.	But he didn't put their children to death, but did according to that which is written in the law in the book of Moshe, as YHWH commanded, saying, The fathers shall not die for the children, neither shall the children die for the fathers; but everyone shall die for their own sin.
2 Chronicles 29:21	2 Chronicles	29	21	1	kingdom	yes	yes	no	Then Chizkiyahu the king arose early, and gathered the princes of the city, and went up to the house of YHWH.	They brought seven bulls, and seven rams, and seven lambs, and seven male goats, for a sin offering for the kingdom and for the sanctuary and for Yehudah. He commanded the priests the sons of Aharon to offer them on the altar of YHWH.	So they killed the bulls, and the priests received the blood, and sprinkled it on the altar: and they killed the rams, and sprinkled the blood on the altar: they killed also the lambs, and sprinkled the blood on the altar.
2 Chronicles 32:15	2 Chronicles	32	15	1	kingdom	yes	yes	no	Who was there among all the gods of those nations which my fathers utterly destroyed, that could deliver his people out of my hand, that your God should be able to deliver you out of my hand?	Now therefore don't let Chizkiyahu deceive you, nor persuade you after this manner, neither believe you him; for no god of any nation or kingdom was able to deliver his people out of my hand, and out of the hand of my fathers: how much less shall your God deliver you out of my hand?	His servants spoke yet more against YHWH Elohim, and against YHWH’s servant Chizkiyahu.
2 Chronicles 33:13	2 Chronicles	33	13	1	kingdom	yes	yes	no	When he was in distress, he begged YHWH his God, and humbled himself greatly before the God of his fathers.	He prayed to him; and he was entreated of him, and heard his supplication, and brought him again to Yerushalayim into his kingdom. Then Menashe knew that YHWH was Elohim.	Now after this he built an outer wall to the city of Dawid, on the west side of Gihon, in the valley, even to the entrance at the fish gate; and he compassed Ophel about [with it], and raised it up to a very great height: and he put valiant captains in all the fortified cities of Yehudah.
2 Chronicles 36:20	2 Chronicles	36	20	1	kingdom	no	yes	yes	They burnt the house of Elohim, and broke down the wall of Yerushalayim, and burnt all the palaces of it with fire, and destroyed all the goodly vessels of it.	He carried those who had escaped from the sword away to Bavel; and they were servants to him and his sons until the reign of the kingdom of Paras:	to fulfill the word of YHWH by the mouth of Yirmeyahu, until the land had enjoyed its Sabbaths: [for] as long as it lay desolate it kept Sabbath, to fulfill seventy years.
2 Chronicles 36:22	2 Chronicles	36	22	1	kingdom	yes	yes	no	to fulfill the word of YHWH by the mouth of Yirmeyahu, until the land had enjoyed its Sabbaths: [for] as long as it lay desolate it kept Sabbath, to fulfill seventy years.	Now in the first year of Cyrus king of Paras, that the word of YHWH by the mouth of Yirmeyahu might be accomplished, YHWH stirred up the spirit of Cyrus king of Paras, so that he made a proclamation throughout all his kingdom, and [put it] also in writing, saying,	Thus says Cyrus king of Paras, All the kingdoms of the earth has YHWH, the God of heavens, given me; and he has charged me to build him a house in Yerushalayim, which is in Yehudah. Whoever there is among you of all their people, YHWH their God be with him, and let him go up.
2 Chronicles 36:23	2 Chronicles	36	23	1	kingdoms	yes	yes	no	Now in the first year of Cyrus king of Paras, that the word of YHWH by the mouth of Yirmeyahu might be accomplished, YHWH stirred up the spirit of Cyrus king of Paras, so that he made a proclamation throughout all his kingdom, and [put it] also in writing, saying,	Thus says Cyrus king of Paras, All the kingdoms of the earth has YHWH, the God of heavens, given me; and he has charged me to build him a house in Yerushalayim, which is in Yehudah. Whoever there is among you of all their people, YHWH their God be with him, and let him go up.	
Ezra 1:1	Ezra	1	1	1	kingdom	yes	yes	no		Now in the first year of Cyrus king of Paras, that the word of YHWH by the mouth of Yirmeyahu might be accomplished, YHWH stirred up the spirit of Cyrus king of Paras, so that he made a proclamation throughout all his kingdom, and [put it] also in writing, saying,	Thus says Cyrus king of Paras, All the kingdoms of the earth has YHWH, the God of heavens, given me; and YHWH has charged me to build a house for YHWH in Yerushalayim, which is in Yehudah.
Ezra 1:2	Ezra	1	2	1	kingdoms	yes	yes	no	Now in the first year of Cyrus king of Paras, that the word of YHWH by the mouth of Yirmeyahu might be accomplished, YHWH stirred up the spirit of Cyrus king of Paras, so that he made a proclamation throughout all his kingdom, and [put it] also in writing, saying,	Thus says Cyrus king of Paras, All the kingdoms of the earth has YHWH, the God of heavens, given me; and YHWH has charged me to build a house for YHWH in Yerushalayim, which is in Yehudah.	Whoever there is among you of all their people, their God be with him, and let him go up to Yerushalayim, which is in Yehudah, and build the house of YHWH, the God of Israel (they are Elohim), which is in Yerushalayim.
Nehemiah 9:22	Nehemiah	9	22	1	kingdoms	no	no	no	Yes, forty years did you sustain them in the wilderness, [and] they lacked nothing; their clothes didn't grow old, and their feet didn't swell.	Moreover you gave them kingdoms and peoples, which you did allot after their portions: so they possessed the land of Sihon, even the land of the king of Heshbon, and the land of Og king of Bashan.	Their children also multiplied you as the stars of the heavens, and brought them into the land concerning which you did say to their fathers, that they should go in to possess it.
Nehemiah 9:35	Nehemiah	9	35	1	kingdom	no	no	no	neither have our kings, our princes, our priests, nor our fathers, kept your law, nor listened to your commandments and your testimonies with which you did testify against them.	For they have not served you in their kingdom, and in your great goodness that you gave them, and in the large and fat land which you gave before them, neither turned they from their wicked works.	Behold, we are servants this day, and as for the land that you gave to our fathers to eat the fruit of it and the good of it, behold, we are servants in it.
Esther 1:2	Esther	1	2	1	kingdom	no	no	yes	Now it happened in the days of Ahasuerus (this is Ahasuerus who reigned from India even to Ethiopia, over one hundred twenty-seven provinces),	that in those days, when the King Ahasuerus sat on the throne of his kingdom, which was in Shushan the palace,	in the third year of his reign, he made a feast for all his princes and his servants; the power of Paras and Media, the nobles and princes of the provinces, being before him.
Esther 1:4	Esther	1	4	1	kingdom	no	no	yes	in the third year of his reign, he made a feast for all his princes and his servants; the power of Paras and Media, the nobles and princes of the provinces, being before him.	He displayed the riches of his glorious kingdom and the honor of his excellent majesty many days, even one hundred eighty days.	When these days were fulfilled, the king made a seven day feast for all the people who were present in Shushan the palace, both great and small, in the court of the garden of the king's palace.
Esther 1:14	Esther	1	14	1	kingdom	no	no	no	Then the king said to the wise people, who knew the times, (for it was the king's custom to consult those who knew law and judgment;	and the next to him were Carshena, Shethar, Admatha, Tarshish, Meres, Marsena, and Memucan, the seven princes of Paras and Media, who saw the king's face, and sat first in the kingdom),	"""What shall we do to the queen Vashti according to law, because she has not done the bidding of the King Ahasuerus by the eunuchs?"""
Esther 1:20	Esther	1	20	1	kingdom	no	no	no	If it please the king, let a royal commandment go from him, and let it be written among the laws of the Persians and the Medes, so that it cannot be altered, that Vashti may never again come before King Ahasuerus; and let the king give her royal estate to another who is better than she.	"When the king's decree which he shall make is published throughout all his kingdom (for it is great), all the wives will give their husbands honor, both great and small."""	This advice pleased the king and the princes, and the king did according to the word of Memucan:
Esther 2:3	Esther	2	3	1	kingdom	no	no	no	"Then the king's servants who served him said, ""Let beautiful young virgins be sought for the king."	Let the king appoint officers in all the provinces of his kingdom, that they may gather together all the beautiful young virgins to the citadel of Susa, to the women's house, to the custody of Hegai the king's eunuch, keeper of the women. Let cosmetics be given them;	"and let the maiden who pleases the king be queen instead of Vashti."" The thing pleased the king, and he did so."
Esther 3:6	Esther	3	6	1	kingdom	no	no	no	When Haman saw that Mordekhai didn't bow down, nor pay him homage, Haman was full of wrath.	But he scorned the thought of laying hands on Mordekhai alone, for they had made known to him Mordekhai's people. Therefore Haman sought to destroy all the Jews who were throughout the whole kingdom of Ahasuerus, even the Mordekhai's people.	In the first month, which is the month Nisan, in the twelfth year of King Ahasuerus, they cast Pur, that is, the lot, before Haman from day to day, and from month to month, and chose the twelfth month, which is the month Adar.
Esther 3:8	Esther	3	8	1	kingdom	no	no	no	In the first month, which is the month Nisan, in the twelfth year of King Ahasuerus, they cast Pur, that is, the lot, before Haman from day to day, and from month to month, and chose the twelfth month, which is the month Adar.	"Haman said to King Ahasuerus, ""There is a certain people scattered abroad and dispersed among the peoples in all the provinces of your kingdom, and their laws are different than other people's. They don't keep the king's laws. Therefore it is not for the king's profit to allow them to remain."	"If it pleases the king, let it be written that they be destroyed; and I will pay ten thousand talents of silver into the hands of those who are in charge of the king's business, to bring it into the king's treasuries."""
Esther 4:14	Esther	4	14	1	kingdom	no	no	no	"Then Mordekhai asked them return answer to Esther, ""Don't think to yourself that you will escape in the king's house any more than all the Jews."	"For if you remain silent now, then relief and deliverance will come to the Jews from another place, but you and your father's house will perish. Who knows if you haven't come to the kingdom for such a time as this?"""	Then Esther asked them to answer Mordekhai,
Esther 5:3	Esther	5	3	1	kingdom	no	no	no	When the king saw Esther the queen standing in the court, she obtained favor in his sight; and the king held out to Esther the golden scepter that was in his hand. So Esther came near, and touched the top of the scepter.	"Then the king asked her, ""What would you like, queen Esther? What is your request? It shall be given you even to the half of the kingdom."""	"Esther said, ""If it seems good to the king, let the king and Haman come today to the banquet that I have prepared for him."""
Esther 5:6	Esther	5	6	1	kingdom	no	no	no	"Then the king said, ""Bring Haman quickly, so that it may be done as Esther has said."" So the king and Haman came to the banquet that Esther had prepared."	"The king said to Esther at the banquet of wine, ""What is your petition? It shall be granted you. What is your request? Even to the half of the kingdom it shall be performed."""	"Then Esther answered and said, ""My petition and my request is this."
Esther 7:2	Esther	7	2	1	kingdom	no	no	no	So the king and Haman came to banquet with Esther the queen.	"The king said again to Esther on the second day at the banquet of wine, ""What is your petition, queen Esther? It shall be granted you. What is your request? Even to the half of the kingdom it shall be performed."""	"Then Esther the queen answered, ""If I have found favor in your sight, O king, and if it please the king, let my life be given me at my petition, and my people at my request."
Esther 9:30	Esther	9	30	1	kingdom	no	no	no	Then Esther the queen, the daughter of Abihail, and Mordekhai the Jew, wrote with all authority to confirm this second letter of Purim.	He sent letters to all the Jews, to the hundred twenty-seven provinces of the kingdom of Ahasuerus, with words of peace and truth,	to confirm these days of Purim in their appointed times, as Mordekhai the Jew and Esther the queen had decreed, and as they had imposed upon themselves and their descendants, in the matter of the fastings and their cry.
Psalms 45:6	Psalms	45	6	1	kingdom	yes	yes	yes	Your arrows are sharp. The nations fall under you, with arrows in the heart of the king's enemies.	Your throne, Elohim, is forever and ever. A scepter of equity is the scepter of your kingdom.	You have loved righteousness, and hated wickedness. Therefore Elohim, your God, has anointed you with the oil of gladness above your fellows.
Psalms 46:6	Psalms	46	6	1	kingdoms	yes	yes	no	Elohim is in her midst. She shall not be moved. Elohim will help her at dawn.	The nations raged. The kingdoms were moved. YHWH lifted YHWH’s voice, and the earth melted.	YHWH of Armies is with us. The God of Ya'akov is our refuge. Selah.
Psalms 68:32	Psalms	68	32	1	kingdoms	yes	yes	no	Princes shall come out of Mitzrayim. Ethiopia shall hurry to stretch out her hands to Elohim.	Sing to Elohim, you kingdoms of the earth! Sing praises to YHWH! Selah.	To the one who rides on the heavens of heavens, which are of old; behold, Elohim utters Elohim’s voice, a mighty voice.
Psalms 79:6	Psalms	79	6	1	kingdoms	no	yes	yes	How long, YHWH? Will you be angry forever? Will your jealousy burn like fire?	Pour out your wrath on the nations that don't know you; on the kingdoms that don't call on your name;	For they have devoured Ya'akov, and destroyed his homeland.
Psalms 102:22	Psalms	102	22	1	kingdoms	yes	yes	no	that men may declare the name of YHWH in Tzion, and YHWH’s praise in Yerushalayim;	when the peoples are gathered together, the kingdoms, to serve YHWH.	YHWH weakened my strength along the course. YHWH shortened my days.
Psalms 105:13	Psalms	105	13	1	kingdom	no	yes	no	when they were but a few men in number, yes, very few, and foreigners in it.	They went about from nation to nation, from one kingdom to another people.	They allowed no one to do them wrong. Yes, YHWH reproved kings for their sakes,
Psalms 135:11	Psalms	135	11	1	kingdoms	no	yes	no	who struck many nations, and killed mighty kings,	Sihon king of the Amorites, Og king of Bashan, and all the kingdoms of Kena'an,	and gave their land for a heritage, a heritage to Israel, YHWH’s people.
Ecclesiastes 4:14	Ecclesiastes	4	14	1	kingdom	no	no	no	Better is a poor and wise youth than an old and foolish king who doesn't know how to receive admonition any more.	For out of prison he came forth to be king; yes, even in his kingdom he was born poor.	I saw all the living who walk under the sun, that they were with the youth, the other, who succeeded him.
Isaiah 9:7	Isaiah	9	7	1	kingdom	yes	yes	yes	For to us a child is born. To us a son is given; and the government will be on his shoulders. His name will be called Wonderful, Counselor, Mighty Elohim, Everlasting Cosmic Parent, Prince of Peace.	Of the increase of his government and of peace there shall be no end, on the throne of Dawid, and on his kingdom, to establish it, and to uphold it with justice and with righteousness from that time on, even forever. The zeal of YHWH of Armies will perform this.	YHWH sent a word into Ya'akov, and it falls on Israel.
Isaiah 10:10	Isaiah	10	10	1	kingdoms	no	no	no	"Isn't Calno like Carchemish? Isn't Hamath like Arpad? Isn't Shomron like Dammeseq?"""	As my hand has found the kingdoms of the idols, whose engraved images exceeded those of Yerushalayim and of Shomron;	shall I not, as I have done to Shomron and her idols, so do to Yerushalayim and her idols?
Isaiah 13:4	Isaiah	13	4	1	kingdoms	yes	yes	no	I have commanded my consecrated ones; yes, I have called my mighty men for my anger, even my proudly exulting ones.	The noise of a multitude is in the mountains, as of a great people; the noise of an uproar of the kingdoms of the nations gathered together! YHWH of Armies is mustering the army for the battle.	They come from a far country, from the uttermost part of heaven, even YHWH, and the weapons of YHWH’s indignation, to destroy the whole land.
Isaiah 13:19	Isaiah	13	19	1	kingdoms	yes	yes	no	Their bows will dash the young people in pieces; and they shall have no pity on the fruit of the womb. Their eyes will not spare children.	Bavel, the glory of kingdoms, the beauty of the Chaldeans' pride, will be like when Elohim overthrew Sedom and Amora.	It will never be inhabited, neither will it be lived in from generation to generation. The Arabian will not pitch a tent there, neither will shepherds make their flocks lie down there.
Isaiah 14:16	Isaiah	14	16	1	kingdoms	no	no	no	Yet you shall be brought down to Sheol, to the depths of the pit.	"Those who see you will stare at you. They will ponder you, saying, ""Is this the one who made the earth to tremble, who shook kingdoms;"	"who made the world like a wilderness, and overthrew its cities; who didn't release his prisoners to their home?"""
Isaiah 17:3	Isaiah	17	3	1	kingdom	yes	yes	no	The cities of Aroer are forsaken. They will be for flocks, which shall lie down, and none shall make them afraid.	"The fortress shall cease from Efrayim, and the kingdom from Dammeseq, and the remnant of Aram. They will be as the glory of the children of Israel,"" says YHWH of Armies."	"""It will happen in that day that the glory of Ya'akov will be made thin, and the fatness of his flesh will become lean."
Isaiah 19:2	Isaiah	19	2	2	kingdom|kingdom	no	yes	no	"The burden of Mitzrayim: ""Behold, YHWH rides on a swift cloud, and comes to Mitzrayim. The idols of Mitzrayim will tremble at his presence; and the heart of Mitzrayim will melt in its midst."	I will stir up the Egyptians against the Egyptians, and they will fight everyone against their brother, and everyone against their neighbor; city against city, and kingdom against kingdom.	The spirit of Mitzrayim will fail in its midst. I will destroy its counsel. They will seek the idols, the charmers, those who have familiar spirits, and the wizards.
Isaiah 23:11	Isaiah	23	11	1	kingdoms	yes	yes	no	Pass through your land like the Nile, daughter of Tarshish. There is no restraint any more.	He has stretched out his hand over the sea. He has shaken the kingdoms. YHWH has ordered the destruction of Kena'an's strongholds.	"He said, ""You shall rejoice no more, you oppressed virgin daughter of Tzidon. Arise, pass over to Kittim. Even there you will have no rest."""
Isaiah 23:17	Isaiah	23	17	1	kingdoms	yes	yes	no	Take a harp; go about the city, you prostitute that has been forgotten. Make sweet melody. Sing many songs, that you may be remembered.	It will happen after the end of seventy years that YHWH will visit Tzor, and she shall return to her wages, and will play the prostitute with all the kingdoms of the world on the surface of the earth.	Her merchandise and her wages will be holiness to YHWH. It will not be treasured nor laid up; for her merchandise will be for those who dwell before YHWH, to eat sufficiently, and for durable clothing.
Isaiah 34:12	Isaiah	34	12	1	kingdom	no	no	no	But the pelican and the porcupine will possess it. The owl and the raven will dwell in it. He will stretch the line of confusion over it, and the plumb line of emptiness.	They shall call its nobles to the kingdom, but none shall be there; and all its princes shall be nothing.	Thorns will come up in its palaces, nettles and thistles in its fortresses; and it will be a habitation of jackals, a court for ostriches.
Isaiah 37:16	Isaiah	37	16	1	kingdoms	yes	yes	no	Chizkiyahu prayed to YHWH, saying,	"""YHWH of Armies, the God of Israel, who is enthroned among the cherubim, you are the Elohim, even you alone, of all the kingdoms of the earth. You have made heaven and earth."	Turn your ear, YHWH, and hear. Open your eyes, YHWH, and behold. Hear all of the words of Sennacherib, who has sent to defy the living Elohim.
Isaiah 37:20	Isaiah	37	20	1	kingdoms	yes	yes	no	and have cast their gods into the fire; for they were no gods, but the work of people's hands, wood and stone; therefore they have destroyed them.	"Now therefore, YHWH our God, save us from his hand, that all the kingdoms of the earth may know that you are YHWH, even you only."""	"Then Yeshayahu the son of Amoz sent to Chizkiyahu, saying, ""Thus says YHWH, the God of Israel, 'Because you have prayed to me against Sennacherib king of Ashur,"
Isaiah 47:5	Isaiah	47	5	1	kingdoms	no	yes	no	Our Redeemer, YHWH of Armies is the name, the Holy One of Israel.	Sit you silent, and get you into darkness, daughter of the Chaldeans; for you shall no more be called The mistress of kingdoms.	I was angry with my people, I profaned my inheritance, and gave them into your hand: you did show them no mercy; on the aged have you very heavily laid your yoke.
Isaiah 60:12	Isaiah	60	12	1	kingdom	no	no	no	Your gates also shall be open continually; they shall not be shut day nor night; that men may bring to you the wealth of the nations, and their kings led captive.	For that nation and kingdom that will not serve you shall perish; yes, those nations shall be utterly wasted.	The glory of Levanon shall come to you, the fir tree, the pine, and the box tree together, to beautify the place of my sanctuary; and I will make the place of my feet glorious.
Jeremiah 1:10	Jeremiah	1	10	1	kingdoms	no	yes	no	Then YHWH put forth YHWH’s hand, and touched my mouth; and YHWH said to me, Behold, I have put my words in your mouth:	behold, I have this day set you over the nations and over the kingdoms, to pluck up and to break down and to destroy and to overthrow, to build and to plant.	Moreover the word of YHWH came to me, saying, Yirmeyahu, what see you? I said, I see a rod of an almond tree.
Jeremiah 1:15	Jeremiah	1	15	1	kingdoms	yes	yes	yes	Then YHWH said to me, Out of the north brokenness shall break forth on all the inhabitants of the land.	For, behold, I will call all the families of the kingdoms of the north, says YHWH; and they shall come, and they shall set everyone their throne at the entrance of the gates of Yerushalayim, and against all the walls of it round about, and against all the cities of Yehudah.	I will utter my judgments against them touching all their wickedness, in that they have forsaken me, and have burned incense to other gods, and worshiped the works of their own hands.
Jeremiah 15:4	Jeremiah	15	4	1	kingdoms	no	yes	no	I will appoint over them four kinds, says YHWH: the sword to kill, and the dogs to tear, and the birds of the sky, and the animals of the earth, to devour and to destroy.	I will cause them to be tossed back and forth among all the kingdoms of the earth, because of Menashe, the son of Chizkiyahu, king of Yehudah, for that which he did in Yerushalayim.	For who will have pity on you, Yerushalayim? or who will bemoan you? or who will turn aside to ask of your welfare?
Jeremiah 18:7	Jeremiah	18	7	1	kingdom	no	yes	no	House of Israel, can't I do with you as this potter? says YHWH. Behold, as the clay in the potter's hand, so are you in my hand, house of Israel.	At what instant I shall speak concerning a nation, and concerning a kingdom, to pluck up and to break down and to destroy it;	if that nation, concerning which I have spoken, turn from their brokenness, I will relent from the brokenness that I thought to do to them.
Jeremiah 18:9	Jeremiah	18	9	1	kingdom	no	no	no	if that nation, concerning which I have spoken, turn from their brokenness, I will relent from the brokenness that I thought to do to them.	At what instant I shall speak concerning a nation, and concerning a kingdom, to build and to plant it;	if they do what is wrong in my sight, that they not obey my voice, then I will relent from the good, with which I said I would benefit them.
Jeremiah 24:9	Jeremiah	24	9	1	kingdoms	no	yes	no	As the bad figs, which can't be eaten, they are so bad, surely thus says YHWH, So will I give up Tzidkiyahu the king of Yehudah, and his princes, and the residue of Yerushalayim, who remain in this land, and those who dwell in the land of Mitzrayim,	I will even give them up to be tossed back and forth among all the kingdoms of the earth for disaster; to be a reproach and a proverb, a taunt and a curse, in all places where I shall drive them.	I will send the sword, the famine, and the pestilence, among them, until they be consumed from off the land that I gave to them and to their fathers.
Jeremiah 25:26	Jeremiah	25	26	1	kingdoms	no	yes	no	and all the kings of Zimri, and all the kings of Elam, and all the kings of the Medes;	and all the kings of the north, far and near, one with another; and all the kingdoms of the world, which are on the surface of the earth: and the king of Sheshach shall drink after them.	You shall tell them, Thus says YHWH of Armies, the God of Israel: Drink you, and be drunken, and spew, and fall, and rise no more, because of the sword which I will send among you.
Jeremiah 27:8	Jeremiah	27	8	1	kingdom	yes	yes	no	All the nations shall serve him, and his son, and his son's son, until the time of his own land come: and then many nations and great kings shall make him their bondservant.	It shall happen, that the nation and the kingdom which will not serve the same Nebuchadnezzar king of Bavel, and that will not put their neck under the yoke of the king of Bavel, that nation will I punish, says YHWH, with the sword, and with the famine, and with the pestilence, until I have consumed them by his hand.	But as for you, don't you listen to your prophets, nor to your diviners, nor to your dreams, nor to your soothsayers, nor to your sorcerers, who speak to you, saying, You shall not serve the king of Bavel:
Jeremiah 28:8	Jeremiah	28	8	1	kingdoms	no	yes	no	Nevertheless hear you now this word that I speak in your ears, and in the ears of all the people:	The prophets who have been before me and before you of old prophesied against many countries, and against great kingdoms, of war, calamity, and pestilence.	The prophet who prophesies of peace, when the word of the prophet shall happen, then shall the prophet be known, that YHWH has truly sent him.
Jeremiah 29:18	Jeremiah	29	18	1	kingdoms	no	yes	no	thus says YHWH of Armies; Behold, I will send on them the sword, the famine, and the pestilence, and will make them like vile figs, that can't be eaten, they are so bad.	I will pursue after them with the sword, with the famine, and with the pestilence, and will deliver them to be tossed back and forth among all the kingdoms of the earth, to be an object of horror, and an astonishment, and a hissing, and a reproach, among all the nations where I have driven them;	because they have not listened to my words, says YHWH, with which I sent to them my servants the prophets, rising up early and sending them; but you would not hear, says YHWH.
Jeremiah 34:1	Jeremiah	34	1	1	kingdoms	yes	yes	yes		The word which came to Yirmeyahu from YHWH, when Nebuchadnezzar king of Bavel, and all his army, and all the kingdoms of the earth that were under his dominion, and all the peoples, were fighting against Yerushalayim, and against all the cities of it, saying:	Thus says YHWH, the God of Israel, Go, and speak to Tzidkiyahu king of Yehudah, and tell him, Thus says YHWH, Behold, I will give this city into the hand of the king of Bavel, and he shall burn it with fire:
Jeremiah 34:17	Jeremiah	34	17	1	kingdoms	yes	yes	no	but you turned and profaned my name, and caused everyone their servant, and everyone their handmaid, whom you had let go free at their pleasure, to return; and you brought them into subjection, to be to you for servants and for handmaids.	Therefore thus says YHWH: you have not listened to me, to proclaim liberty, everyone to their brother, and everyone to their neighbor: behold, I proclaim to you a liberty, says YHWH, to the sword, to the pestilence, and to the famine; and I will make you to be tossed back and forth among all the kingdoms of the earth.	I will give the people who have transgressed my covenant, who have not performed the words of the covenant which they made before me, when they cut the calf in two and passed between the parts of it;
Jeremiah 49:28	Jeremiah	49	28	1	kingdoms	yes	yes	no	I will kindle a fire in the wall of Dammeseq, and it shall devour the palaces of Ben Hadad.	Of Kedar, and of the kingdoms of Hazor, which Nebuchadnezzar king of Bavel struck. Thus says YHWH: Arise you, go up to Kedar, and destroy the children of the east.	Their tents and their flocks shall they take; they shall carry away for themselves their curtains, and all their vessels, and their camels; and they shall cry to them, Terror on every side!
Jeremiah 51:20	Jeremiah	51	20	1	kingdoms	no	yes	no	The portion of Ya'akov is not like these; for YHWH is the former of all things; and [Israel] is the tribe of YHWH’s inheritance: YHWH of Armies is the name.	You are my battle axe and weapons of war: and with you will I break in pieces the nations; and with you will I destroy kingdoms;	and with you will I break in pieces the horse and his rider;
Jeremiah 51:27	Jeremiah	51	27	1	kingdoms	no	yes	yes	They shall not take of you a stone for a corner, nor a stone for foundations; but you shall be desolate for ever, says YHWH.	Set up a standard in the land, blow the trumpet among the nations, prepare the nations against her, call together against her the kingdoms of Ararat, Minni, and Ashkenaz: appoint a marshal against her; cause the horses to come up as the rough canker worm.	Prepare against her the nations, the kings of the Medes, the governors of it, and all the deputies of it, and all the land of their dominion.
Lamentations 2:2	Lamentations	2	2	1	kingdom	yes	yes	no	How has YHWH covered the daughter of Tzion with a cloud in YHWH’s anger! YHWH has cast down from heaven to the earth the beauty of Israel, And hasn't remembered YHWH’s footstool in the day of YHWH’s anger.	YHWH has swallowed up all the habitations of Ya'akov, and has not pitied: YHWH has thrown down the strongholds of the daughter of Yehudah in wrath, brought them down to the ground, and profaned the kingdom and the princes of it.	YHWH has cut off in fierce anger all the horn of Israel; YHWH has drawn back YHWH’s right hand from before the enemy: YHWH has burned up Ya'akov like a flaming fire, which devours round about.
Ezekiel 17:14	Ezekiel	17	14	1	kingdom	no	no	no	and he took of the seed royal, and made a covenant with him; he also brought him under an oath, and took away the mighty of the land;	that the kingdom might be base, that it might not lift itself up, but that by keeping his covenant it might stand.	But he rebelled against him in sending his ambassadors into Mitzrayim, that they might give him horses and much people. Shall he prosper? shall he escape who does such things? shall he break the covenant, and yet escape?
Ezekiel 29:14	Ezekiel	29	14	1	kingdom	no	yes	no	"For thus says YHWH God: ""At the end of forty years will I gather the Egyptians from the peoples where they were scattered;"	and I will bring back the captivity of Mitzrayim, and will cause them to return into the land of Pathros, into the land of their birth; and they shall be there a base kingdom.	It shall be the base of the kingdoms; neither shall it any more lift itself up above the nations: and I will diminish them, that they shall no more rule over the nations.
Ezekiel 29:15	Ezekiel	29	15	1	kingdoms	no	yes	no	and I will bring back the captivity of Mitzrayim, and will cause them to return into the land of Pathros, into the land of their birth; and they shall be there a base kingdom.	It shall be the base of the kingdoms; neither shall it any more lift itself up above the nations: and I will diminish them, that they shall no more rule over the nations.	"It shall be no more the confidence of the house of Israel, bringing iniquity to memory, when they turn to look after them: and they shall know that I am YHWH God.""'"""
Ezekiel 37:22	Ezekiel	37	22	1	kingdoms	no	yes	no	Say to them, Thus says YHWH God: Behold, I will take the children of Israel from among the nations, where they are gone, and will gather them on every side, and bring them into their own land:	and I will make them one nation in the land, on the mountains of Israel; and one king shall be king to them all; and they shall be no more two nations, neither shall they be divided into two kingdoms any more at all;	neither shall they defile themselves any more with their idols, nor with their detestable things, nor with any of their transgressions; but I will save them out of all their dwelling places, in which they have sinned, and will cleanse them: so shall they be my people, and I will be their God.
Daniel 2:37	Daniel	2	37	1	kingdom	yes	yes	no	This is the dream; and we will tell the interpretation of it before the king.	You, O king, are king of kings, to whom the God of heaven has given the kingdom, the power, and the strength, and the glory;	and wherever the children of people dwell, the animals of the field and the birds of the sky has he given into your hand, and has made you to rule over them all: you are the head of gold.
Daniel 2:39	Daniel	2	39	2	kingdom|kingdom	no	no	no	and wherever the children of people dwell, the animals of the field and the birds of the sky has he given into your hand, and has made you to rule over them all: you are the head of gold.	After you shall arise another kingdom inferior to you; and another third kingdom of brass, which shall bear rule over all the earth.	The fourth kingdom shall be strong as iron, because iron breaks in pieces and subdues all things; and as iron that crushes all these, shall it break in pieces and crush.
Daniel 2:40	Daniel	2	40	1	kingdom	no	no	no	After you shall arise another kingdom inferior to you; and another third kingdom of brass, which shall bear rule over all the earth.	The fourth kingdom shall be strong as iron, because iron breaks in pieces and subdues all things; and as iron that crushes all these, shall it break in pieces and crush.	Whereas you saw the feet and toes, part of potters' clay, and part of iron, it shall be a divided kingdom; but there shall be in it of the strength of the iron, because you saw the iron mixed with miry clay.
Daniel 2:41	Daniel	2	41	1	kingdom	no	no	no	The fourth kingdom shall be strong as iron, because iron breaks in pieces and subdues all things; and as iron that crushes all these, shall it break in pieces and crush.	Whereas you saw the feet and toes, part of potters' clay, and part of iron, it shall be a divided kingdom; but there shall be in it of the strength of the iron, because you saw the iron mixed with miry clay.	As the toes of the feet were part of iron, and part of clay, so the kingdom shall be partly strong, and partly broken.
Daniel 2:42	Daniel	2	42	1	kingdom	no	no	no	Whereas you saw the feet and toes, part of potters' clay, and part of iron, it shall be a divided kingdom; but there shall be in it of the strength of the iron, because you saw the iron mixed with miry clay.	As the toes of the feet were part of iron, and part of clay, so the kingdom shall be partly strong, and partly broken.	Whereas you saw the iron mixed with miry clay, they shall mingle themselves with the seed of people; but they shall not cling to one another, even as iron does not mingle with clay.
Daniel 2:44	Daniel	2	44	1	kingdoms	yes	yes	yes	Whereas you saw the iron mixed with miry clay, they shall mingle themselves with the seed of people; but they shall not cling to one another, even as iron does not mingle with clay.	In the days of those kings shall the God of heaven set up a reign which shall never be destroyed, nor shall the sovereignty of it be left to another people; but it shall break in pieces and consume all these kingdoms, and it shall stand forever.	Because you saw that a stone was cut out of the mountain without hands, and that it broke in pieces the iron, the brass, the clay, the silver, and the gold; the great Elohim has made known to the king what shall happen hereafter: and the dream is certain, and the interpretation of it sure.
Daniel 4:17	Daniel	4	17	1	kingdom	yes	yes	no	let their heart be changed from a person's, and let an animal's heart be given to him; and let seven times pass over him.	The sentence is by the decree of the watchers, and the demand by the word of the holy ones; to the intent that the living may know that the Most High rules in the kingdom of people, and gives it to whoever they will, and sets up over it the lowest of people.	This dream I, king Nebuchadnezzar, have seen; and you, Belteshazzar, declare the interpretation, because all the wise people of my kingdom are not able to make known to me the interpretation; but you are able; for the spirit of the holy gods is in you.
Daniel 4:18	Daniel	4	18	1	kingdom	no	yes	no	The sentence is by the decree of the watchers, and the demand by the word of the holy ones; to the intent that the living may know that the Most High rules in the kingdom of people, and gives it to whoever they will, and sets up over it the lowest of people.	This dream I, king Nebuchadnezzar, have seen; and you, Belteshazzar, declare the interpretation, because all the wise people of my kingdom are not able to make known to me the interpretation; but you are able; for the spirit of the holy gods is in you.	Then Dani'el, whose name was Belteshazzar, was stricken mute for a while, and his thoughts troubled him. The king answered, Belteshazzar, don't let the dream, or the interpretation, trouble you. Belteshazzar answered, My lord, the dream be to those who hate you, and the interpretation of it to your adversaries.
Daniel 4:25	Daniel	4	25	1	kingdom	yes	yes	no	this is the interpretation, O king, and it is the decree of the Most High, which is come on my lord the king:	that you shall be driven from people, and your dwelling shall be with the animals of the field, and you shall be made to eat grass as oxen, and shall be wet with the dew of the sky, and seven times shall pass over you; until you know that the Most High rules in the kingdom of people, and gives it to whoever they will.	Whereas they commanded to leave the stump of the roots of the tree; your kingdom shall be sure to you, after that you shall have known that the heavens do rule.
Daniel 4:26	Daniel	4	26	1	kingdom	no	yes	no	that you shall be driven from people, and your dwelling shall be with the animals of the field, and you shall be made to eat grass as oxen, and shall be wet with the dew of the sky, and seven times shall pass over you; until you know that the Most High rules in the kingdom of people, and gives it to whoever they will.	Whereas they commanded to leave the stump of the roots of the tree; your kingdom shall be sure to you, after that you shall have known that the heavens do rule.	Therefore, O king, let my counsel be acceptable to you, and break off your sins by righteousness, and your iniquities by showing mercy to the poor; if there may be a lengthening of your tranquility.
Daniel 4:31	Daniel	4	31	1	kingdom	no	yes	no	The king spoke and said, Is not this great Bavel, which I have built for the royal dwelling place, by the might of my power and for the glory of my majesty?	While the word was in the king's mouth, there fell a voice from the sky, [saying], O king Nebuchadnezzar, to you it is spoken: The kingdom is departed from you:	and you shall be driven from people; and they dwelling shall be with the animals of the field; you shall be made to eat grass as oxen; and seven times shall pass over you; until you know that the Most High rules in the kingdom of people, and gives it to whoever they will.
Daniel 4:32	Daniel	4	32	1	kingdom	yes	yes	no	While the word was in the king's mouth, there fell a voice from the sky, [saying], O king Nebuchadnezzar, to you it is spoken: The kingdom is departed from you:	and you shall be driven from people; and they dwelling shall be with the animals of the field; you shall be made to eat grass as oxen; and seven times shall pass over you; until you know that the Most High rules in the kingdom of people, and gives it to whoever they will.	The same hour was the thing fulfilled on Nebuchadnezzar: and he was driven from people, and ate grass as oxen, and his body was wet with the dew of the sky, until his hair was grown like eagles' [feathers], and his nails like birds' [claws].
Daniel 4:36	Daniel	4	36	2	kingdom|kingdom	no	no	no	All the inhabitants of the earth are reputed as nothing; and he does according to his will in the army of heaven, and among the inhabitants of the earth; and none can stay his hand, or tell him, What do you?	At the same time my understanding returned to me; and for the glory of my kingdom, my majesty and brightness returned to me; and my counselors and my lords sought to me; and I was established in my kingdom, and excellent greatness was added to me.	Now I, Nebuchadnezzar, praise and extol and honor the Sovereign of heaven; for all the Sovereign of heaven’s works are truth, and the Sovereign of heaven’s ways justice; and the Sovereign of heaven is able to abase those who walk in pride.
Daniel 5:7	Daniel	5	7	1	kingdom	no	no	no	Then the king's face was changed in him, and his thoughts troubled him; and the joints of his thighs were loosened, and his knees struck one against another.	The king cried aloud to bring in the enchanters, the Chaldeans, and the soothsayers. The king spoke and said to the wise people of Bavel, Whoever shall read this writing, and show me the interpretation of it, shall be clothed with purple, and have a chain of gold about their neck, and shall be the third ruler in the kingdom.	Then came in all the king's wise people; but they could not read the writing, nor make known to the king the interpretation.
Daniel 5:11	Daniel	5	11	1	kingdom	no	no	yes	[Now] the queen by reason of the words of the king and his lords came into the banquet house: the queen spoke and said, O king, live forever; don't let your thoughts trouble you, nor let your face be changed.	There is a person in your kingdom, in whom is the spirit of the holy gods; and in the days of your father light and understanding and wisdom, like the wisdom of the gods, were found in him; and the king Nebuchadnezzar your father, the king, [I say], your father, made him master of the magicians, enchanters, Chaldeans, and soothsayers;	because an excellent spirit, and knowledge, and understanding, interpreting of dreams, and showing of dark sentences, and dissolving of doubts, were found in the same Dani'el, whom the king named Belteshazzar. Now let Dani'el be called, and he will show the interpretation.
Daniel 5:16	Daniel	5	16	1	kingdom	no	no	no	Now the wise people, the enchanters, have been brought in before me, that they should read this writing, and make known to me the interpretation of it; but they could not show the interpretation of the thing.	But I have heard of you, that you can give interpretations, and dissolve doubts; now if you can read the writing, and make known to me the interpretation of it, you shall be clothed with purple, and have a chain of gold about your neck, and shall be the third ruler in the kingdom.	Then Dani'el answered before the king, Let your gifts be to yourself, and give your rewards to another; nevertheless I will read the writing to the king, and make known to him the interpretation.
Daniel 5:18	Daniel	5	18	1	kingdom	yes	yes	no	Then Dani'el answered before the king, Let your gifts be to yourself, and give your rewards to another; nevertheless I will read the writing to the king, and make known to him the interpretation.	You king, the Most High Elohim gave Nebuchadnezzar your father the kingdom, and greatness, and glory, and majesty:	and because of the greatness that he gave him, all the peoples, nations, and languages trembled and feared before him: whom he would he killed, and whom he would he kept alive; and whom he would he raised up, and whom he would he put down.
Daniel 5:21	Daniel	5	21	1	kingdom	yes	yes	yes	But when his heart was lifted up, and his spirit was hardened so that he dealt proudly, he was deposed from his kingly throne, and they took his glory from him:	and he was driven from the human beings, and his heart was made like the animals', and his dwelling was with the wild donkeys; he was fed with grass like oxen, and his body was wet with the dew of the sky; until they knew that the Most High Elohim rules in the kingdom of people, and that they sets up over it whoever they will.	You his son, Belshazzar, have not humbled your heart, though you knew all this,
Daniel 5:26	Daniel	5	26	1	kingdom	yes	yes	no	This is the writing that was inscribed: MENE, MENE, TEKEL, UPHARSIN.	This is the interpretation of the thing: MENE; Elohim has numbered your kingdom, and brought it to an end;	TEKEL; you are weighed in the balances, and are found wanting.
Daniel 5:28	Daniel	5	28	1	kingdom	no	no	no	TEKEL; you are weighed in the balances, and are found wanting.	PERES; your kingdom is divided, and given to the Medes and Persians.	Then commanded Belshazzar, and they clothed Dani'el with purple, and put a chain of gold about his neck, and made proclamation concerning him, that he should be the third ruler in the kingdom.
Daniel 5:29	Daniel	5	29	1	kingdom	no	no	no	PERES; your kingdom is divided, and given to the Medes and Persians.	Then commanded Belshazzar, and they clothed Dani'el with purple, and put a chain of gold about his neck, and made proclamation concerning him, that he should be the third ruler in the kingdom.	In that night Belshazzar the Chaldean King was slain.
Daniel 5:31	Daniel	5	31	1	kingdom	no	no	no	In that night Belshazzar the Chaldean King was slain.	Darius the Mede received the kingdom, being about sixty-two years old.	
Daniel 6:1	Daniel	6	1	2	kingdom|kingdom	no	no	no		It pleased Darius to set over the kingdom one hundred twenty satraps, who should be throughout the whole kingdom;	and over them three presidents, of whom Dani'el was one; that these satraps might give account to them, and that the king should have no damage.
Daniel 6:4	Daniel	6	4	1	kingdom	no	yes	no	Then this Dani'el was distinguished above the presidents and the satraps, because an excellent spirit was in him; and the king thought to set him over the whole realm.	Then the presidents and the satraps sought to find occasion against Dani'el as touching the kingdom; but they could find no occasion nor fault, because he was faithful, neither was there any error or fault found in him.	Then said these men, We shall not find any occasion against this Dani'el, except we find it against him concerning the law of his God.
Daniel 6:7	Daniel	6	7	1	kingdom	yes	yes	yes	Then these presidents and satraps assembled together to the king, and said thus to him, King Darius, live forever.	All the presidents of the kingdom, the deputies and the satraps, the counselors and the governors, have consulted together to establish a royal statute, and to make a strong interdict, that whoever shall ask a petition of any god or man for thirty days, save of you, O king, they shall be cast into the den of lions.	Now, O king, establish the interdict, and sign the writing, that it not be changed, according to the law of the Medes and Persians, which doesn't alter.
Daniel 6:26	Daniel	6	26	1	kingdom	yes	yes	yes	Then king Darius wrote to all the peoples, nations, and languages, who dwell in all the earth: Peace be multiplied to you.	I make a decree, that in all the dominion of my kingdom men tremble and fear before the God of Dani'el; for Elohim is the living Elohim, and steadfast forever, Elohim’s reign shall not be destroyed; and Elohim’s dominion shall be even to the end.	Elohim delivers and rescues, and Elohim works signs and wonders in heaven and in earth, who has delivered Dani'el from the power of the lions.
Daniel 7:14	Daniel	7	14	2	kingdom|kingdom	no	no	yes	I saw in the night visions, and behold, there came with the clouds of the sky one like a child of humanity, and he came even to the ancient of days, and they brought him near before him.	There was given him dominion, and glory, and a kingdom, that all the peoples, nations, and languages should serve him: his dominion is an everlasting dominion, which shall not pass away, and his kingdom that which shall not be destroyed.	As for me, Dani'el, my spirit was grieved in the midst of my body, and the visions of my head troubled me.
Daniel 7:18	Daniel	7	18	2	kingdom|kingdom	yes	yes	yes	These great animals, which are four, are four kings, who shall arise out of the earth.	But the saints of the Most High shall receive the kingdom, and possess the kingdom forever, even forever and ever.	Then I desired to know the truth concerning the fourth animal, which was diverse from all of them, exceedingly terrible, whose teeth were of iron, and its nails of brass; which devoured, broke in pieces, and stamped the residue with its feet;
Daniel 7:22	Daniel	7	22	1	kingdom	yes	yes	yes	I saw, and the same horn made war with the saints, and prevailed against them;	until the ancient of days came, and judgment was given to the saints of the Most High, and the time came that the saints possessed the kingdom.	Thus he said, The fourth animal shall be a fourth kingdom on earth, which shall be diverse from all the kingdoms, and shall devour the whole earth, and shall tread it down, and break it in pieces.
Daniel 7:23	Daniel	7	23	2	kingdom|kingdoms	no	yes	yes	until the ancient of days came, and judgment was given to the saints of the Most High, and the time came that the saints possessed the kingdom.	Thus he said, The fourth animal shall be a fourth kingdom on earth, which shall be diverse from all the kingdoms, and shall devour the whole earth, and shall tread it down, and break it in pieces.	As for the ten horns, out of this kingdom shall ten kings arise: and another shall arise after them; and he shall be diverse from the former, and he shall put down three kings.
Daniel 7:24	Daniel	7	24	1	kingdom	no	yes	yes	Thus he said, The fourth animal shall be a fourth kingdom on earth, which shall be diverse from all the kingdoms, and shall devour the whole earth, and shall tread it down, and break it in pieces.	As for the ten horns, out of this kingdom shall ten kings arise: and another shall arise after them; and he shall be diverse from the former, and he shall put down three kings.	He shall speak words against the Most High, and shall wear out the saints of the Most High; and he shall think to change the times and the law; and they shall be given into his hand until a time and times and half a time.
Daniel 7:27	Daniel	7	27	4	kingdom|kingdoms|kingdom|kingdom	yes	yes	yes	But the judgment shall be set, and they shall take away his dominion, to consume and to destroy it to the end.	The kingdom and the dominion, and the greatness of the kingdoms under the whole sky, shall be given to the people of the saints of the Most High: their kingdom is an everlasting kingdom, and all dominions shall serve and obey them.	Here is the end of the matter. As for me, Dani'el, my thoughts much troubled me, and my face was changed in me: but I kept the matter in my heart.
Daniel 8:22	Daniel	8	22	1	kingdoms	no	no	no	The rough male goat is the king of Yavan: and the great horn that is between his eyes is the first king.	As for that which was broken, in the place where four stood up, four kingdoms shall stand up out of the nation, but not with his power.	In the latter time of their kingdom, when the transgressors are come to the full, a king of fierce face, and understanding dark sentences, shall stand up.
Daniel 8:23	Daniel	8	23	1	kingdom	no	no	no	As for that which was broken, in the place where four stood up, four kingdoms shall stand up out of the nation, but not with his power.	In the latter time of their kingdom, when the transgressors are come to the full, a king of fierce face, and understanding dark sentences, shall stand up.	His power shall be mighty, but not by his own power; and he shall destroy wonderfully, and shall prosper and do [his pleasure]; and he shall destroy the mighty ones and the holy people.
Daniel 10:13	Daniel	10	13	1	kingdom	no	yes	no	Then said he to me, Don't be afraid, Dani'el; for from the first day that you did set your heart to understand, and to humble yourself before your God, your words were heard: and I am come for your words' sake.	But the prince of the kingdom of Paras withstood me twenty-one days; but, behold, Mikha'el, one of the chief princes, came to help me: and I remained there with the kings of Paras.	Now I have come to make you understand what shall happen to your people in the latter days; for the vision is yet for [many] days:
Daniel 11:4	Daniel	11	4	2	kingdom|kingdom	no	no	yes	A mighty king shall stand up, who shall rule with great dominion, and do according to his will.	When he shall stand up, his kingdom shall be broken, and shall be divided toward the four winds of the sky, but not to his posterity, nor according to his dominion with which he ruled; for his kingdom shall be plucked up, even for others besides these.	The king of the south shall be strong, and [one] of his princes; and he shall be strong above him, and have dominion; his dominion shall be a great dominion.
Daniel 11:17	Daniel	11	17	1	kingdom	no	no	no	But the one who comes against him shall do according to their own will, and none shall stand before him; and he shall stand in the glorious land, and in his hand shall be destruction.	He shall set his face to come with the strength of his whole kingdom, and with him equitable conditions; and he shall perform them: and he shall give him the daughter of women, to corrupt her; but she shall not stand, neither be for him.	After this shall he turn his face to the islands, and shall take many: but a prince shall cause the reproach offered by him to cease; yes, moreover, he shall cause his reproach to turn on him.
Daniel 11:20	Daniel	11	20	1	kingdom	no	no	no	Then he shall turn his face toward the fortresses of his own land; but he shall stumble and fall, and shall not be found.	Then shall stand up in their place one who shall cause a tax collector to pass through the kingdom to maintain its glory; but within few days he shall be destroyed, neither in anger, nor in battle.	In his place shall stand up a contemptible person, to whom they had not given the honor of the kingdom: but he shall come in time of security, and shall obtain the kingdom by flatteries.
Daniel 11:21	Daniel	11	21	2	kingdom|kingdom	no	no	no	Then shall stand up in their place one who shall cause a tax collector to pass through the kingdom to maintain its glory; but within few days he shall be destroyed, neither in anger, nor in battle.	In his place shall stand up a contemptible person, to whom they had not given the honor of the kingdom: but he shall come in time of security, and shall obtain the kingdom by flatteries.	The overwhelming forces shall be overwhelmed from before him, and shall be broken; yes, also the prince of the covenant.
Hosea 1:4	Hosea	1	4	1	kingdom	yes	yes	no	So he went and took Gomer the daughter of Diblaim; and she conceived, and bore him a son.	"YHWH said to him, ""Call his name Jezreel; for yet a little while, and I will avenge the blood of Jezreel on the house of Yehu, and will cause the kingdom of the house of Israel to cease."	"It will happen in that day that I will break the bow of Israel in the valley of Jezreel."""
Amos 6:2	Amos	6	2	1	kingdoms	no	no	no	Woe to those who are at ease in Tzion, and to those who are secure on the mountain of Shomron, the notable men of the chief of the nations, to whom the house of Israel come!	Go to Calneh, and see; and from there go to Hamath the great; then go down to Gath of the Philistines. are they better than these kingdoms? or is their border greater than your border?	Those who put far away the day of trouble, and cause the seat of violence to come near;
Amos 9:8	Amos	9	8	1	kingdom	yes	yes	no	"Are you not like the children of the Ethiopians to me, children of Israel?"" says YHWH. ""Haven't I brought up Israel out of the land of Mitzrayim, and the Philistines from Caphtor, and the Syrians from Kir?"	"Behold, the eyes of YHWH God are on the sinful kingdom, and I will destroy it from off the surface of the earth; except that I will not utterly destroy the house of Ya'akov,"" says YHWH."	"""For, behold, I will command, and I will sift the house of Israel among all the nations, as grain is sifted in a sieve, yet not the least kernel will fall on the earth."
Micah 4:8	Micah	4	8	1	kingdom	no	yes	yes	"and I will make that which was lame a remnant, and that which was cast far off a strong nation: and YHWH will reign over them on Har Tzion from then on, even forever."""	You, tower of the flock, the hill of the daughter of Tzion, to you it will come, yes, the former dominion will come, the kingdom of the daughter of Yerushalayim.	Now why do you cry out aloud? Is there no king in you? Has your counselor perished, that pains have taken hold of you as of a woman in travail?
Nahum 3:5	Nahum	3	5	1	kingdoms	yes	yes	no	because of the multitude of the prostitution of the alluring prostitute, the mistress of witchcraft, who sells nations through her prostitution, and families through her witchcraft.	"""Behold, I am against you,"" says YHWH of Armies, ""and I will lift your skirts over your face. I will show the nations your nakedness, and the kingdoms your shame."	I will throw abominable filth on you, and make you vile, and will set you a spectacle.
Zephaniah 3:8	Zephaniah	3	8	1	kingdoms	yes	yes	no	"I said, ""Just revere me. Receive correction, so that her dwelling won't be cut off, according to all that I have appointed concerning her."" But they rose early and corrupted all their doings."	"""Therefore wait for me,"" says YHWH, ""until the day that I rise up to the prey, for my determination is to gather the nations, that I may assemble the kingdoms, to pour on them my indignation, even all my fierce anger, for all the earth will be devoured with the fire of my jealousy."	For then I will purify the lips of the peoples, that they may all call on the name of YHWH, to serve YHWH shoulder to shoulder.
Haggai 2:22	Haggai	2	22	2	kingdoms|kingdoms	no	yes	yes	"""Speak to Zerubavel, governor of Yehudah, saying, 'I will shake the heavens and the earth."	I will overthrow the throne of kingdoms. I will destroy the strength of the kingdoms of the nations. I will overthrow the chariots, and those who ride in them. The horses and their riders will come down, everyone by the sword of their brother.	"In that day, says YHWH of Armies, will I take you, Zerubavel, my servant, the son of She'altiel,' says YHWH, 'and will make you as a signet, for I have chosen you,' says YHWH of Armies."""
Matthew 4:8	Matthew	4	8	1	kingdoms	no	yes	no	"Yeshua said to him, ""Again, it is written, 'You shall not test YHWH your God.'"""	Again, the Slanderer took him to an exceedingly high mountain, and showed him all the kingdoms of the world, and their glory.	"He said to him, ""I will give you all of these things, if you will fall down and worship me."""
Luke 4:5	Luke	4	5	1	kingdoms	no	yes	no	"Yeshua answered him, saying, ""It is written, 'A person shall not live by bread alone, but by every word of Elohim.'"""	The Slanderer, leading him up on a high mountain, showed him all the kingdoms of the world in a moment of time.	"The Slanderer said to him, ""I will give you all this authority, and their glory, for it has been delivered to me; and I give it to whomever I want."
Hebrews 11:33	Hebrews	11	33	1	kingdoms	no	no	no	What more shall I say? For the time would fail me if I told of Gid'on, Barak, Shimshon, Jephthah, Dawid, Shmuel, and the prophets;	who, through faith subdued kingdoms, worked out righteousness, obtained promises, stopped the mouths of lions,	quenched the power of fire, escaped the edge of the sword, from weakness were made strong, grew mighty in war, and caused foreign armies to flee.
